
*** Running vivado
    with args -log crypto_soc_artyz7_crypto_engine_v1_0_0_4.vds -m64 -product Vivado -mode batch -messageDb vivado.pb -notrace -source crypto_soc_artyz7_crypto_engine_v1_0_0_4.tcl


****** Vivado v2023.2 (64-bit)
  **** SW Build 4029153 on Fri Oct 13 20:13:54 MDT 2023
  **** IP Build 4028589 on Sat Oct 14 00:45:43 MDT 2023
  **** SharedData Build 4025554 on Tue Oct 10 17:18:54 MDT 2023
    ** Copyright 1986-2022 Xilinx, Inc. All Rights Reserved.
    ** Copyright 2022-2023 Advanced Micro Devices, Inc. All Rights Reserved.

source crypto_soc_artyz7_crypto_engine_v1_0_0_4.tcl -notrace
create_project: Time (s): cpu = 00:00:07 ; elapsed = 00:00:08 . Memory (MB): peak = 1271.098 ; gain = 12.902 ; free physical = 150 ; free virtual = 1760
INFO: [IP_Flow 19-234] Refreshing IP repositories
INFO: [IP_Flow 19-1700] Loaded user IP repository '/home/vinhphat-josh/Repos/Chaos_Based_Symmetric_Image_Encryption/vivado/ip_repo'.
INFO: [IP_Flow 19-2313] Loaded Vivado IP repository '/tools/Xilinx/Vivado/2023.2/data/ip'.
INFO: [IP_Flow 19-6924] IPCACHE: Running cache check for IP inst: crypto_soc_artyz7_crypto_engine_v1_0_0_4
Command: synth_design -top crypto_soc_artyz7_crypto_engine_v1_0_0_4 -part xc7z020clg400-1 -incremental_mode off -mode out_of_context
Starting synth_design
Attempting to get a license for feature 'Synthesis' and/or device 'xc7z020'
INFO: [Common 17-349] Got license for feature 'Synthesis' and/or device 'xc7z020'
INFO: [Device 21-403] Loading part xc7z020clg400-1
INFO: [Synth 8-7079] Multithreading enabled for synth_design using a maximum of 4 processes.
INFO: [Synth 8-7078] Launching helper process for spawning children vivado processes
INFO: [Synth 8-7075] Helper process launched with PID 42304
---------------------------------------------------------------------------------
Starting RTL Elaboration : Time (s): cpu = 00:00:18 ; elapsed = 00:00:46 . Memory (MB): peak = 2042.188 ; gain = 403.715 ; free physical = 2219 ; free virtual = 4248
---------------------------------------------------------------------------------
INFO: [Synth 8-6157] synthesizing module 'crypto_soc_artyz7_crypto_engine_v1_0_0_4' [/home/vinhphat-josh/Repos/Chaos_Based_Symmetric_Image_Encryption/vivado/Chaos_Based_Symmetric_Image_Encryptio_arty_z7/Chaos_Based_Symmetric_Image_Encryptio_arty_z7.gen/sources_1/bd/crypto_soc_artyz7/ip/crypto_soc_artyz7_crypto_engine_v1_0_0_4/synth/crypto_soc_artyz7_crypto_engine_v1_0_0_4.v:53]
INFO: [Synth 8-6157] synthesizing module 'crypto_engine_v1_0' [/home/vinhphat-josh/Repos/Chaos_Based_Symmetric_Image_Encryption/vivado/Chaos_Based_Symmetric_Image_Encryptio_arty_z7/Chaos_Based_Symmetric_Image_Encryptio_arty_z7.gen/sources_1/bd/crypto_soc_artyz7/ipshared/2973/crypto_engine_arty_z7/crypto_engine_arty_z7.srcs/sources_1/imports/src/chaos_cryptor_v1_0.v:3]
INFO: [Synth 8-6157] synthesizing module 'crypto_engine_v1_0_S00_AXI' [/home/vinhphat-josh/Repos/Chaos_Based_Symmetric_Image_Encryption/vivado/Chaos_Based_Symmetric_Image_Encryptio_arty_z7/Chaos_Based_Symmetric_Image_Encryptio_arty_z7.gen/sources_1/bd/crypto_soc_artyz7/ipshared/2973/crypto_engine_arty_z7/crypto_engine_arty_z7.srcs/sources_1/imports/src/chaos_cryptor_v1_0_S00_AXI.v:4]
INFO: [Synth 8-226] default block is never used [/home/vinhphat-josh/Repos/Chaos_Based_Symmetric_Image_Encryption/vivado/Chaos_Based_Symmetric_Image_Encryptio_arty_z7/Chaos_Based_Symmetric_Image_Encryptio_arty_z7.gen/sources_1/bd/crypto_soc_artyz7/ipshared/2973/crypto_engine_arty_z7/crypto_engine_arty_z7.srcs/sources_1/imports/src/chaos_cryptor_v1_0_S00_AXI.v:660]
INFO: [Synth 8-6157] synthesizing module 'crypto_engine_core' [/home/vinhphat-josh/Repos/Chaos_Based_Symmetric_Image_Encryption/vivado/Chaos_Based_Symmetric_Image_Encryptio_arty_z7/Chaos_Based_Symmetric_Image_Encryptio_arty_z7.gen/sources_1/bd/crypto_soc_artyz7/ipshared/2973/crypto_engine_arty_z7/crypto_engine_arty_z7.srcs/sources_1/imports/src/Crypto_Engine.v:1]
INFO: [Synth 8-6157] synthesizing module 'controller' [/home/vinhphat-josh/Repos/Chaos_Based_Symmetric_Image_Encryption/vivado/Chaos_Based_Symmetric_Image_Encryptio_arty_z7/Chaos_Based_Symmetric_Image_Encryptio_arty_z7.gen/sources_1/bd/crypto_soc_artyz7/ipshared/2973/crypto_engine_arty_z7/crypto_engine_arty_z7.srcs/sources_1/imports/src/controller.sv:1]
INFO: [Synth 8-6155] done synthesizing module 'controller' (0#1) [/home/vinhphat-josh/Repos/Chaos_Based_Symmetric_Image_Encryption/vivado/Chaos_Based_Symmetric_Image_Encryptio_arty_z7/Chaos_Based_Symmetric_Image_Encryptio_arty_z7.gen/sources_1/bd/crypto_soc_artyz7/ipshared/2973/crypto_engine_arty_z7/crypto_engine_arty_z7.srcs/sources_1/imports/src/controller.sv:1]
INFO: [Synth 8-6157] synthesizing module 'PRNG' [/home/vinhphat-josh/Repos/Chaos_Based_Symmetric_Image_Encryption/vivado/Chaos_Based_Symmetric_Image_Encryptio_arty_z7/Chaos_Based_Symmetric_Image_Encryptio_arty_z7.gen/sources_1/bd/crypto_soc_artyz7/ipshared/2973/crypto_engine_arty_z7/crypto_engine_arty_z7.srcs/sources_1/imports/src/PRNG.v:1]
INFO: [Synth 8-6157] synthesizing module 'floating_point_mul' [/home/vinhphat-josh/Repos/Chaos_Based_Symmetric_Image_Encryption/vivado/Chaos_Based_Symmetric_Image_Encryptio_arty_z7/Chaos_Based_Symmetric_Image_Encryptio_arty_z7.gen/sources_1/bd/crypto_soc_artyz7/ip/crypto_soc_artyz7_crypto_engine_v1_0_0_4/crypto_engine_arty_z7/crypto_engine_arty_z7.srcs/sources_1/ip/floating_point_mul/synth/floating_point_mul.v:53]
INFO: [Synth 8-6157] synthesizing module 'LUT1' [/tools/Xilinx/Vivado/2023.2/scripts/rt/data/unisim_comp.v:81293]
INFO: [Synth 8-6155] done synthesizing module 'LUT1' (0#1) [/tools/Xilinx/Vivado/2023.2/scripts/rt/data/unisim_comp.v:81293]
INFO: [Synth 8-6155] done synthesizing module 'floating_point_mul' (0#1) [/home/vinhphat-josh/Repos/Chaos_Based_Symmetric_Image_Encryption/vivado/Chaos_Based_Symmetric_Image_Encryptio_arty_z7/Chaos_Based_Symmetric_Image_Encryptio_arty_z7.gen/sources_1/bd/crypto_soc_artyz7/ip/crypto_soc_artyz7_crypto_engine_v1_0_0_4/crypto_engine_arty_z7/crypto_engine_arty_z7.srcs/sources_1/ip/floating_point_mul/synth/floating_point_mul.v:53]
INFO: [Synth 8-6157] synthesizing module 'sawtooth' [/home/vinhphat-josh/Repos/Chaos_Based_Symmetric_Image_Encryption/vivado/Chaos_Based_Symmetric_Image_Encryptio_arty_z7/Chaos_Based_Symmetric_Image_Encryptio_arty_z7.gen/sources_1/bd/crypto_soc_artyz7/ipshared/2973/crypto_engine_arty_z7/crypto_engine_arty_z7.srcs/sources_1/imports/src/sawtooth.v:1]
INFO: [Synth 8-6157] synthesizing module 'floating_point_div' [/home/vinhphat-josh/Repos/Chaos_Based_Symmetric_Image_Encryption/vivado/Chaos_Based_Symmetric_Image_Encryptio_arty_z7/Chaos_Based_Symmetric_Image_Encryptio_arty_z7.gen/sources_1/bd/crypto_soc_artyz7/ip/crypto_soc_artyz7_crypto_engine_v1_0_0_4/crypto_engine_arty_z7/crypto_engine_arty_z7.srcs/sources_1/ip/floating_point_div/synth/floating_point_div.v:53]
INFO: [Synth 8-6155] done synthesizing module 'floating_point_div' (0#1) [/home/vinhphat-josh/Repos/Chaos_Based_Symmetric_Image_Encryption/vivado/Chaos_Based_Symmetric_Image_Encryptio_arty_z7/Chaos_Based_Symmetric_Image_Encryptio_arty_z7.gen/sources_1/bd/crypto_soc_artyz7/ip/crypto_soc_artyz7_crypto_engine_v1_0_0_4/crypto_engine_arty_z7/crypto_engine_arty_z7.srcs/sources_1/ip/floating_point_div/synth/floating_point_div.v:53]
INFO: [Synth 8-6157] synthesizing module 'floating_point_add' [/home/vinhphat-josh/Repos/Chaos_Based_Symmetric_Image_Encryption/vivado/Chaos_Based_Symmetric_Image_Encryptio_arty_z7/Chaos_Based_Symmetric_Image_Encryptio_arty_z7.gen/sources_1/bd/crypto_soc_artyz7/ip/crypto_soc_artyz7_crypto_engine_v1_0_0_4/crypto_engine_arty_z7/crypto_engine_arty_z7.srcs/sources_1/ip/floating_point_add/synth/floating_point_add.v:53]
INFO: [Synth 8-6155] done synthesizing module 'floating_point_add' (0#1) [/home/vinhphat-josh/Repos/Chaos_Based_Symmetric_Image_Encryption/vivado/Chaos_Based_Symmetric_Image_Encryptio_arty_z7/Chaos_Based_Symmetric_Image_Encryptio_arty_z7.gen/sources_1/bd/crypto_soc_artyz7/ip/crypto_soc_artyz7_crypto_engine_v1_0_0_4/crypto_engine_arty_z7/crypto_engine_arty_z7.srcs/sources_1/ip/floating_point_add/synth/floating_point_add.v:53]
INFO: [Synth 8-6155] done synthesizing module 'sawtooth' (0#1) [/home/vinhphat-josh/Repos/Chaos_Based_Symmetric_Image_Encryption/vivado/Chaos_Based_Symmetric_Image_Encryptio_arty_z7/Chaos_Based_Symmetric_Image_Encryptio_arty_z7.gen/sources_1/bd/crypto_soc_artyz7/ipshared/2973/crypto_engine_arty_z7/crypto_engine_arty_z7.srcs/sources_1/imports/src/sawtooth.v:1]
INFO: [Synth 8-6157] synthesizing module 'affine_transform' [/home/vinhphat-josh/Repos/Chaos_Based_Symmetric_Image_Encryption/vivado/Chaos_Based_Symmetric_Image_Encryptio_arty_z7/Chaos_Based_Symmetric_Image_Encryptio_arty_z7.gen/sources_1/bd/crypto_soc_artyz7/ipshared/2973/crypto_engine_arty_z7/crypto_engine_arty_z7.srcs/sources_1/imports/src/affine_transform.v:1]
INFO: [Synth 8-6155] done synthesizing module 'affine_transform' (0#1) [/home/vinhphat-josh/Repos/Chaos_Based_Symmetric_Image_Encryption/vivado/Chaos_Based_Symmetric_Image_Encryptio_arty_z7/Chaos_Based_Symmetric_Image_Encryptio_arty_z7.gen/sources_1/bd/crypto_soc_artyz7/ipshared/2973/crypto_engine_arty_z7/crypto_engine_arty_z7.srcs/sources_1/imports/src/affine_transform.v:1]
INFO: [Synth 8-6155] done synthesizing module 'PRNG' (0#1) [/home/vinhphat-josh/Repos/Chaos_Based_Symmetric_Image_Encryption/vivado/Chaos_Based_Symmetric_Image_Encryptio_arty_z7/Chaos_Based_Symmetric_Image_Encryptio_arty_z7.gen/sources_1/bd/crypto_soc_artyz7/ipshared/2973/crypto_engine_arty_z7/crypto_engine_arty_z7.srcs/sources_1/imports/src/PRNG.v:1]
INFO: [Synth 8-6157] synthesizing module 'sbox_generator' [/home/vinhphat-josh/Repos/Chaos_Based_Symmetric_Image_Encryption/vivado/Chaos_Based_Symmetric_Image_Encryptio_arty_z7/Chaos_Based_Symmetric_Image_Encryptio_arty_z7.gen/sources_1/bd/crypto_soc_artyz7/ipshared/2973/crypto_engine_arty_z7/crypto_engine_arty_z7.srcs/sources_1/imports/src/sbox_generator.v:1]
INFO: [Synth 8-6157] synthesizing module 'extractor' [/home/vinhphat-josh/Repos/Chaos_Based_Symmetric_Image_Encryption/vivado/Chaos_Based_Symmetric_Image_Encryptio_arty_z7/Chaos_Based_Symmetric_Image_Encryptio_arty_z7.gen/sources_1/bd/crypto_soc_artyz7/ipshared/2973/crypto_engine_arty_z7/crypto_engine_arty_z7.srcs/sources_1/imports/src/extractor.v:1]
INFO: [Synth 8-6155] done synthesizing module 'extractor' (0#1) [/home/vinhphat-josh/Repos/Chaos_Based_Symmetric_Image_Encryption/vivado/Chaos_Based_Symmetric_Image_Encryptio_arty_z7/Chaos_Based_Symmetric_Image_Encryptio_arty_z7.gen/sources_1/bd/crypto_soc_artyz7/ipshared/2973/crypto_engine_arty_z7/crypto_engine_arty_z7.srcs/sources_1/imports/src/extractor.v:1]
INFO: [Synth 8-6157] synthesizing module 'mixer' [/home/vinhphat-josh/Repos/Chaos_Based_Symmetric_Image_Encryption/vivado/Chaos_Based_Symmetric_Image_Encryptio_arty_z7/Chaos_Based_Symmetric_Image_Encryptio_arty_z7.gen/sources_1/bd/crypto_soc_artyz7/ipshared/2973/crypto_engine_arty_z7/crypto_engine_arty_z7.srcs/sources_1/imports/src/mixer.v:1]
INFO: [Synth 8-6155] done synthesizing module 'mixer' (0#1) [/home/vinhphat-josh/Repos/Chaos_Based_Symmetric_Image_Encryption/vivado/Chaos_Based_Symmetric_Image_Encryptio_arty_z7/Chaos_Based_Symmetric_Image_Encryptio_arty_z7.gen/sources_1/bd/crypto_soc_artyz7/ipshared/2973/crypto_engine_arty_z7/crypto_engine_arty_z7.srcs/sources_1/imports/src/mixer.v:1]
INFO: [Synth 8-6155] done synthesizing module 'sbox_generator' (0#1) [/home/vinhphat-josh/Repos/Chaos_Based_Symmetric_Image_Encryption/vivado/Chaos_Based_Symmetric_Image_Encryptio_arty_z7/Chaos_Based_Symmetric_Image_Encryptio_arty_z7.gen/sources_1/bd/crypto_soc_artyz7/ipshared/2973/crypto_engine_arty_z7/crypto_engine_arty_z7.srcs/sources_1/imports/src/sbox_generator.v:1]
INFO: [Synth 8-6157] synthesizing module 'key_generator' [/home/vinhphat-josh/Repos/Chaos_Based_Symmetric_Image_Encryption/vivado/Chaos_Based_Symmetric_Image_Encryptio_arty_z7/Chaos_Based_Symmetric_Image_Encryptio_arty_z7.gen/sources_1/bd/crypto_soc_artyz7/ipshared/2973/crypto_engine_arty_z7/crypto_engine_arty_z7.srcs/sources_1/imports/src/key_generator.v:1]
INFO: [Synth 8-6157] synthesizing module 'subbytes' [/home/vinhphat-josh/Repos/Chaos_Based_Symmetric_Image_Encryption/vivado/Chaos_Based_Symmetric_Image_Encryptio_arty_z7/Chaos_Based_Symmetric_Image_Encryptio_arty_z7.gen/sources_1/bd/crypto_soc_artyz7/ipshared/2973/crypto_engine_arty_z7/crypto_engine_arty_z7.srcs/sources_1/imports/src/subbytes.v:1]
INFO: [Synth 8-6155] done synthesizing module 'subbytes' (0#1) [/home/vinhphat-josh/Repos/Chaos_Based_Symmetric_Image_Encryption/vivado/Chaos_Based_Symmetric_Image_Encryptio_arty_z7/Chaos_Based_Symmetric_Image_Encryptio_arty_z7.gen/sources_1/bd/crypto_soc_artyz7/ipshared/2973/crypto_engine_arty_z7/crypto_engine_arty_z7.srcs/sources_1/imports/src/subbytes.v:1]
INFO: [Synth 8-6155] done synthesizing module 'key_generator' (0#1) [/home/vinhphat-josh/Repos/Chaos_Based_Symmetric_Image_Encryption/vivado/Chaos_Based_Symmetric_Image_Encryptio_arty_z7/Chaos_Based_Symmetric_Image_Encryptio_arty_z7.gen/sources_1/bd/crypto_soc_artyz7/ipshared/2973/crypto_engine_arty_z7/crypto_engine_arty_z7.srcs/sources_1/imports/src/key_generator.v:1]
INFO: [Synth 8-6157] synthesizing module 'CTR_feistel_encrypt' [/home/vinhphat-josh/Repos/Chaos_Based_Symmetric_Image_Encryption/vivado/Chaos_Based_Symmetric_Image_Encryptio_arty_z7/Chaos_Based_Symmetric_Image_Encryptio_arty_z7.gen/sources_1/bd/crypto_soc_artyz7/ipshared/2973/crypto_engine_arty_z7/crypto_engine_arty_z7.srcs/sources_1/imports/src/CTR_mode_feistel_encrypt.v:1]
INFO: [Synth 8-6157] synthesizing module 'feistel_encrypt' [/home/vinhphat-josh/Repos/Chaos_Based_Symmetric_Image_Encryption/vivado/Chaos_Based_Symmetric_Image_Encryptio_arty_z7/Chaos_Based_Symmetric_Image_Encryptio_arty_z7.gen/sources_1/bd/crypto_soc_artyz7/ipshared/2973/crypto_engine_arty_z7/crypto_engine_arty_z7.srcs/sources_1/imports/src/feistel_encrypt.v:1]
INFO: [Synth 8-6157] synthesizing module 'F' [/home/vinhphat-josh/Repos/Chaos_Based_Symmetric_Image_Encryption/vivado/Chaos_Based_Symmetric_Image_Encryptio_arty_z7/Chaos_Based_Symmetric_Image_Encryptio_arty_z7.gen/sources_1/bd/crypto_soc_artyz7/ipshared/2973/crypto_engine_arty_z7/crypto_engine_arty_z7.srcs/sources_1/imports/src/F.v:1]
INFO: [Synth 8-6157] synthesizing module 'shiftrows' [/home/vinhphat-josh/Repos/Chaos_Based_Symmetric_Image_Encryption/vivado/Chaos_Based_Symmetric_Image_Encryptio_arty_z7/Chaos_Based_Symmetric_Image_Encryptio_arty_z7.gen/sources_1/bd/crypto_soc_artyz7/ipshared/2973/crypto_engine_arty_z7/crypto_engine_arty_z7.srcs/sources_1/imports/src/shiftrows.v:1]
INFO: [Synth 8-6155] done synthesizing module 'shiftrows' (0#1) [/home/vinhphat-josh/Repos/Chaos_Based_Symmetric_Image_Encryption/vivado/Chaos_Based_Symmetric_Image_Encryptio_arty_z7/Chaos_Based_Symmetric_Image_Encryptio_arty_z7.gen/sources_1/bd/crypto_soc_artyz7/ipshared/2973/crypto_engine_arty_z7/crypto_engine_arty_z7.srcs/sources_1/imports/src/shiftrows.v:1]
INFO: [Synth 8-6157] synthesizing module 'mixcolumns' [/home/vinhphat-josh/Repos/Chaos_Based_Symmetric_Image_Encryption/vivado/Chaos_Based_Symmetric_Image_Encryptio_arty_z7/Chaos_Based_Symmetric_Image_Encryptio_arty_z7.gen/sources_1/bd/crypto_soc_artyz7/ipshared/2973/crypto_engine_arty_z7/crypto_engine_arty_z7.srcs/sources_1/imports/src/mixcolumns.v:1]
INFO: [Synth 8-6155] done synthesizing module 'mixcolumns' (0#1) [/home/vinhphat-josh/Repos/Chaos_Based_Symmetric_Image_Encryption/vivado/Chaos_Based_Symmetric_Image_Encryptio_arty_z7/Chaos_Based_Symmetric_Image_Encryptio_arty_z7.gen/sources_1/bd/crypto_soc_artyz7/ipshared/2973/crypto_engine_arty_z7/crypto_engine_arty_z7.srcs/sources_1/imports/src/mixcolumns.v:1]
INFO: [Synth 8-6157] synthesizing module 'addroundkey' [/home/vinhphat-josh/Repos/Chaos_Based_Symmetric_Image_Encryption/vivado/Chaos_Based_Symmetric_Image_Encryptio_arty_z7/Chaos_Based_Symmetric_Image_Encryptio_arty_z7.gen/sources_1/bd/crypto_soc_artyz7/ipshared/2973/crypto_engine_arty_z7/crypto_engine_arty_z7.srcs/sources_1/imports/src/addroundkey.v:1]
INFO: [Synth 8-6155] done synthesizing module 'addroundkey' (0#1) [/home/vinhphat-josh/Repos/Chaos_Based_Symmetric_Image_Encryption/vivado/Chaos_Based_Symmetric_Image_Encryptio_arty_z7/Chaos_Based_Symmetric_Image_Encryptio_arty_z7.gen/sources_1/bd/crypto_soc_artyz7/ipshared/2973/crypto_engine_arty_z7/crypto_engine_arty_z7.srcs/sources_1/imports/src/addroundkey.v:1]
INFO: [Synth 8-6155] done synthesizing module 'F' (0#1) [/home/vinhphat-josh/Repos/Chaos_Based_Symmetric_Image_Encryption/vivado/Chaos_Based_Symmetric_Image_Encryptio_arty_z7/Chaos_Based_Symmetric_Image_Encryptio_arty_z7.gen/sources_1/bd/crypto_soc_artyz7/ipshared/2973/crypto_engine_arty_z7/crypto_engine_arty_z7.srcs/sources_1/imports/src/F.v:1]
INFO: [Synth 8-6155] done synthesizing module 'feistel_encrypt' (0#1) [/home/vinhphat-josh/Repos/Chaos_Based_Symmetric_Image_Encryption/vivado/Chaos_Based_Symmetric_Image_Encryptio_arty_z7/Chaos_Based_Symmetric_Image_Encryptio_arty_z7.gen/sources_1/bd/crypto_soc_artyz7/ipshared/2973/crypto_engine_arty_z7/crypto_engine_arty_z7.srcs/sources_1/imports/src/feistel_encrypt.v:1]
INFO: [Synth 8-6155] done synthesizing module 'CTR_feistel_encrypt' (0#1) [/home/vinhphat-josh/Repos/Chaos_Based_Symmetric_Image_Encryption/vivado/Chaos_Based_Symmetric_Image_Encryptio_arty_z7/Chaos_Based_Symmetric_Image_Encryptio_arty_z7.gen/sources_1/bd/crypto_soc_artyz7/ipshared/2973/crypto_engine_arty_z7/crypto_engine_arty_z7.srcs/sources_1/imports/src/CTR_mode_feistel_encrypt.v:1]
INFO: [Synth 8-6155] done synthesizing module 'crypto_engine_core' (0#1) [/home/vinhphat-josh/Repos/Chaos_Based_Symmetric_Image_Encryption/vivado/Chaos_Based_Symmetric_Image_Encryptio_arty_z7/Chaos_Based_Symmetric_Image_Encryptio_arty_z7.gen/sources_1/bd/crypto_soc_artyz7/ipshared/2973/crypto_engine_arty_z7/crypto_engine_arty_z7.srcs/sources_1/imports/src/Crypto_Engine.v:1]
INFO: [Synth 8-6155] done synthesizing module 'crypto_engine_v1_0_S00_AXI' (0#1) [/home/vinhphat-josh/Repos/Chaos_Based_Symmetric_Image_Encryption/vivado/Chaos_Based_Symmetric_Image_Encryptio_arty_z7/Chaos_Based_Symmetric_Image_Encryptio_arty_z7.gen/sources_1/bd/crypto_soc_artyz7/ipshared/2973/crypto_engine_arty_z7/crypto_engine_arty_z7.srcs/sources_1/imports/src/chaos_cryptor_v1_0_S00_AXI.v:4]
INFO: [Synth 8-6155] done synthesizing module 'crypto_engine_v1_0' (0#1) [/home/vinhphat-josh/Repos/Chaos_Based_Symmetric_Image_Encryption/vivado/Chaos_Based_Symmetric_Image_Encryptio_arty_z7/Chaos_Based_Symmetric_Image_Encryptio_arty_z7.gen/sources_1/bd/crypto_soc_artyz7/ipshared/2973/crypto_engine_arty_z7/crypto_engine_arty_z7.srcs/sources_1/imports/src/chaos_cryptor_v1_0.v:3]
INFO: [Synth 8-6155] done synthesizing module 'crypto_soc_artyz7_crypto_engine_v1_0_0_4' (0#1) [/home/vinhphat-josh/Repos/Chaos_Based_Symmetric_Image_Encryption/vivado/Chaos_Based_Symmetric_Image_Encryptio_arty_z7/Chaos_Based_Symmetric_Image_Encryptio_arty_z7.gen/sources_1/bd/crypto_soc_artyz7/ip/crypto_soc_artyz7_crypto_engine_v1_0_0_4/synth/crypto_soc_artyz7_crypto_engine_v1_0_0_4.v:53]
WARNING: [Synth 8-7129] Port key_valid in module feistel_encrypt is either unconnected or has no load
WARNING: [Synth 8-7129] Port ex1[22] in module mixer is either unconnected or has no load
WARNING: [Synth 8-7129] Port ex1[21] in module mixer is either unconnected or has no load
WARNING: [Synth 8-7129] Port ex1[20] in module mixer is either unconnected or has no load
WARNING: [Synth 8-7129] Port ex1[19] in module mixer is either unconnected or has no load
WARNING: [Synth 8-7129] Port ex1[18] in module mixer is either unconnected or has no load
WARNING: [Synth 8-7129] Port ex1[17] in module mixer is either unconnected or has no load
WARNING: [Synth 8-7129] Port ex1[16] in module mixer is either unconnected or has no load
WARNING: [Synth 8-7129] Port ex1[15] in module mixer is either unconnected or has no load
WARNING: [Synth 8-7129] Port ex1[14] in module mixer is either unconnected or has no load
WARNING: [Synth 8-7129] Port ex1[13] in module mixer is either unconnected or has no load
WARNING: [Synth 8-7129] Port ex1[12] in module mixer is either unconnected or has no load
WARNING: [Synth 8-7129] Port ex1[11] in module mixer is either unconnected or has no load
WARNING: [Synth 8-7129] Port ex1[10] in module mixer is either unconnected or has no load
WARNING: [Synth 8-7129] Port ex1[9] in module mixer is either unconnected or has no load
WARNING: [Synth 8-7129] Port ex1[8] in module mixer is either unconnected or has no load
WARNING: [Synth 8-7129] Port ex2[22] in module mixer is either unconnected or has no load
WARNING: [Synth 8-7129] Port ex2[21] in module mixer is either unconnected or has no load
WARNING: [Synth 8-7129] Port ex2[20] in module mixer is either unconnected or has no load
WARNING: [Synth 8-7129] Port ex2[19] in module mixer is either unconnected or has no load
WARNING: [Synth 8-7129] Port ex2[18] in module mixer is either unconnected or has no load
WARNING: [Synth 8-7129] Port ex2[17] in module mixer is either unconnected or has no load
WARNING: [Synth 8-7129] Port ex2[16] in module mixer is either unconnected or has no load
WARNING: [Synth 8-7129] Port ex2[15] in module mixer is either unconnected or has no load
WARNING: [Synth 8-7129] Port ex2[14] in module mixer is either unconnected or has no load
WARNING: [Synth 8-7129] Port ex2[13] in module mixer is either unconnected or has no load
WARNING: [Synth 8-7129] Port ex2[12] in module mixer is either unconnected or has no load
WARNING: [Synth 8-7129] Port ex2[11] in module mixer is either unconnected or has no load
WARNING: [Synth 8-7129] Port ex2[10] in module mixer is either unconnected or has no load
WARNING: [Synth 8-7129] Port ex2[9] in module mixer is either unconnected or has no load
WARNING: [Synth 8-7129] Port ex2[8] in module mixer is either unconnected or has no load
WARNING: [Synth 8-7129] Port ex3[22] in module mixer is either unconnected or has no load
WARNING: [Synth 8-7129] Port ex3[21] in module mixer is either unconnected or has no load
WARNING: [Synth 8-7129] Port ex3[20] in module mixer is either unconnected or has no load
WARNING: [Synth 8-7129] Port ex3[19] in module mixer is either unconnected or has no load
WARNING: [Synth 8-7129] Port ex3[18] in module mixer is either unconnected or has no load
WARNING: [Synth 8-7129] Port ex3[17] in module mixer is either unconnected or has no load
WARNING: [Synth 8-7129] Port ex3[16] in module mixer is either unconnected or has no load
WARNING: [Synth 8-7129] Port ex3[15] in module mixer is either unconnected or has no load
WARNING: [Synth 8-7129] Port ex3[14] in module mixer is either unconnected or has no load
WARNING: [Synth 8-7129] Port ex3[13] in module mixer is either unconnected or has no load
WARNING: [Synth 8-7129] Port ex3[12] in module mixer is either unconnected or has no load
WARNING: [Synth 8-7129] Port ex3[11] in module mixer is either unconnected or has no load
WARNING: [Synth 8-7129] Port ex3[10] in module mixer is either unconnected or has no load
WARNING: [Synth 8-7129] Port ex3[9] in module mixer is either unconnected or has no load
WARNING: [Synth 8-7129] Port ex3[8] in module mixer is either unconnected or has no load
WARNING: [Synth 8-7129] Port CLK in module xbip_pipe_v3_0_7_viv__parameterized5 is either unconnected or has no load
WARNING: [Synth 8-7129] Port CE in module xbip_pipe_v3_0_7_viv__parameterized5 is either unconnected or has no load
WARNING: [Synth 8-7129] Port SCLR in module xbip_pipe_v3_0_7_viv__parameterized5 is either unconnected or has no load
WARNING: [Synth 8-7129] Port SSET in module xbip_pipe_v3_0_7_viv__parameterized5 is either unconnected or has no load
WARNING: [Synth 8-7129] Port SINIT in module xbip_pipe_v3_0_7_viv__parameterized5 is either unconnected or has no load
WARNING: [Synth 8-7129] Port CLK in module xbip_pipe_v3_0_7_viv__parameterized19 is either unconnected or has no load
WARNING: [Synth 8-7129] Port CE in module xbip_pipe_v3_0_7_viv__parameterized19 is either unconnected or has no load
WARNING: [Synth 8-7129] Port SCLR in module xbip_pipe_v3_0_7_viv__parameterized19 is either unconnected or has no load
WARNING: [Synth 8-7129] Port SSET in module xbip_pipe_v3_0_7_viv__parameterized19 is either unconnected or has no load
WARNING: [Synth 8-7129] Port SINIT in module xbip_pipe_v3_0_7_viv__parameterized19 is either unconnected or has no load
WARNING: [Synth 8-7129] Port SCLR in module xbip_pipe_v3_0_7_viv__parameterized15 is either unconnected or has no load
WARNING: [Synth 8-7129] Port SSET in module xbip_pipe_v3_0_7_viv__parameterized15 is either unconnected or has no load
WARNING: [Synth 8-7129] Port SINIT in module xbip_pipe_v3_0_7_viv__parameterized15 is either unconnected or has no load
WARNING: [Synth 8-7129] Port DEC_OP_STATE[11] in module flt_dec_op is either unconnected or has no load
WARNING: [Synth 8-7129] Port DEC_OP_STATE[10] in module flt_dec_op is either unconnected or has no load
WARNING: [Synth 8-7129] Port DEC_OP_STATE[9] in module flt_dec_op is either unconnected or has no load
WARNING: [Synth 8-7129] Port DEC_OP_STATE[8] in module flt_dec_op is either unconnected or has no load
WARNING: [Synth 8-7129] Port DIVIDE_BY_ZERO_IN in module flt_dec_op is either unconnected or has no load
WARNING: [Synth 8-7129] Port SCLR in module xbip_pipe_v3_0_7_viv__parameterized133 is either unconnected or has no load
WARNING: [Synth 8-7129] Port SSET in module xbip_pipe_v3_0_7_viv__parameterized133 is either unconnected or has no load
WARNING: [Synth 8-7129] Port SINIT in module xbip_pipe_v3_0_7_viv__parameterized133 is either unconnected or has no load
WARNING: [Synth 8-7129] Port CLK in module xbip_pipe_v3_0_7_viv__parameterized123 is either unconnected or has no load
WARNING: [Synth 8-7129] Port CE in module xbip_pipe_v3_0_7_viv__parameterized123 is either unconnected or has no load
WARNING: [Synth 8-7129] Port SCLR in module xbip_pipe_v3_0_7_viv__parameterized123 is either unconnected or has no load
WARNING: [Synth 8-7129] Port SSET in module xbip_pipe_v3_0_7_viv__parameterized123 is either unconnected or has no load
WARNING: [Synth 8-7129] Port SINIT in module xbip_pipe_v3_0_7_viv__parameterized123 is either unconnected or has no load
WARNING: [Synth 8-7129] Port B[8] in module carry_chain__parameterized9 is either unconnected or has no load
WARNING: [Synth 8-7129] Port SCLR in module xbip_pipe_v3_0_7_viv__parameterized92 is either unconnected or has no load
WARNING: [Synth 8-7129] Port SSET in module xbip_pipe_v3_0_7_viv__parameterized92 is either unconnected or has no load
WARNING: [Synth 8-7129] Port SINIT in module xbip_pipe_v3_0_7_viv__parameterized92 is either unconnected or has no load
WARNING: [Synth 8-7129] Port SCLR in module xbip_pipe_v3_0_7_viv__parameterized125 is either unconnected or has no load
WARNING: [Synth 8-7129] Port SSET in module xbip_pipe_v3_0_7_viv__parameterized125 is either unconnected or has no load
WARNING: [Synth 8-7129] Port SINIT in module xbip_pipe_v3_0_7_viv__parameterized125 is either unconnected or has no load
WARNING: [Synth 8-7129] Port CLK in module xbip_pipe_v3_0_7_viv__parameterized94 is either unconnected or has no load
WARNING: [Synth 8-7129] Port CE in module xbip_pipe_v3_0_7_viv__parameterized94 is either unconnected or has no load
WARNING: [Synth 8-7129] Port SCLR in module xbip_pipe_v3_0_7_viv__parameterized94 is either unconnected or has no load
WARNING: [Synth 8-7129] Port SSET in module xbip_pipe_v3_0_7_viv__parameterized94 is either unconnected or has no load
WARNING: [Synth 8-7129] Port SINIT in module xbip_pipe_v3_0_7_viv__parameterized94 is either unconnected or has no load
WARNING: [Synth 8-7129] Port SCLR in module xbip_pipe_v3_0_7_viv__parameterized137 is either unconnected or has no load
WARNING: [Synth 8-7129] Port SSET in module xbip_pipe_v3_0_7_viv__parameterized137 is either unconnected or has no load
WARNING: [Synth 8-7129] Port SINIT in module xbip_pipe_v3_0_7_viv__parameterized137 is either unconnected or has no load
WARNING: [Synth 8-7129] Port CLK in module xbip_pipe_v3_0_7_viv__parameterized96 is either unconnected or has no load
WARNING: [Synth 8-7129] Port CE in module xbip_pipe_v3_0_7_viv__parameterized96 is either unconnected or has no load
WARNING: [Synth 8-7129] Port SCLR in module xbip_pipe_v3_0_7_viv__parameterized96 is either unconnected or has no load
WARNING: [Synth 8-7129] Port SSET in module xbip_pipe_v3_0_7_viv__parameterized96 is either unconnected or has no load
WARNING: [Synth 8-7129] Port SINIT in module xbip_pipe_v3_0_7_viv__parameterized96 is either unconnected or has no load
WARNING: [Synth 8-7129] Port SCLR in module xbip_pipe_v3_0_7_viv__parameterized25 is either unconnected or has no load
WARNING: [Synth 8-7129] Port SSET in module xbip_pipe_v3_0_7_viv__parameterized25 is either unconnected or has no load
WARNING: [Synth 8-7129] Port SINIT in module xbip_pipe_v3_0_7_viv__parameterized25 is either unconnected or has no load
WARNING: [Synth 8-7129] Port SCLR in module xbip_pipe_v3_0_7_viv__parameterized41 is either unconnected or has no load
WARNING: [Synth 8-7129] Port SSET in module xbip_pipe_v3_0_7_viv__parameterized41 is either unconnected or has no load
WARNING: [Synth 8-7129] Port SINIT in module xbip_pipe_v3_0_7_viv__parameterized41 is either unconnected or has no load
WARNING: [Synth 8-7129] Port SCLR in module xbip_pipe_v3_0_7_viv__parameterized31 is either unconnected or has no load
WARNING: [Synth 8-7129] Port SSET in module xbip_pipe_v3_0_7_viv__parameterized31 is either unconnected or has no load
INFO: [Common 17-14] Message 'Synth 8-7129' appears 100 times and further instances of the messages will be disabled. Use the Tcl command set_msg_config to change the current settings.
---------------------------------------------------------------------------------
Finished RTL Elaboration : Time (s): cpu = 00:00:25 ; elapsed = 00:00:54 . Memory (MB): peak = 2265.125 ; gain = 626.652 ; free physical = 1976 ; free virtual = 4006
---------------------------------------------------------------------------------
---------------------------------------------------------------------------------
Start Handling Custom Attributes
---------------------------------------------------------------------------------
---------------------------------------------------------------------------------
Finished Handling Custom Attributes : Time (s): cpu = 00:00:25 ; elapsed = 00:00:54 . Memory (MB): peak = 2265.125 ; gain = 626.652 ; free physical = 1976 ; free virtual = 4005
---------------------------------------------------------------------------------
---------------------------------------------------------------------------------
Finished RTL Optimization Phase 1 : Time (s): cpu = 00:00:25 ; elapsed = 00:00:54 . Memory (MB): peak = 2265.125 ; gain = 626.652 ; free physical = 1976 ; free virtual = 4005
---------------------------------------------------------------------------------
Netlist sorting complete. Time (s): cpu = 00:00:00.69 ; elapsed = 00:00:00.69 . Memory (MB): peak = 2265.125 ; gain = 0.000 ; free physical = 1986 ; free virtual = 4029
INFO: [Netlist 29-17] Analyzing 5871 Unisim elements for replacement
INFO: [Netlist 29-28] Unisim Transformation completed in 0 CPU seconds
INFO: [Project 1-570] Preparing netlist for logic optimization

Processing XDC Constraints
Initializing timing engine
Parsing XDC File [/home/vinhphat-josh/Repos/Chaos_Based_Symmetric_Image_Encryption/vivado/Chaos_Based_Symmetric_Image_Encryptio_arty_z7/Chaos_Based_Symmetric_Image_Encryptio_arty_z7.runs/crypto_soc_artyz7_crypto_engine_v1_0_0_4_synth_1/dont_touch.xdc]
Finished Parsing XDC File [/home/vinhphat-josh/Repos/Chaos_Based_Symmetric_Image_Encryption/vivado/Chaos_Based_Symmetric_Image_Encryptio_arty_z7/Chaos_Based_Symmetric_Image_Encryptio_arty_z7.runs/crypto_soc_artyz7_crypto_engine_v1_0_0_4_synth_1/dont_touch.xdc]
Completed Processing XDC Constraints

Netlist sorting complete. Time (s): cpu = 00:00:00.02 ; elapsed = 00:00:00.02 . Memory (MB): peak = 2424.602 ; gain = 0.000 ; free physical = 1930 ; free virtual = 4007
INFO: [Project 1-111] Unisim Transformation Summary:
  A total of 228 instances were transformed.
  FDE => FDRE: 228 instances

Constraint Validation Runtime : Time (s): cpu = 00:00:03 ; elapsed = 00:00:02 . Memory (MB): peak = 2452.414 ; gain = 27.777 ; free physical = 1900 ; free virtual = 3983
INFO: [Designutils 20-5008] Incremental synthesis strategy off
---------------------------------------------------------------------------------
Finished Constraint Validation : Time (s): cpu = 00:00:45 ; elapsed = 00:01:09 . Memory (MB): peak = 2452.414 ; gain = 813.941 ; free physical = 1888 ; free virtual = 3990
---------------------------------------------------------------------------------
---------------------------------------------------------------------------------
Start Loading Part and Timing Information
---------------------------------------------------------------------------------
Loading part: xc7z020clg400-1
---------------------------------------------------------------------------------
Finished Loading Part and Timing Information : Time (s): cpu = 00:00:45 ; elapsed = 00:01:09 . Memory (MB): peak = 2452.414 ; gain = 813.941 ; free physical = 1888 ; free virtual = 3990
---------------------------------------------------------------------------------
---------------------------------------------------------------------------------
Start Applying 'set_property' XDC Constraints
---------------------------------------------------------------------------------
Applied set_property KEEP_HIERARCHY = SOFT for inst/crypto_engine_v1_0_S00_AXI_inst/my_crypto_core_inst/u_prng/\sawtooth_block[0].sawtooth_inst /div. (constraint file  auto generated constraint).
Applied set_property KEEP_HIERARCHY = SOFT for inst/crypto_engine_v1_0_S00_AXI_inst/my_crypto_core_inst/u_prng/\sawtooth_block[1].sawtooth_inst /div. (constraint file  auto generated constraint).
Applied set_property KEEP_HIERARCHY = SOFT for inst/crypto_engine_v1_0_S00_AXI_inst/my_crypto_core_inst/u_prng/\sawtooth_block[2].sawtooth_inst /div. (constraint file  auto generated constraint).
Applied set_property KEEP_HIERARCHY = SOFT for inst/crypto_engine_v1_0_S00_AXI_inst/my_crypto_core_inst/u_prng/\sawtooth_block[0].sawtooth_inst /mul_1. (constraint file  auto generated constraint).
Applied set_property KEEP_HIERARCHY = SOFT for inst/crypto_engine_v1_0_S00_AXI_inst/my_crypto_core_inst/u_prng/\sawtooth_block[1].sawtooth_inst /mul_1. (constraint file  auto generated constraint).
Applied set_property KEEP_HIERARCHY = SOFT for inst/crypto_engine_v1_0_S00_AXI_inst/my_crypto_core_inst/u_prng/\sawtooth_block[2].sawtooth_inst /mul_1. (constraint file  auto generated constraint).
Applied set_property KEEP_HIERARCHY = SOFT for inst/crypto_engine_v1_0_S00_AXI_inst/my_crypto_core_inst/u_prng/\mul_block[0].mul_inst . (constraint file  auto generated constraint).
Applied set_property KEEP_HIERARCHY = SOFT for inst/crypto_engine_v1_0_S00_AXI_inst/my_crypto_core_inst/u_prng/affine_transform_u/\mul_block[0].mul_inst . (constraint file  auto generated constraint).
Applied set_property KEEP_HIERARCHY = SOFT for inst/crypto_engine_v1_0_S00_AXI_inst/my_crypto_core_inst/u_prng/\mul_block[1].mul_inst . (constraint file  auto generated constraint).
Applied set_property KEEP_HIERARCHY = SOFT for inst/crypto_engine_v1_0_S00_AXI_inst/my_crypto_core_inst/u_prng/affine_transform_u/\mul_block[1].mul_inst . (constraint file  auto generated constraint).
Applied set_property KEEP_HIERARCHY = SOFT for inst/crypto_engine_v1_0_S00_AXI_inst/my_crypto_core_inst/u_prng/\mul_block[2].mul_inst . (constraint file  auto generated constraint).
Applied set_property KEEP_HIERARCHY = SOFT for inst/crypto_engine_v1_0_S00_AXI_inst/my_crypto_core_inst/u_prng/affine_transform_u/\mul_block[2].mul_inst . (constraint file  auto generated constraint).
Applied set_property KEEP_HIERARCHY = SOFT for inst/crypto_engine_v1_0_S00_AXI_inst/my_crypto_core_inst/u_prng/affine_transform_u/\mul_block[3].mul_inst . (constraint file  auto generated constraint).
Applied set_property KEEP_HIERARCHY = SOFT for inst/crypto_engine_v1_0_S00_AXI_inst/my_crypto_core_inst/u_prng/affine_transform_u/\mul_block[4].mul_inst . (constraint file  auto generated constraint).
Applied set_property KEEP_HIERARCHY = SOFT for inst/crypto_engine_v1_0_S00_AXI_inst/my_crypto_core_inst/u_prng/affine_transform_u/\mul_block[5].mul_inst . (constraint file  auto generated constraint).
Applied set_property KEEP_HIERARCHY = SOFT for inst/crypto_engine_v1_0_S00_AXI_inst/my_crypto_core_inst/u_prng/affine_transform_u/\mul_block[6].mul_inst . (constraint file  auto generated constraint).
Applied set_property KEEP_HIERARCHY = SOFT for inst/crypto_engine_v1_0_S00_AXI_inst/my_crypto_core_inst/u_prng/affine_transform_u/\mul_block[7].mul_inst . (constraint file  auto generated constraint).
Applied set_property KEEP_HIERARCHY = SOFT for inst/crypto_engine_v1_0_S00_AXI_inst/my_crypto_core_inst/u_prng/affine_transform_u/\mul_block[8].mul_inst . (constraint file  auto generated constraint).
Applied set_property KEEP_HIERARCHY = SOFT for inst/crypto_engine_v1_0_S00_AXI_inst/my_crypto_core_inst/u_prng/\sawtooth_block[0].sawtooth_inst /add_1. (constraint file  auto generated constraint).
Applied set_property KEEP_HIERARCHY = SOFT for inst/crypto_engine_v1_0_S00_AXI_inst/my_crypto_core_inst/u_prng/\sawtooth_block[1].sawtooth_inst /add_1. (constraint file  auto generated constraint).
Applied set_property KEEP_HIERARCHY = SOFT for inst/crypto_engine_v1_0_S00_AXI_inst/my_crypto_core_inst/u_prng/\sawtooth_block[2].sawtooth_inst /add_1. (constraint file  auto generated constraint).
Applied set_property KEEP_HIERARCHY = SOFT for inst/crypto_engine_v1_0_S00_AXI_inst/my_crypto_core_inst/u_prng/\sawtooth_block[0].sawtooth_inst /add_2. (constraint file  auto generated constraint).
Applied set_property KEEP_HIERARCHY = SOFT for inst/crypto_engine_v1_0_S00_AXI_inst/my_crypto_core_inst/u_prng/\sawtooth_block[1].sawtooth_inst /add_2. (constraint file  auto generated constraint).
Applied set_property KEEP_HIERARCHY = SOFT for inst/crypto_engine_v1_0_S00_AXI_inst/my_crypto_core_inst/u_prng/\sawtooth_block[2].sawtooth_inst /add_2. (constraint file  auto generated constraint).
Applied set_property KEEP_HIERARCHY = SOFT for inst/crypto_engine_v1_0_S00_AXI_inst/my_crypto_core_inst/u_prng/affine_transform_u/\add_block[0].add_inst . (constraint file  auto generated constraint).
Applied set_property KEEP_HIERARCHY = SOFT for inst/crypto_engine_v1_0_S00_AXI_inst/my_crypto_core_inst/u_prng/affine_transform_u/\add_block[1].add_inst . (constraint file  auto generated constraint).
Applied set_property KEEP_HIERARCHY = SOFT for inst/crypto_engine_v1_0_S00_AXI_inst/my_crypto_core_inst/u_prng/affine_transform_u/\add_block[2].add_inst . (constraint file  auto generated constraint).
Applied set_property KEEP_HIERARCHY = SOFT for inst/crypto_engine_v1_0_S00_AXI_inst/my_crypto_core_inst/u_prng/affine_transform_u/\add_block[3].add_inst . (constraint file  auto generated constraint).
Applied set_property KEEP_HIERARCHY = SOFT for inst/crypto_engine_v1_0_S00_AXI_inst/my_crypto_core_inst/u_prng/affine_transform_u/\add_block[4].add_inst . (constraint file  auto generated constraint).
Applied set_property KEEP_HIERARCHY = SOFT for inst/crypto_engine_v1_0_S00_AXI_inst/my_crypto_core_inst/u_prng/affine_transform_u/\add_block[5].add_inst . (constraint file  auto generated constraint).
Applied set_property KEEP_HIERARCHY = SOFT for inst/crypto_engine_v1_0_S00_AXI_inst/my_crypto_core_inst/u_prng/affine_transform_u/\add_block[6].add_inst . (constraint file  auto generated constraint).
Applied set_property KEEP_HIERARCHY = SOFT for inst/crypto_engine_v1_0_S00_AXI_inst/my_crypto_core_inst/u_prng/affine_transform_u/\add_block[7].add_inst . (constraint file  auto generated constraint).
Applied set_property KEEP_HIERARCHY = SOFT for inst/crypto_engine_v1_0_S00_AXI_inst/my_crypto_core_inst/u_prng/affine_transform_u/\add_block[8].add_inst . (constraint file  auto generated constraint).
---------------------------------------------------------------------------------
Finished applying 'set_property' XDC Constraints : Time (s): cpu = 00:00:45 ; elapsed = 00:01:09 . Memory (MB): peak = 2452.414 ; gain = 813.941 ; free physical = 1888 ; free virtual = 3990
---------------------------------------------------------------------------------
INFO: [Synth 8-802] inferred FSM for state register 'current_state_reg' in module 'controller'
---------------------------------------------------------------------------------------------------
                   State |                     New Encoding |                Previous Encoding 
---------------------------------------------------------------------------------------------------
                  S_IDLE |                           000001 |                              000
             S_WAIT_DATA |                           000100 |                              100
             S_WAIT_TRNG |                           001000 |                              001
              S_GEN_SBOX |                           100000 |                              010
               S_GEN_KEY |                           010000 |                              011
             S_DO_CRYPTO |                           000010 |                              101
---------------------------------------------------------------------------------------------------
INFO: [Synth 8-3354] encoded FSM with state register 'current_state_reg' using encoding 'one-hot' in module 'controller'
---------------------------------------------------------------------------------
Finished RTL Optimization Phase 2 : Time (s): cpu = 00:00:49 ; elapsed = 00:01:13 . Memory (MB): peak = 2452.414 ; gain = 813.941 ; free physical = 1831 ; free virtual = 3939
---------------------------------------------------------------------------------
INFO: [Synth 8-223] decloning instance 'floating_point_mul:/inst/i_synth/DELAY_DIVIDE_BY_ZERO' (delay__parameterized1) to 'floating_point_mul:/inst/i_synth/DELAY_ACCUM_OVERFLOW'
INFO: [Synth 8-223] decloning instance 'floating_point_mul:/inst/i_synth/DELAY_DIVIDE_BY_ZERO' (delay__parameterized1) to 'floating_point_mul:/inst/i_synth/DELAY_ACCUM_INPUT_OVERFLOW'
INFO: [Synth 8-223] decloning instance 'floating_point_div:/inst/i_synth/DIV_OP.SPD.OP/ROUND/EXTRA_LSB_BIT_DEL' (delay__parameterized1) to 'floating_point_div:/inst/i_synth/DIV_OP.SPD.OP/ROUND/EXTRA_LSB_RND1_DEL'
INFO: [Synth 8-223] decloning instance 'floating_point_div:/inst/i_synth/DIV_OP.SPD.OP/ROUND/EXP_INC_DELAY' (delay__parameterized1) to 'floating_point_div:/inst/i_synth/DIV_OP.SPD.OP/ROUND/EXP_INC_RND1_DELAY'
INFO: [Synth 8-223] decloning instance 'floating_point_div:/inst/i_synth/DELAY_ACCUM_OVERFLOW' (delay__parameterized1) to 'floating_point_div:/inst/i_synth/DELAY_ACCUM_INPUT_OVERFLOW'
INFO: [Synth 8-223] decloning instance 'floating_point_add:/inst/i_synth/DELAY_DIVIDE_BY_ZERO' (delay__parameterized1) to 'floating_point_add:/inst/i_synth/DELAY_ACCUM_OVERFLOW'
INFO: [Synth 8-223] decloning instance 'floating_point_add:/inst/i_synth/DELAY_DIVIDE_BY_ZERO' (delay__parameterized1) to 'floating_point_add:/inst/i_synth/DELAY_ACCUM_INPUT_OVERFLOW'
---------------------------------------------------------------------------------
Start RTL Component Statistics 
---------------------------------------------------------------------------------
---------------------------------------------------------------------------------
Finished RTL Component Statistics 
---------------------------------------------------------------------------------
---------------------------------------------------------------------------------
Start Part Resource Summary
---------------------------------------------------------------------------------
Part Resources:
DSPs: 220 (col length:60)
BRAMs: 280 (col length: RAMB18 60 RAMB36 30)
---------------------------------------------------------------------------------
Finished Part Resource Summary
---------------------------------------------------------------------------------
---------------------------------------------------------------------------------
Start Cross Boundary and Area Optimization
---------------------------------------------------------------------------------
WARNING: [Synth 8-7080] Parallel synthesis criteria is not met
WARNING: [Synth 8-6014] Unused sequential element tmp1_reg[0] was removed.  [/home/vinhphat-josh/Repos/Chaos_Based_Symmetric_Image_Encryption/vivado/Chaos_Based_Symmetric_Image_Encryptio_arty_z7/Chaos_Based_Symmetric_Image_Encryptio_arty_z7.gen/sources_1/bd/crypto_soc_artyz7/ipshared/2973/crypto_engine_arty_z7/crypto_engine_arty_z7.srcs/sources_1/imports/src/extractor.v:112]
WARNING: [Synth 8-6014] Unused sequential element tmp1_reg[1] was removed.  [/home/vinhphat-josh/Repos/Chaos_Based_Symmetric_Image_Encryption/vivado/Chaos_Based_Symmetric_Image_Encryptio_arty_z7/Chaos_Based_Symmetric_Image_Encryptio_arty_z7.gen/sources_1/bd/crypto_soc_artyz7/ipshared/2973/crypto_engine_arty_z7/crypto_engine_arty_z7.srcs/sources_1/imports/src/extractor.v:112]
WARNING: [Synth 8-6014] Unused sequential element tmp1_reg[2] was removed.  [/home/vinhphat-josh/Repos/Chaos_Based_Symmetric_Image_Encryption/vivado/Chaos_Based_Symmetric_Image_Encryptio_arty_z7/Chaos_Based_Symmetric_Image_Encryptio_arty_z7.gen/sources_1/bd/crypto_soc_artyz7/ipshared/2973/crypto_engine_arty_z7/crypto_engine_arty_z7.srcs/sources_1/imports/src/extractor.v:112]
INFO: [Synth 8-3332] Sequential element (ADDSUB_OP.ADDSUB/DSP.OP/DSP48E1_BODY.NORM_RND/FULL_USAGE_DSP.LOD/dist_norm_reg[1]) is unused and will be removed from module floating_point_v7_1_16_viv__parameterized3__3.
INFO: [Synth 8-3332] Sequential element (ADDSUB_OP.ADDSUB/DSP.OP/DSP48E1_BODY.NORM_RND/FULL_USAGE_DSP.LOD/dist_norm_reg[0]) is unused and will be removed from module floating_point_v7_1_16_viv__parameterized3__3.
INFO: [Synth 8-3332] Sequential element (ADDSUB_OP.ADDSUB/DSP.OP/DSP48E1_BODY.NORM_RND/FULL_USAGE_DSP.LOD/dist_norm_reg[1]) is unused and will be removed from module floating_point_v7_1_16_viv__parameterized3__4.
INFO: [Synth 8-3332] Sequential element (ADDSUB_OP.ADDSUB/DSP.OP/DSP48E1_BODY.NORM_RND/FULL_USAGE_DSP.LOD/dist_norm_reg[0]) is unused and will be removed from module floating_point_v7_1_16_viv__parameterized3__4.
INFO: [Synth 8-3332] Sequential element (ADDSUB_OP.ADDSUB/DSP.OP/DSP48E1_BODY.NORM_RND/FULL_USAGE_DSP.LOD/dist_norm_reg[1]) is unused and will be removed from module floating_point_v7_1_16_viv__parameterized3__5.
INFO: [Synth 8-3332] Sequential element (ADDSUB_OP.ADDSUB/DSP.OP/DSP48E1_BODY.NORM_RND/FULL_USAGE_DSP.LOD/dist_norm_reg[0]) is unused and will be removed from module floating_point_v7_1_16_viv__parameterized3__5.
INFO: [Synth 8-3332] Sequential element (ADDSUB_OP.ADDSUB/DSP.OP/DSP48E1_BODY.NORM_RND/FULL_USAGE_DSP.LOD/dist_norm_reg[1]) is unused and will be removed from module floating_point_v7_1_16_viv__parameterized3__6.
INFO: [Synth 8-3332] Sequential element (ADDSUB_OP.ADDSUB/DSP.OP/DSP48E1_BODY.NORM_RND/FULL_USAGE_DSP.LOD/dist_norm_reg[0]) is unused and will be removed from module floating_point_v7_1_16_viv__parameterized3__6.
INFO: [Synth 8-3332] Sequential element (ADDSUB_OP.ADDSUB/DSP.OP/DSP48E1_BODY.NORM_RND/FULL_USAGE_DSP.LOD/dist_norm_reg[1]) is unused and will be removed from module floating_point_v7_1_16_viv__parameterized3__7.
INFO: [Synth 8-3332] Sequential element (ADDSUB_OP.ADDSUB/DSP.OP/DSP48E1_BODY.NORM_RND/FULL_USAGE_DSP.LOD/dist_norm_reg[0]) is unused and will be removed from module floating_point_v7_1_16_viv__parameterized3__7.
INFO: [Synth 8-3332] Sequential element (ADDSUB_OP.ADDSUB/DSP.OP/DSP48E1_BODY.NORM_RND/FULL_USAGE_DSP.LOD/dist_norm_reg[1]) is unused and will be removed from module floating_point_v7_1_16_viv__parameterized3__8.
INFO: [Synth 8-3332] Sequential element (ADDSUB_OP.ADDSUB/DSP.OP/DSP48E1_BODY.NORM_RND/FULL_USAGE_DSP.LOD/dist_norm_reg[0]) is unused and will be removed from module floating_point_v7_1_16_viv__parameterized3__8.
INFO: [Synth 8-3332] Sequential element (ADDSUB_OP.ADDSUB/DSP.OP/DSP48E1_BODY.NORM_RND/FULL_USAGE_DSP.LOD/dist_norm_reg[1]) is unused and will be removed from module floating_point_v7_1_16_viv__parameterized3__9.
INFO: [Synth 8-3332] Sequential element (ADDSUB_OP.ADDSUB/DSP.OP/DSP48E1_BODY.NORM_RND/FULL_USAGE_DSP.LOD/dist_norm_reg[0]) is unused and will be removed from module floating_point_v7_1_16_viv__parameterized3__9.
INFO: [Synth 8-3332] Sequential element (ADDSUB_OP.ADDSUB/DSP.OP/DSP48E1_BODY.NORM_RND/FULL_USAGE_DSP.LOD/dist_norm_reg[1]) is unused and will be removed from module floating_point_v7_1_16_viv__parameterized3__10.
INFO: [Synth 8-3332] Sequential element (ADDSUB_OP.ADDSUB/DSP.OP/DSP48E1_BODY.NORM_RND/FULL_USAGE_DSP.LOD/dist_norm_reg[0]) is unused and will be removed from module floating_point_v7_1_16_viv__parameterized3__10.
INFO: [Synth 8-3332] Sequential element (ADDSUB_OP.ADDSUB/DSP.OP/DSP48E1_BODY.NORM_RND/FULL_USAGE_DSP.LOD/dist_norm_reg[1]) is unused and will be removed from module floating_point_v7_1_16_viv__parameterized3__11.
INFO: [Synth 8-3332] Sequential element (ADDSUB_OP.ADDSUB/DSP.OP/DSP48E1_BODY.NORM_RND/FULL_USAGE_DSP.LOD/dist_norm_reg[0]) is unused and will be removed from module floating_point_v7_1_16_viv__parameterized3__11.
INFO: [Synth 8-3332] Sequential element (ADDSUB_OP.ADDSUB/DSP.OP/DSP48E1_BODY.NORM_RND/FULL_USAGE_DSP.LOD/dist_norm_reg[1]) is unused and will be removed from module floating_point_v7_1_16_viv__parameterized3__12.
INFO: [Synth 8-3332] Sequential element (ADDSUB_OP.ADDSUB/DSP.OP/DSP48E1_BODY.NORM_RND/FULL_USAGE_DSP.LOD/dist_norm_reg[0]) is unused and will be removed from module floating_point_v7_1_16_viv__parameterized3__12.
INFO: [Synth 8-3332] Sequential element (ADDSUB_OP.ADDSUB/DSP.OP/DSP48E1_BODY.NORM_RND/FULL_USAGE_DSP.LOD/dist_norm_reg[1]) is unused and will be removed from module floating_point_v7_1_16_viv__parameterized3__13.
INFO: [Synth 8-3332] Sequential element (ADDSUB_OP.ADDSUB/DSP.OP/DSP48E1_BODY.NORM_RND/FULL_USAGE_DSP.LOD/dist_norm_reg[0]) is unused and will be removed from module floating_point_v7_1_16_viv__parameterized3__13.
INFO: [Synth 8-3332] Sequential element (ADDSUB_OP.ADDSUB/DSP.OP/DSP48E1_BODY.NORM_RND/FULL_USAGE_DSP.LOD/dist_norm_reg[1]) is unused and will be removed from module floating_point_v7_1_16_viv__parameterized3__14.
INFO: [Synth 8-3332] Sequential element (ADDSUB_OP.ADDSUB/DSP.OP/DSP48E1_BODY.NORM_RND/FULL_USAGE_DSP.LOD/dist_norm_reg[0]) is unused and will be removed from module floating_point_v7_1_16_viv__parameterized3__14.
INFO: [Synth 8-3332] Sequential element (ADDSUB_OP.ADDSUB/DSP.OP/DSP48E1_BODY.NORM_RND/FULL_USAGE_DSP.LOD/dist_norm_reg[1]) is unused and will be removed from module floating_point_v7_1_16_viv__parameterized3__15.
INFO: [Synth 8-3332] Sequential element (ADDSUB_OP.ADDSUB/DSP.OP/DSP48E1_BODY.NORM_RND/FULL_USAGE_DSP.LOD/dist_norm_reg[0]) is unused and will be removed from module floating_point_v7_1_16_viv__parameterized3__15.
INFO: [Synth 8-3332] Sequential element (ADDSUB_OP.ADDSUB/DSP.OP/DSP48E1_BODY.NORM_RND/FULL_USAGE_DSP.LOD/dist_norm_reg[1]) is unused and will be removed from module floating_point_v7_1_16_viv__parameterized3__16.
INFO: [Synth 8-3332] Sequential element (ADDSUB_OP.ADDSUB/DSP.OP/DSP48E1_BODY.NORM_RND/FULL_USAGE_DSP.LOD/dist_norm_reg[0]) is unused and will be removed from module floating_point_v7_1_16_viv__parameterized3__16.
INFO: [Synth 8-3332] Sequential element (ADDSUB_OP.ADDSUB/DSP.OP/DSP48E1_BODY.NORM_RND/FULL_USAGE_DSP.LOD/dist_norm_reg[1]) is unused and will be removed from module floating_point_v7_1_16_viv__parameterized3.
INFO: [Synth 8-3332] Sequential element (ADDSUB_OP.ADDSUB/DSP.OP/DSP48E1_BODY.NORM_RND/FULL_USAGE_DSP.LOD/dist_norm_reg[0]) is unused and will be removed from module floating_point_v7_1_16_viv__parameterized3.
WARNING: [Synth 8-3332] Sequential element (tmp1_reg[0][47]) is unused and will be removed from module extractor.
WARNING: [Synth 8-3332] Sequential element (tmp1_reg[0][46]) is unused and will be removed from module extractor.
WARNING: [Synth 8-3332] Sequential element (tmp1_reg[0][45]) is unused and will be removed from module extractor.
WARNING: [Synth 8-3332] Sequential element (tmp1_reg[0][44]) is unused and will be removed from module extractor.
WARNING: [Synth 8-3332] Sequential element (tmp1_reg[0][43]) is unused and will be removed from module extractor.
WARNING: [Synth 8-3332] Sequential element (tmp1_reg[0][42]) is unused and will be removed from module extractor.
WARNING: [Synth 8-3332] Sequential element (tmp1_reg[0][41]) is unused and will be removed from module extractor.
WARNING: [Synth 8-3332] Sequential element (tmp1_reg[0][40]) is unused and will be removed from module extractor.
WARNING: [Synth 8-3332] Sequential element (tmp1_reg[0][39]) is unused and will be removed from module extractor.
WARNING: [Synth 8-3332] Sequential element (tmp1_reg[0][38]) is unused and will be removed from module extractor.
WARNING: [Synth 8-3332] Sequential element (tmp1_reg[0][37]) is unused and will be removed from module extractor.
WARNING: [Synth 8-3332] Sequential element (tmp1_reg[0][36]) is unused and will be removed from module extractor.
WARNING: [Synth 8-3332] Sequential element (tmp1_reg[0][35]) is unused and will be removed from module extractor.
WARNING: [Synth 8-3332] Sequential element (tmp1_reg[0][34]) is unused and will be removed from module extractor.
WARNING: [Synth 8-3332] Sequential element (tmp1_reg[0][33]) is unused and will be removed from module extractor.
WARNING: [Synth 8-3332] Sequential element (tmp1_reg[0][32]) is unused and will be removed from module extractor.
WARNING: [Synth 8-3332] Sequential element (tmp1_reg[0][31]) is unused and will be removed from module extractor.
WARNING: [Synth 8-3332] Sequential element (tmp1_reg[0][30]) is unused and will be removed from module extractor.
WARNING: [Synth 8-3332] Sequential element (tmp1_reg[0][29]) is unused and will be removed from module extractor.
WARNING: [Synth 8-3332] Sequential element (tmp1_reg[0][28]) is unused and will be removed from module extractor.
WARNING: [Synth 8-3332] Sequential element (tmp1_reg[0][27]) is unused and will be removed from module extractor.
WARNING: [Synth 8-3332] Sequential element (tmp1_reg[0][26]) is unused and will be removed from module extractor.
WARNING: [Synth 8-3332] Sequential element (tmp1_reg[0][25]) is unused and will be removed from module extractor.
WARNING: [Synth 8-3332] Sequential element (tmp1_reg[0][24]) is unused and will be removed from module extractor.
WARNING: [Synth 8-3332] Sequential element (tmp1_reg[0][23]) is unused and will be removed from module extractor.
WARNING: [Synth 8-3332] Sequential element (tmp1_reg[0][22]) is unused and will be removed from module extractor.
WARNING: [Synth 8-3332] Sequential element (tmp1_reg[0][21]) is unused and will be removed from module extractor.
WARNING: [Synth 8-3332] Sequential element (tmp1_reg[0][20]) is unused and will be removed from module extractor.
WARNING: [Synth 8-3332] Sequential element (tmp1_reg[0][19]) is unused and will be removed from module extractor.
WARNING: [Synth 8-3332] Sequential element (tmp1_reg[0][18]) is unused and will be removed from module extractor.
WARNING: [Synth 8-3332] Sequential element (tmp1_reg[0][17]) is unused and will be removed from module extractor.
WARNING: [Synth 8-3332] Sequential element (tmp1_reg[0][16]) is unused and will be removed from module extractor.
WARNING: [Synth 8-3332] Sequential element (tmp1_reg[0][15]) is unused and will be removed from module extractor.
WARNING: [Synth 8-3332] Sequential element (tmp1_reg[0][14]) is unused and will be removed from module extractor.
WARNING: [Synth 8-3332] Sequential element (tmp1_reg[0][13]) is unused and will be removed from module extractor.
WARNING: [Synth 8-3332] Sequential element (tmp1_reg[0][12]) is unused and will be removed from module extractor.
WARNING: [Synth 8-3332] Sequential element (tmp1_reg[0][11]) is unused and will be removed from module extractor.
WARNING: [Synth 8-3332] Sequential element (tmp1_reg[0][10]) is unused and will be removed from module extractor.
WARNING: [Synth 8-3332] Sequential element (tmp1_reg[0][9]) is unused and will be removed from module extractor.
WARNING: [Synth 8-3332] Sequential element (tmp1_reg[0][8]) is unused and will be removed from module extractor.
WARNING: [Synth 8-3332] Sequential element (tmp1_reg[0][7]) is unused and will be removed from module extractor.
WARNING: [Synth 8-3332] Sequential element (tmp1_reg[0][6]) is unused and will be removed from module extractor.
WARNING: [Synth 8-3332] Sequential element (tmp1_reg[0][5]) is unused and will be removed from module extractor.
WARNING: [Synth 8-3332] Sequential element (tmp1_reg[0][4]) is unused and will be removed from module extractor.
WARNING: [Synth 8-3332] Sequential element (tmp1_reg[0][3]) is unused and will be removed from module extractor.
WARNING: [Synth 8-3332] Sequential element (tmp1_reg[0][2]) is unused and will be removed from module extractor.
WARNING: [Synth 8-3332] Sequential element (tmp1_reg[0][1]) is unused and will be removed from module extractor.
WARNING: [Synth 8-3332] Sequential element (tmp1_reg[0][0]) is unused and will be removed from module extractor.
WARNING: [Synth 8-3332] Sequential element (tmp1_reg[0][47]__0) is unused and will be removed from module extractor.
WARNING: [Synth 8-3332] Sequential element (tmp1_reg[0][46]__0) is unused and will be removed from module extractor.
WARNING: [Synth 8-3332] Sequential element (tmp1_reg[0][45]__0) is unused and will be removed from module extractor.
WARNING: [Synth 8-3332] Sequential element (tmp1_reg[0][44]__0) is unused and will be removed from module extractor.
WARNING: [Synth 8-3332] Sequential element (tmp1_reg[0][43]__0) is unused and will be removed from module extractor.
WARNING: [Synth 8-3332] Sequential element (tmp1_reg[0][42]__0) is unused and will be removed from module extractor.
WARNING: [Synth 8-3332] Sequential element (tmp1_reg[0][41]__0) is unused and will be removed from module extractor.
WARNING: [Synth 8-3332] Sequential element (tmp1_reg[0][40]__0) is unused and will be removed from module extractor.
WARNING: [Synth 8-3332] Sequential element (tmp1_reg[0][39]__0) is unused and will be removed from module extractor.
WARNING: [Synth 8-3332] Sequential element (tmp1_reg[0][38]__0) is unused and will be removed from module extractor.
WARNING: [Synth 8-3332] Sequential element (tmp1_reg[0][37]__0) is unused and will be removed from module extractor.
WARNING: [Synth 8-3332] Sequential element (tmp1_reg[0][36]__0) is unused and will be removed from module extractor.
WARNING: [Synth 8-3332] Sequential element (tmp1_reg[0][35]__0) is unused and will be removed from module extractor.
WARNING: [Synth 8-3332] Sequential element (tmp1_reg[0][34]__0) is unused and will be removed from module extractor.
WARNING: [Synth 8-3332] Sequential element (tmp1_reg[0][33]__0) is unused and will be removed from module extractor.
WARNING: [Synth 8-3332] Sequential element (tmp1_reg[0][32]__0) is unused and will be removed from module extractor.
WARNING: [Synth 8-3332] Sequential element (tmp1_reg[0][31]__0) is unused and will be removed from module extractor.
WARNING: [Synth 8-3332] Sequential element (tmp1_reg[0][30]__0) is unused and will be removed from module extractor.
WARNING: [Synth 8-3332] Sequential element (tmp1_reg[0][29]__0) is unused and will be removed from module extractor.
WARNING: [Synth 8-3332] Sequential element (tmp1_reg[0][28]__0) is unused and will be removed from module extractor.
WARNING: [Synth 8-3332] Sequential element (tmp1_reg[0][27]__0) is unused and will be removed from module extractor.
WARNING: [Synth 8-3332] Sequential element (tmp1_reg[0][26]__0) is unused and will be removed from module extractor.
INFO: [Common 17-14] Message 'Synth 8-3332' appears 100 times and further instances of the messages will be disabled. Use the Tcl command set_msg_config to change the current settings.
---------------------------------------------------------------------------------
Finished Cross Boundary and Area Optimization : Time (s): cpu = 00:01:15 ; elapsed = 00:01:39 . Memory (MB): peak = 2452.414 ; gain = 813.941 ; free physical = 1845 ; free virtual = 3966
---------------------------------------------------------------------------------
 Sort Area is crypto_engine_core__GC0 p_0_out_0 : 0 0 : 1750 3519 : Used 1 time 0
 Sort Area is crypto_engine_core__GC0 p_0_out_0 : 0 1 : 1769 3519 : Used 1 time 0
 Sort Area is crypto_engine_core__GC0 p_0_out_5 : 0 0 : 1750 3519 : Used 1 time 0
 Sort Area is crypto_engine_core__GC0 p_0_out_5 : 0 1 : 1769 3519 : Used 1 time 0
 Sort Area is crypto_engine_core__GC0 p_0_out_7 : 0 0 : 1750 3519 : Used 1 time 0
 Sort Area is crypto_engine_core__GC0 p_0_out_7 : 0 1 : 1769 3519 : Used 1 time 0
 Sort Area is crypto_engine_core__GC0 p_0_out_3 : 0 0 : 1750 2455 : Used 1 time 0
 Sort Area is crypto_engine_core__GC0 p_0_out_3 : 0 1 : 705 2455 : Used 1 time 0
 Sort Area is crypto_engine_core__GC0 p_0_out_6 : 0 0 : 1750 2455 : Used 1 time 0
 Sort Area is crypto_engine_core__GC0 p_0_out_6 : 0 1 : 705 2455 : Used 1 time 0
 Sort Area is crypto_engine_core__GC0 p_0_out_8 : 0 0 : 1750 2455 : Used 1 time 0
 Sort Area is crypto_engine_core__GC0 p_0_out_8 : 0 1 : 705 2455 : Used 1 time 0
---------------------------------------------------------------------------------
Start Applying XDC Timing Constraints
---------------------------------------------------------------------------------
---------------------------------------------------------------------------------
Finished Applying XDC Timing Constraints : Time (s): cpu = 00:01:20 ; elapsed = 00:01:44 . Memory (MB): peak = 2452.414 ; gain = 813.941 ; free physical = 1849 ; free virtual = 3978
---------------------------------------------------------------------------------
---------------------------------------------------------------------------------
Start Timing Optimization
---------------------------------------------------------------------------------
---------------------------------------------------------------------------------
Finished Timing Optimization : Time (s): cpu = 00:01:20 ; elapsed = 00:01:44 . Memory (MB): peak = 2452.414 ; gain = 813.941 ; free physical = 1849 ; free virtual = 3978
---------------------------------------------------------------------------------
---------------------------------------------------------------------------------
Start Technology Mapping
---------------------------------------------------------------------------------
WARNING: [Synth 8-5591] srl_style attribute value reg_srl_reg on my_crypto_core_insti_4/u_encryptor/feistel_encrypt_u/L_reg_reg[0][0][127] cannot be supported because of smaller than expected depth of fanout-free flop chain.
WARNING: [Synth 8-5591] srl_style attribute value reg_srl_reg on my_crypto_core_insti_4/u_encryptor/feistel_encrypt_u/L_reg_reg[0][0][126] cannot be supported because of smaller than expected depth of fanout-free flop chain.
WARNING: [Synth 8-5591] srl_style attribute value reg_srl_reg on my_crypto_core_insti_4/u_encryptor/feistel_encrypt_u/L_reg_reg[0][0][125] cannot be supported because of smaller than expected depth of fanout-free flop chain.
WARNING: [Synth 8-5591] srl_style attribute value reg_srl_reg on my_crypto_core_insti_4/u_encryptor/feistel_encrypt_u/L_reg_reg[0][0][124] cannot be supported because of smaller than expected depth of fanout-free flop chain.
WARNING: [Synth 8-5591] srl_style attribute value reg_srl_reg on my_crypto_core_insti_4/u_encryptor/feistel_encrypt_u/L_reg_reg[0][0][123] cannot be supported because of smaller than expected depth of fanout-free flop chain.
WARNING: [Synth 8-5591] srl_style attribute value reg_srl_reg on my_crypto_core_insti_4/u_encryptor/feistel_encrypt_u/L_reg_reg[0][0][122] cannot be supported because of smaller than expected depth of fanout-free flop chain.
WARNING: [Synth 8-5591] srl_style attribute value reg_srl_reg on my_crypto_core_insti_4/u_encryptor/feistel_encrypt_u/L_reg_reg[0][0][121] cannot be supported because of smaller than expected depth of fanout-free flop chain.
WARNING: [Synth 8-5591] srl_style attribute value reg_srl_reg on my_crypto_core_insti_4/u_encryptor/feistel_encrypt_u/L_reg_reg[0][0][120] cannot be supported because of smaller than expected depth of fanout-free flop chain.
WARNING: [Synth 8-5591] srl_style attribute value reg_srl_reg on my_crypto_core_insti_4/u_encryptor/feistel_encrypt_u/L_reg_reg[0][0][119] cannot be supported because of smaller than expected depth of fanout-free flop chain.
WARNING: [Synth 8-5591] srl_style attribute value reg_srl_reg on my_crypto_core_insti_4/u_encryptor/feistel_encrypt_u/L_reg_reg[0][0][118] cannot be supported because of smaller than expected depth of fanout-free flop chain.
WARNING: [Synth 8-5591] srl_style attribute value reg_srl_reg on my_crypto_core_insti_4/u_encryptor/feistel_encrypt_u/L_reg_reg[0][0][117] cannot be supported because of smaller than expected depth of fanout-free flop chain.
WARNING: [Synth 8-5591] srl_style attribute value reg_srl_reg on my_crypto_core_insti_4/u_encryptor/feistel_encrypt_u/L_reg_reg[0][0][116] cannot be supported because of smaller than expected depth of fanout-free flop chain.
WARNING: [Synth 8-5591] srl_style attribute value reg_srl_reg on my_crypto_core_insti_4/u_encryptor/feistel_encrypt_u/L_reg_reg[0][0][115] cannot be supported because of smaller than expected depth of fanout-free flop chain.
WARNING: [Synth 8-5591] srl_style attribute value reg_srl_reg on my_crypto_core_insti_4/u_encryptor/feistel_encrypt_u/L_reg_reg[0][0][114] cannot be supported because of smaller than expected depth of fanout-free flop chain.
WARNING: [Synth 8-5591] srl_style attribute value reg_srl_reg on my_crypto_core_insti_4/u_encryptor/feistel_encrypt_u/L_reg_reg[0][0][113] cannot be supported because of smaller than expected depth of fanout-free flop chain.
WARNING: [Synth 8-5591] srl_style attribute value reg_srl_reg on my_crypto_core_insti_4/u_encryptor/feistel_encrypt_u/L_reg_reg[0][0][112] cannot be supported because of smaller than expected depth of fanout-free flop chain.
WARNING: [Synth 8-5591] srl_style attribute value reg_srl_reg on my_crypto_core_insti_4/u_encryptor/feistel_encrypt_u/L_reg_reg[0][0][111] cannot be supported because of smaller than expected depth of fanout-free flop chain.
WARNING: [Synth 8-5591] srl_style attribute value reg_srl_reg on my_crypto_core_insti_4/u_encryptor/feistel_encrypt_u/L_reg_reg[0][0][110] cannot be supported because of smaller than expected depth of fanout-free flop chain.
WARNING: [Synth 8-5591] srl_style attribute value reg_srl_reg on my_crypto_core_insti_4/u_encryptor/feistel_encrypt_u/L_reg_reg[0][0][109] cannot be supported because of smaller than expected depth of fanout-free flop chain.
WARNING: [Synth 8-5591] srl_style attribute value reg_srl_reg on my_crypto_core_insti_4/u_encryptor/feistel_encrypt_u/L_reg_reg[0][0][108] cannot be supported because of smaller than expected depth of fanout-free flop chain.
WARNING: [Synth 8-5591] srl_style attribute value reg_srl_reg on my_crypto_core_insti_4/u_encryptor/feistel_encrypt_u/L_reg_reg[0][0][107] cannot be supported because of smaller than expected depth of fanout-free flop chain.
WARNING: [Synth 8-5591] srl_style attribute value reg_srl_reg on my_crypto_core_insti_4/u_encryptor/feistel_encrypt_u/L_reg_reg[0][0][106] cannot be supported because of smaller than expected depth of fanout-free flop chain.
WARNING: [Synth 8-5591] srl_style attribute value reg_srl_reg on my_crypto_core_insti_4/u_encryptor/feistel_encrypt_u/L_reg_reg[0][0][105] cannot be supported because of smaller than expected depth of fanout-free flop chain.
WARNING: [Synth 8-5591] srl_style attribute value reg_srl_reg on my_crypto_core_insti_4/u_encryptor/feistel_encrypt_u/L_reg_reg[0][0][104] cannot be supported because of smaller than expected depth of fanout-free flop chain.
WARNING: [Synth 8-5591] srl_style attribute value reg_srl_reg on my_crypto_core_insti_4/u_encryptor/feistel_encrypt_u/L_reg_reg[0][0][103] cannot be supported because of smaller than expected depth of fanout-free flop chain.
WARNING: [Synth 8-5591] srl_style attribute value reg_srl_reg on my_crypto_core_insti_4/u_encryptor/feistel_encrypt_u/L_reg_reg[0][0][102] cannot be supported because of smaller than expected depth of fanout-free flop chain.
WARNING: [Synth 8-5591] srl_style attribute value reg_srl_reg on my_crypto_core_insti_4/u_encryptor/feistel_encrypt_u/L_reg_reg[0][0][101] cannot be supported because of smaller than expected depth of fanout-free flop chain.
WARNING: [Synth 8-5591] srl_style attribute value reg_srl_reg on my_crypto_core_insti_4/u_encryptor/feistel_encrypt_u/L_reg_reg[0][0][100] cannot be supported because of smaller than expected depth of fanout-free flop chain.
WARNING: [Synth 8-5591] srl_style attribute value reg_srl_reg on my_crypto_core_insti_4/u_encryptor/feistel_encrypt_u/L_reg_reg[0][0][99] cannot be supported because of smaller than expected depth of fanout-free flop chain.
WARNING: [Synth 8-5591] srl_style attribute value reg_srl_reg on my_crypto_core_insti_4/u_encryptor/feistel_encrypt_u/L_reg_reg[0][0][98] cannot be supported because of smaller than expected depth of fanout-free flop chain.
WARNING: [Synth 8-5591] srl_style attribute value reg_srl_reg on my_crypto_core_insti_4/u_encryptor/feistel_encrypt_u/L_reg_reg[0][0][97] cannot be supported because of smaller than expected depth of fanout-free flop chain.
WARNING: [Synth 8-5591] srl_style attribute value reg_srl_reg on my_crypto_core_insti_4/u_encryptor/feistel_encrypt_u/L_reg_reg[0][0][96] cannot be supported because of smaller than expected depth of fanout-free flop chain.
WARNING: [Synth 8-5591] srl_style attribute value reg_srl_reg on my_crypto_core_insti_4/u_encryptor/feistel_encrypt_u/L_reg_reg[0][0][95] cannot be supported because of smaller than expected depth of fanout-free flop chain.
WARNING: [Synth 8-5591] srl_style attribute value reg_srl_reg on my_crypto_core_insti_4/u_encryptor/feistel_encrypt_u/L_reg_reg[0][0][94] cannot be supported because of smaller than expected depth of fanout-free flop chain.
WARNING: [Synth 8-5591] srl_style attribute value reg_srl_reg on my_crypto_core_insti_4/u_encryptor/feistel_encrypt_u/L_reg_reg[0][0][93] cannot be supported because of smaller than expected depth of fanout-free flop chain.
WARNING: [Synth 8-5591] srl_style attribute value reg_srl_reg on my_crypto_core_insti_4/u_encryptor/feistel_encrypt_u/L_reg_reg[0][0][92] cannot be supported because of smaller than expected depth of fanout-free flop chain.
WARNING: [Synth 8-5591] srl_style attribute value reg_srl_reg on my_crypto_core_insti_4/u_encryptor/feistel_encrypt_u/L_reg_reg[0][0][91] cannot be supported because of smaller than expected depth of fanout-free flop chain.
WARNING: [Synth 8-5591] srl_style attribute value reg_srl_reg on my_crypto_core_insti_4/u_encryptor/feistel_encrypt_u/L_reg_reg[0][0][90] cannot be supported because of smaller than expected depth of fanout-free flop chain.
WARNING: [Synth 8-5591] srl_style attribute value reg_srl_reg on my_crypto_core_insti_4/u_encryptor/feistel_encrypt_u/L_reg_reg[0][0][89] cannot be supported because of smaller than expected depth of fanout-free flop chain.
WARNING: [Synth 8-5591] srl_style attribute value reg_srl_reg on my_crypto_core_insti_4/u_encryptor/feistel_encrypt_u/L_reg_reg[0][0][88] cannot be supported because of smaller than expected depth of fanout-free flop chain.
WARNING: [Synth 8-5591] srl_style attribute value reg_srl_reg on my_crypto_core_insti_4/u_encryptor/feistel_encrypt_u/L_reg_reg[0][0][87] cannot be supported because of smaller than expected depth of fanout-free flop chain.
WARNING: [Synth 8-5591] srl_style attribute value reg_srl_reg on my_crypto_core_insti_4/u_encryptor/feistel_encrypt_u/L_reg_reg[0][0][86] cannot be supported because of smaller than expected depth of fanout-free flop chain.
WARNING: [Synth 8-5591] srl_style attribute value reg_srl_reg on my_crypto_core_insti_4/u_encryptor/feistel_encrypt_u/L_reg_reg[0][0][85] cannot be supported because of smaller than expected depth of fanout-free flop chain.
WARNING: [Synth 8-5591] srl_style attribute value reg_srl_reg on my_crypto_core_insti_4/u_encryptor/feistel_encrypt_u/L_reg_reg[0][0][84] cannot be supported because of smaller than expected depth of fanout-free flop chain.
WARNING: [Synth 8-5591] srl_style attribute value reg_srl_reg on my_crypto_core_insti_4/u_encryptor/feistel_encrypt_u/L_reg_reg[0][0][83] cannot be supported because of smaller than expected depth of fanout-free flop chain.
WARNING: [Synth 8-5591] srl_style attribute value reg_srl_reg on my_crypto_core_insti_4/u_encryptor/feistel_encrypt_u/L_reg_reg[0][0][82] cannot be supported because of smaller than expected depth of fanout-free flop chain.
WARNING: [Synth 8-5591] srl_style attribute value reg_srl_reg on my_crypto_core_insti_4/u_encryptor/feistel_encrypt_u/L_reg_reg[0][0][81] cannot be supported because of smaller than expected depth of fanout-free flop chain.
WARNING: [Synth 8-5591] srl_style attribute value reg_srl_reg on my_crypto_core_insti_4/u_encryptor/feistel_encrypt_u/L_reg_reg[0][0][80] cannot be supported because of smaller than expected depth of fanout-free flop chain.
WARNING: [Synth 8-5591] srl_style attribute value reg_srl_reg on my_crypto_core_insti_4/u_encryptor/feistel_encrypt_u/L_reg_reg[0][0][79] cannot be supported because of smaller than expected depth of fanout-free flop chain.
WARNING: [Synth 8-5591] srl_style attribute value reg_srl_reg on my_crypto_core_insti_4/u_encryptor/feistel_encrypt_u/L_reg_reg[0][0][78] cannot be supported because of smaller than expected depth of fanout-free flop chain.
WARNING: [Synth 8-5591] srl_style attribute value reg_srl_reg on my_crypto_core_insti_4/u_encryptor/feistel_encrypt_u/L_reg_reg[0][0][77] cannot be supported because of smaller than expected depth of fanout-free flop chain.
WARNING: [Synth 8-5591] srl_style attribute value reg_srl_reg on my_crypto_core_insti_4/u_encryptor/feistel_encrypt_u/L_reg_reg[0][0][76] cannot be supported because of smaller than expected depth of fanout-free flop chain.
WARNING: [Synth 8-5591] srl_style attribute value reg_srl_reg on my_crypto_core_insti_4/u_encryptor/feistel_encrypt_u/L_reg_reg[0][0][75] cannot be supported because of smaller than expected depth of fanout-free flop chain.
WARNING: [Synth 8-5591] srl_style attribute value reg_srl_reg on my_crypto_core_insti_4/u_encryptor/feistel_encrypt_u/L_reg_reg[0][0][74] cannot be supported because of smaller than expected depth of fanout-free flop chain.
WARNING: [Synth 8-5591] srl_style attribute value reg_srl_reg on my_crypto_core_insti_4/u_encryptor/feistel_encrypt_u/L_reg_reg[0][0][73] cannot be supported because of smaller than expected depth of fanout-free flop chain.
WARNING: [Synth 8-5591] srl_style attribute value reg_srl_reg on my_crypto_core_insti_4/u_encryptor/feistel_encrypt_u/L_reg_reg[0][0][72] cannot be supported because of smaller than expected depth of fanout-free flop chain.
WARNING: [Synth 8-5591] srl_style attribute value reg_srl_reg on my_crypto_core_insti_4/u_encryptor/feistel_encrypt_u/L_reg_reg[0][0][71] cannot be supported because of smaller than expected depth of fanout-free flop chain.
WARNING: [Synth 8-5591] srl_style attribute value reg_srl_reg on my_crypto_core_insti_4/u_encryptor/feistel_encrypt_u/L_reg_reg[0][0][70] cannot be supported because of smaller than expected depth of fanout-free flop chain.
WARNING: [Synth 8-5591] srl_style attribute value reg_srl_reg on my_crypto_core_insti_4/u_encryptor/feistel_encrypt_u/L_reg_reg[0][0][69] cannot be supported because of smaller than expected depth of fanout-free flop chain.
WARNING: [Synth 8-5591] srl_style attribute value reg_srl_reg on my_crypto_core_insti_4/u_encryptor/feistel_encrypt_u/L_reg_reg[0][0][68] cannot be supported because of smaller than expected depth of fanout-free flop chain.
WARNING: [Synth 8-5591] srl_style attribute value reg_srl_reg on my_crypto_core_insti_4/u_encryptor/feistel_encrypt_u/L_reg_reg[0][0][67] cannot be supported because of smaller than expected depth of fanout-free flop chain.
WARNING: [Synth 8-5591] srl_style attribute value reg_srl_reg on my_crypto_core_insti_4/u_encryptor/feistel_encrypt_u/L_reg_reg[0][0][66] cannot be supported because of smaller than expected depth of fanout-free flop chain.
WARNING: [Synth 8-5591] srl_style attribute value reg_srl_reg on my_crypto_core_insti_4/u_encryptor/feistel_encrypt_u/L_reg_reg[0][0][65] cannot be supported because of smaller than expected depth of fanout-free flop chain.
WARNING: [Synth 8-5591] srl_style attribute value reg_srl_reg on my_crypto_core_insti_4/u_encryptor/feistel_encrypt_u/L_reg_reg[0][0][64] cannot be supported because of smaller than expected depth of fanout-free flop chain.
WARNING: [Synth 8-5591] srl_style attribute value reg_srl_reg on my_crypto_core_insti_4/u_encryptor/feistel_encrypt_u/L_reg_reg[0][0][63] cannot be supported because of smaller than expected depth of fanout-free flop chain.
WARNING: [Synth 8-5591] srl_style attribute value reg_srl_reg on my_crypto_core_insti_4/u_encryptor/feistel_encrypt_u/L_reg_reg[0][0][62] cannot be supported because of smaller than expected depth of fanout-free flop chain.
WARNING: [Synth 8-5591] srl_style attribute value reg_srl_reg on my_crypto_core_insti_4/u_encryptor/feistel_encrypt_u/L_reg_reg[0][0][61] cannot be supported because of smaller than expected depth of fanout-free flop chain.
WARNING: [Synth 8-5591] srl_style attribute value reg_srl_reg on my_crypto_core_insti_4/u_encryptor/feistel_encrypt_u/L_reg_reg[0][0][60] cannot be supported because of smaller than expected depth of fanout-free flop chain.
WARNING: [Synth 8-5591] srl_style attribute value reg_srl_reg on my_crypto_core_insti_4/u_encryptor/feistel_encrypt_u/L_reg_reg[0][0][59] cannot be supported because of smaller than expected depth of fanout-free flop chain.
WARNING: [Synth 8-5591] srl_style attribute value reg_srl_reg on my_crypto_core_insti_4/u_encryptor/feistel_encrypt_u/L_reg_reg[0][0][58] cannot be supported because of smaller than expected depth of fanout-free flop chain.
WARNING: [Synth 8-5591] srl_style attribute value reg_srl_reg on my_crypto_core_insti_4/u_encryptor/feistel_encrypt_u/L_reg_reg[0][0][57] cannot be supported because of smaller than expected depth of fanout-free flop chain.
WARNING: [Synth 8-5591] srl_style attribute value reg_srl_reg on my_crypto_core_insti_4/u_encryptor/feistel_encrypt_u/L_reg_reg[0][0][56] cannot be supported because of smaller than expected depth of fanout-free flop chain.
WARNING: [Synth 8-5591] srl_style attribute value reg_srl_reg on my_crypto_core_insti_4/u_encryptor/feistel_encrypt_u/L_reg_reg[0][0][55] cannot be supported because of smaller than expected depth of fanout-free flop chain.
WARNING: [Synth 8-5591] srl_style attribute value reg_srl_reg on my_crypto_core_insti_4/u_encryptor/feistel_encrypt_u/L_reg_reg[0][0][54] cannot be supported because of smaller than expected depth of fanout-free flop chain.
WARNING: [Synth 8-5591] srl_style attribute value reg_srl_reg on my_crypto_core_insti_4/u_encryptor/feistel_encrypt_u/L_reg_reg[0][0][53] cannot be supported because of smaller than expected depth of fanout-free flop chain.
WARNING: [Synth 8-5591] srl_style attribute value reg_srl_reg on my_crypto_core_insti_4/u_encryptor/feistel_encrypt_u/L_reg_reg[0][0][52] cannot be supported because of smaller than expected depth of fanout-free flop chain.
WARNING: [Synth 8-5591] srl_style attribute value reg_srl_reg on my_crypto_core_insti_4/u_encryptor/feistel_encrypt_u/L_reg_reg[0][0][51] cannot be supported because of smaller than expected depth of fanout-free flop chain.
WARNING: [Synth 8-5591] srl_style attribute value reg_srl_reg on my_crypto_core_insti_4/u_encryptor/feistel_encrypt_u/L_reg_reg[0][0][50] cannot be supported because of smaller than expected depth of fanout-free flop chain.
WARNING: [Synth 8-5591] srl_style attribute value reg_srl_reg on my_crypto_core_insti_4/u_encryptor/feistel_encrypt_u/L_reg_reg[0][0][49] cannot be supported because of smaller than expected depth of fanout-free flop chain.
WARNING: [Synth 8-5591] srl_style attribute value reg_srl_reg on my_crypto_core_insti_4/u_encryptor/feistel_encrypt_u/L_reg_reg[0][0][48] cannot be supported because of smaller than expected depth of fanout-free flop chain.
WARNING: [Synth 8-5591] srl_style attribute value reg_srl_reg on my_crypto_core_insti_4/u_encryptor/feistel_encrypt_u/L_reg_reg[0][0][47] cannot be supported because of smaller than expected depth of fanout-free flop chain.
WARNING: [Synth 8-5591] srl_style attribute value reg_srl_reg on my_crypto_core_insti_4/u_encryptor/feistel_encrypt_u/L_reg_reg[0][0][46] cannot be supported because of smaller than expected depth of fanout-free flop chain.
WARNING: [Synth 8-5591] srl_style attribute value reg_srl_reg on my_crypto_core_insti_4/u_encryptor/feistel_encrypt_u/L_reg_reg[0][0][45] cannot be supported because of smaller than expected depth of fanout-free flop chain.
WARNING: [Synth 8-5591] srl_style attribute value reg_srl_reg on my_crypto_core_insti_4/u_encryptor/feistel_encrypt_u/L_reg_reg[0][0][44] cannot be supported because of smaller than expected depth of fanout-free flop chain.
WARNING: [Synth 8-5591] srl_style attribute value reg_srl_reg on my_crypto_core_insti_4/u_encryptor/feistel_encrypt_u/L_reg_reg[0][0][43] cannot be supported because of smaller than expected depth of fanout-free flop chain.
WARNING: [Synth 8-5591] srl_style attribute value reg_srl_reg on my_crypto_core_insti_4/u_encryptor/feistel_encrypt_u/L_reg_reg[0][0][42] cannot be supported because of smaller than expected depth of fanout-free flop chain.
WARNING: [Synth 8-5591] srl_style attribute value reg_srl_reg on my_crypto_core_insti_4/u_encryptor/feistel_encrypt_u/L_reg_reg[0][0][41] cannot be supported because of smaller than expected depth of fanout-free flop chain.
WARNING: [Synth 8-5591] srl_style attribute value reg_srl_reg on my_crypto_core_insti_4/u_encryptor/feistel_encrypt_u/L_reg_reg[0][0][40] cannot be supported because of smaller than expected depth of fanout-free flop chain.
WARNING: [Synth 8-5591] srl_style attribute value reg_srl_reg on my_crypto_core_insti_4/u_encryptor/feistel_encrypt_u/L_reg_reg[0][0][39] cannot be supported because of smaller than expected depth of fanout-free flop chain.
WARNING: [Synth 8-5591] srl_style attribute value reg_srl_reg on my_crypto_core_insti_4/u_encryptor/feistel_encrypt_u/L_reg_reg[0][0][38] cannot be supported because of smaller than expected depth of fanout-free flop chain.
WARNING: [Synth 8-5591] srl_style attribute value reg_srl_reg on my_crypto_core_insti_4/u_encryptor/feistel_encrypt_u/L_reg_reg[0][0][37] cannot be supported because of smaller than expected depth of fanout-free flop chain.
WARNING: [Synth 8-5591] srl_style attribute value reg_srl_reg on my_crypto_core_insti_4/u_encryptor/feistel_encrypt_u/L_reg_reg[0][0][36] cannot be supported because of smaller than expected depth of fanout-free flop chain.
WARNING: [Synth 8-5591] srl_style attribute value reg_srl_reg on my_crypto_core_insti_4/u_encryptor/feistel_encrypt_u/L_reg_reg[0][0][35] cannot be supported because of smaller than expected depth of fanout-free flop chain.
WARNING: [Synth 8-5591] srl_style attribute value reg_srl_reg on my_crypto_core_insti_4/u_encryptor/feistel_encrypt_u/L_reg_reg[0][0][34] cannot be supported because of smaller than expected depth of fanout-free flop chain.
WARNING: [Synth 8-5591] srl_style attribute value reg_srl_reg on my_crypto_core_insti_4/u_encryptor/feistel_encrypt_u/L_reg_reg[0][0][33] cannot be supported because of smaller than expected depth of fanout-free flop chain.
WARNING: [Synth 8-5591] srl_style attribute value reg_srl_reg on my_crypto_core_insti_4/u_encryptor/feistel_encrypt_u/L_reg_reg[0][0][32] cannot be supported because of smaller than expected depth of fanout-free flop chain.
WARNING: [Synth 8-5591] srl_style attribute value reg_srl_reg on my_crypto_core_insti_4/u_encryptor/feistel_encrypt_u/L_reg_reg[0][0][31] cannot be supported because of smaller than expected depth of fanout-free flop chain.
WARNING: [Synth 8-5591] srl_style attribute value reg_srl_reg on my_crypto_core_insti_4/u_encryptor/feistel_encrypt_u/L_reg_reg[0][0][30] cannot be supported because of smaller than expected depth of fanout-free flop chain.
WARNING: [Synth 8-5591] srl_style attribute value reg_srl_reg on my_crypto_core_insti_4/u_encryptor/feistel_encrypt_u/L_reg_reg[0][0][29] cannot be supported because of smaller than expected depth of fanout-free flop chain.
WARNING: [Synth 8-5591] srl_style attribute value reg_srl_reg on my_crypto_core_insti_4/u_encryptor/feistel_encrypt_u/L_reg_reg[0][0][28] cannot be supported because of smaller than expected depth of fanout-free flop chain.
INFO: [Common 17-14] Message 'Synth 8-5591' appears 100 times and further instances of the messages will be disabled. Use the Tcl command set_msg_config to change the current settings.
INFO: [Synth 8-7052] The timing for the instance inst/crypto_engine_v1_0_S00_AXI_inst/my_crypto_core_inst/u_key_gen/u_sub/MEM_WRITE[0].sbox_slice_reg[0][197] (implemented as a Block RAM) might be sub-optimal as no optional output register could be merged into the ram block. Providing additional output register may help in improving timing.
INFO: [Synth 8-7052] The timing for the instance inst/crypto_engine_v1_0_S00_AXI_inst/my_crypto_core_inst/u_key_gen/u_sub/MEM_WRITE[1].sbox_slice_reg[1][197] (implemented as a Block RAM) might be sub-optimal as no optional output register could be merged into the ram block. Providing additional output register may help in improving timing.
INFO: [Synth 8-7052] The timing for the instance inst/crypto_engine_v1_0_S00_AXI_inst/my_crypto_core_inst/u_key_gen/u_sub/MEM_WRITE[2].sbox_slice_reg[2][197] (implemented as a Block RAM) might be sub-optimal as no optional output register could be merged into the ram block. Providing additional output register may help in improving timing.
INFO: [Synth 8-7052] The timing for the instance inst/crypto_engine_v1_0_S00_AXI_inst/my_crypto_core_inst/u_key_gen/u_sub/MEM_WRITE[3].sbox_slice_reg[3][197] (implemented as a Block RAM) might be sub-optimal as no optional output register could be merged into the ram block. Providing additional output register may help in improving timing.
INFO: [Synth 8-7052] The timing for the instance inst/crypto_engine_v1_0_S00_AXI_inst/my_crypto_core_inst/u_key_gen/u_sub/MEM_WRITE[4].sbox_slice_reg[4][197] (implemented as a Block RAM) might be sub-optimal as no optional output register could be merged into the ram block. Providing additional output register may help in improving timing.
INFO: [Synth 8-7052] The timing for the instance inst/crypto_engine_v1_0_S00_AXI_inst/my_crypto_core_inst/u_key_gen/u_sub/MEM_WRITE[5].sbox_slice_reg[5][197] (implemented as a Block RAM) might be sub-optimal as no optional output register could be merged into the ram block. Providing additional output register may help in improving timing.
INFO: [Synth 8-7052] The timing for the instance inst/crypto_engine_v1_0_S00_AXI_inst/my_crypto_core_inst/u_key_gen/u_sub/MEM_WRITE[6].sbox_slice_reg[6][197] (implemented as a Block RAM) might be sub-optimal as no optional output register could be merged into the ram block. Providing additional output register may help in improving timing.
INFO: [Synth 8-7052] The timing for the instance inst/crypto_engine_v1_0_S00_AXI_inst/my_crypto_core_inst/u_key_gen/u_sub/MEM_WRITE[7].sbox_slice_reg[7][197] (implemented as a Block RAM) might be sub-optimal as no optional output register could be merged into the ram block. Providing additional output register may help in improving timing.
INFO: [Synth 8-7052] The timing for the instance inst/crypto_engine_v1_0_S00_AXI_inst/my_crypto_core_inst/u_key_gen/u_sub/MEM_WRITE[8].sbox_slice_reg[8][197] (implemented as a Block RAM) might be sub-optimal as no optional output register could be merged into the ram block. Providing additional output register may help in improving timing.
INFO: [Synth 8-7052] The timing for the instance inst/crypto_engine_v1_0_S00_AXI_inst/my_crypto_core_inst/u_key_gen/u_sub/MEM_WRITE[9].sbox_slice_reg[9][197] (implemented as a Block RAM) might be sub-optimal as no optional output register could be merged into the ram block. Providing additional output register may help in improving timing.
INFO: [Synth 8-7052] The timing for the instance inst/crypto_engine_v1_0_S00_AXI_inst/my_crypto_core_inst/u_key_gen/u_sub/MEM_WRITE[10].sbox_slice_reg[10][197] (implemented as a Block RAM) might be sub-optimal as no optional output register could be merged into the ram block. Providing additional output register may help in improving timing.
INFO: [Synth 8-7052] The timing for the instance inst/crypto_engine_v1_0_S00_AXI_inst/my_crypto_core_inst/u_key_gen/u_sub/MEM_WRITE[11].sbox_slice_reg[11][197] (implemented as a Block RAM) might be sub-optimal as no optional output register could be merged into the ram block. Providing additional output register may help in improving timing.
INFO: [Synth 8-7052] The timing for the instance inst/crypto_engine_v1_0_S00_AXI_inst/my_crypto_core_inst/u_key_gen/u_sub/MEM_WRITE[12].sbox_slice_reg[12][197] (implemented as a Block RAM) might be sub-optimal as no optional output register could be merged into the ram block. Providing additional output register may help in improving timing.
INFO: [Synth 8-7052] The timing for the instance inst/crypto_engine_v1_0_S00_AXI_inst/my_crypto_core_inst/u_key_gen/u_sub/MEM_WRITE[13].sbox_slice_reg[13][197] (implemented as a Block RAM) might be sub-optimal as no optional output register could be merged into the ram block. Providing additional output register may help in improving timing.
INFO: [Synth 8-7052] The timing for the instance inst/crypto_engine_v1_0_S00_AXI_inst/my_crypto_core_inst/u_key_gen/u_sub/MEM_WRITE[14].sbox_slice_reg[14][197] (implemented as a Block RAM) might be sub-optimal as no optional output register could be merged into the ram block. Providing additional output register may help in improving timing.
INFO: [Synth 8-7052] The timing for the instance inst/crypto_engine_v1_0_S00_AXI_inst/my_crypto_core_inst/u_key_gen/u_sub/MEM_WRITE[15].sbox_slice_reg[15][197] (implemented as a Block RAM) might be sub-optimal as no optional output register could be merged into the ram block. Providing additional output register may help in improving timing.
INFO: [Synth 8-7052] The timing for the instance inst/crypto_engine_v1_0_S00_AXI_inst/my_crypto_core_inst/u_encryptor/feistel_encrypt_u/ROUND_LOGIC[0].f_inst/u_sub/MEM_WRITE[0].sbox_slice_reg[0][197] (implemented as a Block RAM) might be sub-optimal as no optional output register could be merged into the ram block. Providing additional output register may help in improving timing.
INFO: [Synth 8-7052] The timing for the instance inst/crypto_engine_v1_0_S00_AXI_inst/my_crypto_core_inst/u_encryptor/feistel_encrypt_u/ROUND_LOGIC[0].f_inst/u_sub/MEM_WRITE[1].sbox_slice_reg[1][197] (implemented as a Block RAM) might be sub-optimal as no optional output register could be merged into the ram block. Providing additional output register may help in improving timing.
INFO: [Synth 8-7052] The timing for the instance inst/crypto_engine_v1_0_S00_AXI_inst/my_crypto_core_inst/u_encryptor/feistel_encrypt_u/ROUND_LOGIC[0].f_inst/u_sub/MEM_WRITE[2].sbox_slice_reg[2][197] (implemented as a Block RAM) might be sub-optimal as no optional output register could be merged into the ram block. Providing additional output register may help in improving timing.
INFO: [Synth 8-7052] The timing for the instance inst/crypto_engine_v1_0_S00_AXI_inst/my_crypto_core_inst/u_encryptor/feistel_encrypt_u/ROUND_LOGIC[0].f_inst/u_sub/MEM_WRITE[3].sbox_slice_reg[3][197] (implemented as a Block RAM) might be sub-optimal as no optional output register could be merged into the ram block. Providing additional output register may help in improving timing.
INFO: [Synth 8-7052] The timing for the instance inst/crypto_engine_v1_0_S00_AXI_inst/my_crypto_core_inst/u_encryptor/feistel_encrypt_u/ROUND_LOGIC[0].f_inst/u_sub/MEM_WRITE[4].sbox_slice_reg[4][197] (implemented as a Block RAM) might be sub-optimal as no optional output register could be merged into the ram block. Providing additional output register may help in improving timing.
INFO: [Synth 8-7052] The timing for the instance inst/crypto_engine_v1_0_S00_AXI_inst/my_crypto_core_inst/u_encryptor/feistel_encrypt_u/ROUND_LOGIC[0].f_inst/u_sub/MEM_WRITE[5].sbox_slice_reg[5][197] (implemented as a Block RAM) might be sub-optimal as no optional output register could be merged into the ram block. Providing additional output register may help in improving timing.
INFO: [Synth 8-7052] The timing for the instance inst/crypto_engine_v1_0_S00_AXI_inst/my_crypto_core_inst/u_encryptor/feistel_encrypt_u/ROUND_LOGIC[0].f_inst/u_sub/MEM_WRITE[6].sbox_slice_reg[6][197] (implemented as a Block RAM) might be sub-optimal as no optional output register could be merged into the ram block. Providing additional output register may help in improving timing.
INFO: [Synth 8-7052] The timing for the instance inst/crypto_engine_v1_0_S00_AXI_inst/my_crypto_core_inst/u_encryptor/feistel_encrypt_u/ROUND_LOGIC[0].f_inst/u_sub/MEM_WRITE[7].sbox_slice_reg[7][197] (implemented as a Block RAM) might be sub-optimal as no optional output register could be merged into the ram block. Providing additional output register may help in improving timing.
INFO: [Synth 8-7052] The timing for the instance inst/crypto_engine_v1_0_S00_AXI_inst/my_crypto_core_inst/u_encryptor/feistel_encrypt_u/ROUND_LOGIC[0].f_inst/u_sub/MEM_WRITE[8].sbox_slice_reg[8][197] (implemented as a Block RAM) might be sub-optimal as no optional output register could be merged into the ram block. Providing additional output register may help in improving timing.
INFO: [Synth 8-7052] The timing for the instance inst/crypto_engine_v1_0_S00_AXI_inst/my_crypto_core_inst/u_encryptor/feistel_encrypt_u/ROUND_LOGIC[0].f_inst/u_sub/MEM_WRITE[9].sbox_slice_reg[9][197] (implemented as a Block RAM) might be sub-optimal as no optional output register could be merged into the ram block. Providing additional output register may help in improving timing.
INFO: [Synth 8-7052] The timing for the instance inst/crypto_engine_v1_0_S00_AXI_inst/my_crypto_core_inst/u_encryptor/feistel_encrypt_u/ROUND_LOGIC[0].f_inst/u_sub/MEM_WRITE[10].sbox_slice_reg[10][197] (implemented as a Block RAM) might be sub-optimal as no optional output register could be merged into the ram block. Providing additional output register may help in improving timing.
INFO: [Synth 8-7052] The timing for the instance inst/crypto_engine_v1_0_S00_AXI_inst/my_crypto_core_inst/u_encryptor/feistel_encrypt_u/ROUND_LOGIC[0].f_inst/u_sub/MEM_WRITE[11].sbox_slice_reg[11][197] (implemented as a Block RAM) might be sub-optimal as no optional output register could be merged into the ram block. Providing additional output register may help in improving timing.
INFO: [Synth 8-7052] The timing for the instance inst/crypto_engine_v1_0_S00_AXI_inst/my_crypto_core_inst/u_encryptor/feistel_encrypt_u/ROUND_LOGIC[0].f_inst/u_sub/MEM_WRITE[12].sbox_slice_reg[12][197] (implemented as a Block RAM) might be sub-optimal as no optional output register could be merged into the ram block. Providing additional output register may help in improving timing.
INFO: [Synth 8-7052] The timing for the instance inst/crypto_engine_v1_0_S00_AXI_inst/my_crypto_core_inst/u_encryptor/feistel_encrypt_u/ROUND_LOGIC[0].f_inst/u_sub/MEM_WRITE[13].sbox_slice_reg[13][197] (implemented as a Block RAM) might be sub-optimal as no optional output register could be merged into the ram block. Providing additional output register may help in improving timing.
INFO: [Synth 8-7052] The timing for the instance inst/crypto_engine_v1_0_S00_AXI_inst/my_crypto_core_inst/u_encryptor/feistel_encrypt_u/ROUND_LOGIC[0].f_inst/u_sub/MEM_WRITE[14].sbox_slice_reg[14][197] (implemented as a Block RAM) might be sub-optimal as no optional output register could be merged into the ram block. Providing additional output register may help in improving timing.
INFO: [Synth 8-7052] The timing for the instance inst/crypto_engine_v1_0_S00_AXI_inst/my_crypto_core_inst/u_encryptor/feistel_encrypt_u/ROUND_LOGIC[0].f_inst/u_sub/MEM_WRITE[15].sbox_slice_reg[15][197] (implemented as a Block RAM) might be sub-optimal as no optional output register could be merged into the ram block. Providing additional output register may help in improving timing.
INFO: [Synth 8-7052] The timing for the instance inst/crypto_engine_v1_0_S00_AXI_inst/my_crypto_core_inst/u_encryptor/feistel_encrypt_u/ROUND_LOGIC[1].f_inst/u_sub/MEM_WRITE[0].sbox_slice_reg[0][197] (implemented as a Block RAM) might be sub-optimal as no optional output register could be merged into the ram block. Providing additional output register may help in improving timing.
INFO: [Synth 8-7052] The timing for the instance inst/crypto_engine_v1_0_S00_AXI_inst/my_crypto_core_inst/u_encryptor/feistel_encrypt_u/ROUND_LOGIC[1].f_inst/u_sub/MEM_WRITE[1].sbox_slice_reg[1][197] (implemented as a Block RAM) might be sub-optimal as no optional output register could be merged into the ram block. Providing additional output register may help in improving timing.
INFO: [Synth 8-7052] The timing for the instance inst/crypto_engine_v1_0_S00_AXI_inst/my_crypto_core_inst/u_encryptor/feistel_encrypt_u/ROUND_LOGIC[1].f_inst/u_sub/MEM_WRITE[2].sbox_slice_reg[2][197] (implemented as a Block RAM) might be sub-optimal as no optional output register could be merged into the ram block. Providing additional output register may help in improving timing.
INFO: [Synth 8-7052] The timing for the instance inst/crypto_engine_v1_0_S00_AXI_inst/my_crypto_core_inst/u_encryptor/feistel_encrypt_u/ROUND_LOGIC[1].f_inst/u_sub/MEM_WRITE[3].sbox_slice_reg[3][197] (implemented as a Block RAM) might be sub-optimal as no optional output register could be merged into the ram block. Providing additional output register may help in improving timing.
INFO: [Synth 8-7052] The timing for the instance inst/crypto_engine_v1_0_S00_AXI_inst/my_crypto_core_inst/u_encryptor/feistel_encrypt_u/ROUND_LOGIC[1].f_inst/u_sub/MEM_WRITE[4].sbox_slice_reg[4][197] (implemented as a Block RAM) might be sub-optimal as no optional output register could be merged into the ram block. Providing additional output register may help in improving timing.
INFO: [Synth 8-7052] The timing for the instance inst/crypto_engine_v1_0_S00_AXI_inst/my_crypto_core_inst/u_encryptor/feistel_encrypt_u/ROUND_LOGIC[1].f_inst/u_sub/MEM_WRITE[5].sbox_slice_reg[5][197] (implemented as a Block RAM) might be sub-optimal as no optional output register could be merged into the ram block. Providing additional output register may help in improving timing.
INFO: [Synth 8-7052] The timing for the instance inst/crypto_engine_v1_0_S00_AXI_inst/my_crypto_core_inst/u_encryptor/feistel_encrypt_u/ROUND_LOGIC[1].f_inst/u_sub/MEM_WRITE[6].sbox_slice_reg[6][197] (implemented as a Block RAM) might be sub-optimal as no optional output register could be merged into the ram block. Providing additional output register may help in improving timing.
INFO: [Synth 8-7052] The timing for the instance inst/crypto_engine_v1_0_S00_AXI_inst/my_crypto_core_inst/u_encryptor/feistel_encrypt_u/ROUND_LOGIC[1].f_inst/u_sub/MEM_WRITE[7].sbox_slice_reg[7][197] (implemented as a Block RAM) might be sub-optimal as no optional output register could be merged into the ram block. Providing additional output register may help in improving timing.
INFO: [Synth 8-7052] The timing for the instance inst/crypto_engine_v1_0_S00_AXI_inst/my_crypto_core_inst/u_encryptor/feistel_encrypt_u/ROUND_LOGIC[1].f_inst/u_sub/MEM_WRITE[8].sbox_slice_reg[8][197] (implemented as a Block RAM) might be sub-optimal as no optional output register could be merged into the ram block. Providing additional output register may help in improving timing.
INFO: [Synth 8-7052] The timing for the instance inst/crypto_engine_v1_0_S00_AXI_inst/my_crypto_core_inst/u_encryptor/feistel_encrypt_u/ROUND_LOGIC[1].f_inst/u_sub/MEM_WRITE[9].sbox_slice_reg[9][197] (implemented as a Block RAM) might be sub-optimal as no optional output register could be merged into the ram block. Providing additional output register may help in improving timing.
INFO: [Synth 8-7052] The timing for the instance inst/crypto_engine_v1_0_S00_AXI_inst/my_crypto_core_inst/u_encryptor/feistel_encrypt_u/ROUND_LOGIC[1].f_inst/u_sub/MEM_WRITE[10].sbox_slice_reg[10][197] (implemented as a Block RAM) might be sub-optimal as no optional output register could be merged into the ram block. Providing additional output register may help in improving timing.
INFO: [Synth 8-7052] The timing for the instance inst/crypto_engine_v1_0_S00_AXI_inst/my_crypto_core_inst/u_encryptor/feistel_encrypt_u/ROUND_LOGIC[1].f_inst/u_sub/MEM_WRITE[11].sbox_slice_reg[11][197] (implemented as a Block RAM) might be sub-optimal as no optional output register could be merged into the ram block. Providing additional output register may help in improving timing.
INFO: [Synth 8-7052] The timing for the instance inst/crypto_engine_v1_0_S00_AXI_inst/my_crypto_core_inst/u_encryptor/feistel_encrypt_u/ROUND_LOGIC[1].f_inst/u_sub/MEM_WRITE[12].sbox_slice_reg[12][197] (implemented as a Block RAM) might be sub-optimal as no optional output register could be merged into the ram block. Providing additional output register may help in improving timing.
INFO: [Synth 8-7052] The timing for the instance inst/crypto_engine_v1_0_S00_AXI_inst/my_crypto_core_inst/u_encryptor/feistel_encrypt_u/ROUND_LOGIC[1].f_inst/u_sub/MEM_WRITE[13].sbox_slice_reg[13][197] (implemented as a Block RAM) might be sub-optimal as no optional output register could be merged into the ram block. Providing additional output register may help in improving timing.
INFO: [Synth 8-7052] The timing for the instance inst/crypto_engine_v1_0_S00_AXI_inst/my_crypto_core_inst/u_encryptor/feistel_encrypt_u/ROUND_LOGIC[1].f_inst/u_sub/MEM_WRITE[14].sbox_slice_reg[14][197] (implemented as a Block RAM) might be sub-optimal as no optional output register could be merged into the ram block. Providing additional output register may help in improving timing.
INFO: [Synth 8-7052] The timing for the instance inst/crypto_engine_v1_0_S00_AXI_inst/my_crypto_core_inst/u_encryptor/feistel_encrypt_u/ROUND_LOGIC[1].f_inst/u_sub/MEM_WRITE[15].sbox_slice_reg[15][197] (implemented as a Block RAM) might be sub-optimal as no optional output register could be merged into the ram block. Providing additional output register may help in improving timing.
INFO: [Synth 8-7052] The timing for the instance inst/crypto_engine_v1_0_S00_AXI_inst/my_crypto_core_inst/u_encryptor/feistel_encrypt_u/ROUND_LOGIC[2].f_inst/u_sub/MEM_WRITE[0].sbox_slice_reg[0][197] (implemented as a Block RAM) might be sub-optimal as no optional output register could be merged into the ram block. Providing additional output register may help in improving timing.
INFO: [Synth 8-7052] The timing for the instance inst/crypto_engine_v1_0_S00_AXI_inst/my_crypto_core_inst/u_encryptor/feistel_encrypt_u/ROUND_LOGIC[2].f_inst/u_sub/MEM_WRITE[1].sbox_slice_reg[1][197] (implemented as a Block RAM) might be sub-optimal as no optional output register could be merged into the ram block. Providing additional output register may help in improving timing.
INFO: [Synth 8-7052] The timing for the instance inst/crypto_engine_v1_0_S00_AXI_inst/my_crypto_core_inst/u_encryptor/feistel_encrypt_u/ROUND_LOGIC[2].f_inst/u_sub/MEM_WRITE[2].sbox_slice_reg[2][197] (implemented as a Block RAM) might be sub-optimal as no optional output register could be merged into the ram block. Providing additional output register may help in improving timing.
INFO: [Synth 8-7052] The timing for the instance inst/crypto_engine_v1_0_S00_AXI_inst/my_crypto_core_inst/u_encryptor/feistel_encrypt_u/ROUND_LOGIC[2].f_inst/u_sub/MEM_WRITE[3].sbox_slice_reg[3][197] (implemented as a Block RAM) might be sub-optimal as no optional output register could be merged into the ram block. Providing additional output register may help in improving timing.
INFO: [Synth 8-7052] The timing for the instance inst/crypto_engine_v1_0_S00_AXI_inst/my_crypto_core_inst/u_encryptor/feistel_encrypt_u/ROUND_LOGIC[2].f_inst/u_sub/MEM_WRITE[4].sbox_slice_reg[4][197] (implemented as a Block RAM) might be sub-optimal as no optional output register could be merged into the ram block. Providing additional output register may help in improving timing.
INFO: [Synth 8-7052] The timing for the instance inst/crypto_engine_v1_0_S00_AXI_inst/my_crypto_core_inst/u_encryptor/feistel_encrypt_u/ROUND_LOGIC[2].f_inst/u_sub/MEM_WRITE[5].sbox_slice_reg[5][197] (implemented as a Block RAM) might be sub-optimal as no optional output register could be merged into the ram block. Providing additional output register may help in improving timing.
INFO: [Synth 8-7052] The timing for the instance inst/crypto_engine_v1_0_S00_AXI_inst/my_crypto_core_inst/u_encryptor/feistel_encrypt_u/ROUND_LOGIC[2].f_inst/u_sub/MEM_WRITE[6].sbox_slice_reg[6][197] (implemented as a Block RAM) might be sub-optimal as no optional output register could be merged into the ram block. Providing additional output register may help in improving timing.
INFO: [Synth 8-7052] The timing for the instance inst/crypto_engine_v1_0_S00_AXI_inst/my_crypto_core_inst/u_encryptor/feistel_encrypt_u/ROUND_LOGIC[2].f_inst/u_sub/MEM_WRITE[7].sbox_slice_reg[7][197] (implemented as a Block RAM) might be sub-optimal as no optional output register could be merged into the ram block. Providing additional output register may help in improving timing.
INFO: [Synth 8-7052] The timing for the instance inst/crypto_engine_v1_0_S00_AXI_inst/my_crypto_core_inst/u_encryptor/feistel_encrypt_u/ROUND_LOGIC[2].f_inst/u_sub/MEM_WRITE[8].sbox_slice_reg[8][197] (implemented as a Block RAM) might be sub-optimal as no optional output register could be merged into the ram block. Providing additional output register may help in improving timing.
INFO: [Synth 8-7052] The timing for the instance inst/crypto_engine_v1_0_S00_AXI_inst/my_crypto_core_inst/u_encryptor/feistel_encrypt_u/ROUND_LOGIC[2].f_inst/u_sub/MEM_WRITE[9].sbox_slice_reg[9][197] (implemented as a Block RAM) might be sub-optimal as no optional output register could be merged into the ram block. Providing additional output register may help in improving timing.
INFO: [Synth 8-7052] The timing for the instance inst/crypto_engine_v1_0_S00_AXI_inst/my_crypto_core_inst/u_encryptor/feistel_encrypt_u/ROUND_LOGIC[2].f_inst/u_sub/MEM_WRITE[10].sbox_slice_reg[10][197] (implemented as a Block RAM) might be sub-optimal as no optional output register could be merged into the ram block. Providing additional output register may help in improving timing.
INFO: [Synth 8-7052] The timing for the instance inst/crypto_engine_v1_0_S00_AXI_inst/my_crypto_core_inst/u_encryptor/feistel_encrypt_u/ROUND_LOGIC[2].f_inst/u_sub/MEM_WRITE[11].sbox_slice_reg[11][197] (implemented as a Block RAM) might be sub-optimal as no optional output register could be merged into the ram block. Providing additional output register may help in improving timing.
INFO: [Synth 8-7052] The timing for the instance inst/crypto_engine_v1_0_S00_AXI_inst/my_crypto_core_inst/u_encryptor/feistel_encrypt_u/ROUND_LOGIC[2].f_inst/u_sub/MEM_WRITE[12].sbox_slice_reg[12][197] (implemented as a Block RAM) might be sub-optimal as no optional output register could be merged into the ram block. Providing additional output register may help in improving timing.
INFO: [Synth 8-7052] The timing for the instance inst/crypto_engine_v1_0_S00_AXI_inst/my_crypto_core_inst/u_encryptor/feistel_encrypt_u/ROUND_LOGIC[2].f_inst/u_sub/MEM_WRITE[13].sbox_slice_reg[13][197] (implemented as a Block RAM) might be sub-optimal as no optional output register could be merged into the ram block. Providing additional output register may help in improving timing.
INFO: [Synth 8-7052] The timing for the instance inst/crypto_engine_v1_0_S00_AXI_inst/my_crypto_core_inst/u_encryptor/feistel_encrypt_u/ROUND_LOGIC[2].f_inst/u_sub/MEM_WRITE[14].sbox_slice_reg[14][197] (implemented as a Block RAM) might be sub-optimal as no optional output register could be merged into the ram block. Providing additional output register may help in improving timing.
INFO: [Synth 8-7052] The timing for the instance inst/crypto_engine_v1_0_S00_AXI_inst/my_crypto_core_inst/u_encryptor/feistel_encrypt_u/ROUND_LOGIC[2].f_inst/u_sub/MEM_WRITE[15].sbox_slice_reg[15][197] (implemented as a Block RAM) might be sub-optimal as no optional output register could be merged into the ram block. Providing additional output register may help in improving timing.
INFO: [Synth 8-7052] The timing for the instance inst/crypto_engine_v1_0_S00_AXI_inst/my_crypto_core_inst/u_encryptor/feistel_encrypt_u/ROUND_LOGIC[3].f_inst/u_sub/MEM_WRITE[0].sbox_slice_reg[0][197] (implemented as a Block RAM) might be sub-optimal as no optional output register could be merged into the ram block. Providing additional output register may help in improving timing.
INFO: [Synth 8-7052] The timing for the instance inst/crypto_engine_v1_0_S00_AXI_inst/my_crypto_core_inst/u_encryptor/feistel_encrypt_u/ROUND_LOGIC[3].f_inst/u_sub/MEM_WRITE[1].sbox_slice_reg[1][197] (implemented as a Block RAM) might be sub-optimal as no optional output register could be merged into the ram block. Providing additional output register may help in improving timing.
INFO: [Synth 8-7052] The timing for the instance inst/crypto_engine_v1_0_S00_AXI_inst/my_crypto_core_inst/u_encryptor/feistel_encrypt_u/ROUND_LOGIC[3].f_inst/u_sub/MEM_WRITE[2].sbox_slice_reg[2][197] (implemented as a Block RAM) might be sub-optimal as no optional output register could be merged into the ram block. Providing additional output register may help in improving timing.
INFO: [Synth 8-7052] The timing for the instance inst/crypto_engine_v1_0_S00_AXI_inst/my_crypto_core_inst/u_encryptor/feistel_encrypt_u/ROUND_LOGIC[3].f_inst/u_sub/MEM_WRITE[3].sbox_slice_reg[3][197] (implemented as a Block RAM) might be sub-optimal as no optional output register could be merged into the ram block. Providing additional output register may help in improving timing.
INFO: [Synth 8-7052] The timing for the instance inst/crypto_engine_v1_0_S00_AXI_inst/my_crypto_core_inst/u_encryptor/feistel_encrypt_u/ROUND_LOGIC[3].f_inst/u_sub/MEM_WRITE[4].sbox_slice_reg[4][197] (implemented as a Block RAM) might be sub-optimal as no optional output register could be merged into the ram block. Providing additional output register may help in improving timing.
INFO: [Synth 8-7052] The timing for the instance inst/crypto_engine_v1_0_S00_AXI_inst/my_crypto_core_inst/u_encryptor/feistel_encrypt_u/ROUND_LOGIC[3].f_inst/u_sub/MEM_WRITE[5].sbox_slice_reg[5][197] (implemented as a Block RAM) might be sub-optimal as no optional output register could be merged into the ram block. Providing additional output register may help in improving timing.
INFO: [Synth 8-7052] The timing for the instance inst/crypto_engine_v1_0_S00_AXI_inst/my_crypto_core_inst/u_encryptor/feistel_encrypt_u/ROUND_LOGIC[3].f_inst/u_sub/MEM_WRITE[6].sbox_slice_reg[6][197] (implemented as a Block RAM) might be sub-optimal as no optional output register could be merged into the ram block. Providing additional output register may help in improving timing.
INFO: [Synth 8-7052] The timing for the instance inst/crypto_engine_v1_0_S00_AXI_inst/my_crypto_core_inst/u_encryptor/feistel_encrypt_u/ROUND_LOGIC[3].f_inst/u_sub/MEM_WRITE[7].sbox_slice_reg[7][197] (implemented as a Block RAM) might be sub-optimal as no optional output register could be merged into the ram block. Providing additional output register may help in improving timing.
INFO: [Synth 8-7052] The timing for the instance inst/crypto_engine_v1_0_S00_AXI_inst/my_crypto_core_inst/u_encryptor/feistel_encrypt_u/ROUND_LOGIC[3].f_inst/u_sub/MEM_WRITE[8].sbox_slice_reg[8][197] (implemented as a Block RAM) might be sub-optimal as no optional output register could be merged into the ram block. Providing additional output register may help in improving timing.
INFO: [Synth 8-7052] The timing for the instance inst/crypto_engine_v1_0_S00_AXI_inst/my_crypto_core_inst/u_encryptor/feistel_encrypt_u/ROUND_LOGIC[3].f_inst/u_sub/MEM_WRITE[9].sbox_slice_reg[9][197] (implemented as a Block RAM) might be sub-optimal as no optional output register could be merged into the ram block. Providing additional output register may help in improving timing.
INFO: [Synth 8-7052] The timing for the instance inst/crypto_engine_v1_0_S00_AXI_inst/my_crypto_core_inst/u_encryptor/feistel_encrypt_u/ROUND_LOGIC[3].f_inst/u_sub/MEM_WRITE[10].sbox_slice_reg[10][197] (implemented as a Block RAM) might be sub-optimal as no optional output register could be merged into the ram block. Providing additional output register may help in improving timing.
INFO: [Synth 8-7052] The timing for the instance inst/crypto_engine_v1_0_S00_AXI_inst/my_crypto_core_inst/u_encryptor/feistel_encrypt_u/ROUND_LOGIC[3].f_inst/u_sub/MEM_WRITE[11].sbox_slice_reg[11][197] (implemented as a Block RAM) might be sub-optimal as no optional output register could be merged into the ram block. Providing additional output register may help in improving timing.
INFO: [Synth 8-7052] The timing for the instance inst/crypto_engine_v1_0_S00_AXI_inst/my_crypto_core_inst/u_encryptor/feistel_encrypt_u/ROUND_LOGIC[3].f_inst/u_sub/MEM_WRITE[12].sbox_slice_reg[12][197] (implemented as a Block RAM) might be sub-optimal as no optional output register could be merged into the ram block. Providing additional output register may help in improving timing.
INFO: [Synth 8-7052] The timing for the instance inst/crypto_engine_v1_0_S00_AXI_inst/my_crypto_core_inst/u_encryptor/feistel_encrypt_u/ROUND_LOGIC[3].f_inst/u_sub/MEM_WRITE[13].sbox_slice_reg[13][197] (implemented as a Block RAM) might be sub-optimal as no optional output register could be merged into the ram block. Providing additional output register may help in improving timing.
INFO: [Synth 8-7052] The timing for the instance inst/crypto_engine_v1_0_S00_AXI_inst/my_crypto_core_inst/u_encryptor/feistel_encrypt_u/ROUND_LOGIC[3].f_inst/u_sub/MEM_WRITE[14].sbox_slice_reg[14][197] (implemented as a Block RAM) might be sub-optimal as no optional output register could be merged into the ram block. Providing additional output register may help in improving timing.
INFO: [Synth 8-7052] The timing for the instance inst/crypto_engine_v1_0_S00_AXI_inst/my_crypto_core_inst/u_encryptor/feistel_encrypt_u/ROUND_LOGIC[3].f_inst/u_sub/MEM_WRITE[15].sbox_slice_reg[15][197] (implemented as a Block RAM) might be sub-optimal as no optional output register could be merged into the ram block. Providing additional output register may help in improving timing.
INFO: [Synth 8-7052] The timing for the instance inst/crypto_engine_v1_0_S00_AXI_inst/my_crypto_core_inst/u_encryptor/feistel_encrypt_u/ROUND_LOGIC[4].f_inst/u_sub/MEM_WRITE[0].sbox_slice_reg[0][197] (implemented as a Block RAM) might be sub-optimal as no optional output register could be merged into the ram block. Providing additional output register may help in improving timing.
INFO: [Synth 8-7052] The timing for the instance inst/crypto_engine_v1_0_S00_AXI_inst/my_crypto_core_inst/u_encryptor/feistel_encrypt_u/ROUND_LOGIC[4].f_inst/u_sub/MEM_WRITE[1].sbox_slice_reg[1][197] (implemented as a Block RAM) might be sub-optimal as no optional output register could be merged into the ram block. Providing additional output register may help in improving timing.
INFO: [Synth 8-7052] The timing for the instance inst/crypto_engine_v1_0_S00_AXI_inst/my_crypto_core_inst/u_encryptor/feistel_encrypt_u/ROUND_LOGIC[4].f_inst/u_sub/MEM_WRITE[2].sbox_slice_reg[2][197] (implemented as a Block RAM) might be sub-optimal as no optional output register could be merged into the ram block. Providing additional output register may help in improving timing.
INFO: [Synth 8-7052] The timing for the instance inst/crypto_engine_v1_0_S00_AXI_inst/my_crypto_core_inst/u_encryptor/feistel_encrypt_u/ROUND_LOGIC[4].f_inst/u_sub/MEM_WRITE[3].sbox_slice_reg[3][197] (implemented as a Block RAM) might be sub-optimal as no optional output register could be merged into the ram block. Providing additional output register may help in improving timing.
INFO: [Synth 8-7052] The timing for the instance inst/crypto_engine_v1_0_S00_AXI_inst/my_crypto_core_inst/u_encryptor/feistel_encrypt_u/ROUND_LOGIC[4].f_inst/u_sub/MEM_WRITE[4].sbox_slice_reg[4][197] (implemented as a Block RAM) might be sub-optimal as no optional output register could be merged into the ram block. Providing additional output register may help in improving timing.
INFO: [Synth 8-7052] The timing for the instance inst/crypto_engine_v1_0_S00_AXI_inst/my_crypto_core_inst/u_encryptor/feistel_encrypt_u/ROUND_LOGIC[4].f_inst/u_sub/MEM_WRITE[5].sbox_slice_reg[5][197] (implemented as a Block RAM) might be sub-optimal as no optional output register could be merged into the ram block. Providing additional output register may help in improving timing.
INFO: [Synth 8-7052] The timing for the instance inst/crypto_engine_v1_0_S00_AXI_inst/my_crypto_core_inst/u_encryptor/feistel_encrypt_u/ROUND_LOGIC[4].f_inst/u_sub/MEM_WRITE[6].sbox_slice_reg[6][197] (implemented as a Block RAM) might be sub-optimal as no optional output register could be merged into the ram block. Providing additional output register may help in improving timing.
INFO: [Synth 8-7052] The timing for the instance inst/crypto_engine_v1_0_S00_AXI_inst/my_crypto_core_inst/u_encryptor/feistel_encrypt_u/ROUND_LOGIC[4].f_inst/u_sub/MEM_WRITE[7].sbox_slice_reg[7][197] (implemented as a Block RAM) might be sub-optimal as no optional output register could be merged into the ram block. Providing additional output register may help in improving timing.
INFO: [Synth 8-7052] The timing for the instance inst/crypto_engine_v1_0_S00_AXI_inst/my_crypto_core_inst/u_encryptor/feistel_encrypt_u/ROUND_LOGIC[4].f_inst/u_sub/MEM_WRITE[8].sbox_slice_reg[8][197] (implemented as a Block RAM) might be sub-optimal as no optional output register could be merged into the ram block. Providing additional output register may help in improving timing.
INFO: [Synth 8-7052] The timing for the instance inst/crypto_engine_v1_0_S00_AXI_inst/my_crypto_core_inst/u_encryptor/feistel_encrypt_u/ROUND_LOGIC[4].f_inst/u_sub/MEM_WRITE[9].sbox_slice_reg[9][197] (implemented as a Block RAM) might be sub-optimal as no optional output register could be merged into the ram block. Providing additional output register may help in improving timing.
INFO: [Synth 8-7052] The timing for the instance inst/crypto_engine_v1_0_S00_AXI_inst/my_crypto_core_inst/u_encryptor/feistel_encrypt_u/ROUND_LOGIC[4].f_inst/u_sub/MEM_WRITE[10].sbox_slice_reg[10][197] (implemented as a Block RAM) might be sub-optimal as no optional output register could be merged into the ram block. Providing additional output register may help in improving timing.
INFO: [Synth 8-7052] The timing for the instance inst/crypto_engine_v1_0_S00_AXI_inst/my_crypto_core_inst/u_encryptor/feistel_encrypt_u/ROUND_LOGIC[4].f_inst/u_sub/MEM_WRITE[11].sbox_slice_reg[11][197] (implemented as a Block RAM) might be sub-optimal as no optional output register could be merged into the ram block. Providing additional output register may help in improving timing.
INFO: [Synth 8-7052] The timing for the instance inst/crypto_engine_v1_0_S00_AXI_inst/my_crypto_core_inst/u_encryptor/feistel_encrypt_u/ROUND_LOGIC[4].f_inst/u_sub/MEM_WRITE[12].sbox_slice_reg[12][197] (implemented as a Block RAM) might be sub-optimal as no optional output register could be merged into the ram block. Providing additional output register may help in improving timing.
INFO: [Synth 8-7052] The timing for the instance inst/crypto_engine_v1_0_S00_AXI_inst/my_crypto_core_inst/u_encryptor/feistel_encrypt_u/ROUND_LOGIC[4].f_inst/u_sub/MEM_WRITE[13].sbox_slice_reg[13][197] (implemented as a Block RAM) might be sub-optimal as no optional output register could be merged into the ram block. Providing additional output register may help in improving timing.
INFO: [Synth 8-7052] The timing for the instance inst/crypto_engine_v1_0_S00_AXI_inst/my_crypto_core_inst/u_encryptor/feistel_encrypt_u/ROUND_LOGIC[4].f_inst/u_sub/MEM_WRITE[14].sbox_slice_reg[14][197] (implemented as a Block RAM) might be sub-optimal as no optional output register could be merged into the ram block. Providing additional output register may help in improving timing.
INFO: [Synth 8-7052] The timing for the instance inst/crypto_engine_v1_0_S00_AXI_inst/my_crypto_core_inst/u_encryptor/feistel_encrypt_u/ROUND_LOGIC[4].f_inst/u_sub/MEM_WRITE[15].sbox_slice_reg[15][197] (implemented as a Block RAM) might be sub-optimal as no optional output register could be merged into the ram block. Providing additional output register may help in improving timing.
---------------------------------------------------------------------------------
Finished Technology Mapping : Time (s): cpu = 00:01:28 ; elapsed = 00:01:52 . Memory (MB): peak = 2452.414 ; gain = 813.941 ; free physical = 1836 ; free virtual = 3963
---------------------------------------------------------------------------------
---------------------------------------------------------------------------------
Start IO Insertion
---------------------------------------------------------------------------------
---------------------------------------------------------------------------------
Start Flattening Before IO Insertion
---------------------------------------------------------------------------------
---------------------------------------------------------------------------------
Finished Flattening Before IO Insertion
---------------------------------------------------------------------------------
---------------------------------------------------------------------------------
Start Final Netlist Cleanup
---------------------------------------------------------------------------------
---------------------------------------------------------------------------------
Finished Final Netlist Cleanup
---------------------------------------------------------------------------------
---------------------------------------------------------------------------------
Finished IO Insertion : Time (s): cpu = 00:01:32 ; elapsed = 00:01:56 . Memory (MB): peak = 2452.414 ; gain = 813.941 ; free physical = 1836 ; free virtual = 3963
---------------------------------------------------------------------------------
---------------------------------------------------------------------------------
Start Renaming Generated Instances
---------------------------------------------------------------------------------
---------------------------------------------------------------------------------
Finished Renaming Generated Instances : Time (s): cpu = 00:01:32 ; elapsed = 00:01:56 . Memory (MB): peak = 2452.414 ; gain = 813.941 ; free physical = 1836 ; free virtual = 3963
---------------------------------------------------------------------------------
---------------------------------------------------------------------------------
Start Rebuilding User Hierarchy
---------------------------------------------------------------------------------
---------------------------------------------------------------------------------
Finished Rebuilding User Hierarchy : Time (s): cpu = 00:01:34 ; elapsed = 00:01:58 . Memory (MB): peak = 2452.414 ; gain = 813.941 ; free physical = 1833 ; free virtual = 3966
---------------------------------------------------------------------------------
---------------------------------------------------------------------------------
Start Renaming Generated Ports
---------------------------------------------------------------------------------
---------------------------------------------------------------------------------
Finished Renaming Generated Ports : Time (s): cpu = 00:01:34 ; elapsed = 00:01:59 . Memory (MB): peak = 2452.414 ; gain = 813.941 ; free physical = 1833 ; free virtual = 3966
---------------------------------------------------------------------------------
---------------------------------------------------------------------------------
Start Handling Custom Attributes
---------------------------------------------------------------------------------
---------------------------------------------------------------------------------
Finished Handling Custom Attributes : Time (s): cpu = 00:01:35 ; elapsed = 00:01:59 . Memory (MB): peak = 2452.414 ; gain = 813.941 ; free physical = 1833 ; free virtual = 3965
---------------------------------------------------------------------------------
---------------------------------------------------------------------------------
Start Renaming Generated Nets
---------------------------------------------------------------------------------
---------------------------------------------------------------------------------
Finished Renaming Generated Nets : Time (s): cpu = 00:01:35 ; elapsed = 00:01:59 . Memory (MB): peak = 2452.414 ; gain = 813.941 ; free physical = 1832 ; free virtual = 3967
---------------------------------------------------------------------------------
---------------------------------------------------------------------------------
Start Writing Synthesis Report
---------------------------------------------------------------------------------

DSP Final Report (the ' indicates corresponding REG is set)
+-------------------------------------+-----------------------+--------+--------+--------+--------+--------+------+------+------+------+-------+------+------+
|Module Name                          | DSP Mapping           | A Size | B Size | C Size | D Size | P Size | AREG | BREG | CREG | DREG | ADREG | MREG | PREG | 
+-------------------------------------+-----------------------+--------+--------+--------+--------+--------+------+------+------+------+-------+------+------+
|dsp48e1_wrapper_2908                 | ((A'*B')')'           | 24     | 17     | -      | -      | 41     | 1    | 1    | -    | -    | -     | 1    | 1    | 
|dsp48e1_wrapper__parameterized0_2909 | (PCIN>>17+(A'*B'')')' | 0      | 7      | -      | -      | 31     | 1    | 2    | -    | -    | -     | 1    | 1    | 
|dsp48e1_wrapper__parameterized1_2897 | (PCIN+A:B+C')'        | 22     | 0      | -      | -      | 48     | 0    | 0    | -    | -    | -     | 0    | 1    | 
|dsp48e1_wrapper_2850                 | ((A'*B')')'           | 24     | 17     | -      | -      | 41     | 1    | 1    | -    | -    | -     | 1    | 1    | 
|dsp48e1_wrapper__parameterized0_2851 | (PCIN>>17+(A'*B'')')' | 0      | 7      | -      | -      | 31     | 1    | 2    | -    | -    | -     | 1    | 1    | 
|dsp48e1_wrapper__parameterized1_2839 | (PCIN+A:B+C')'        | 22     | 0      | -      | -      | 48     | 0    | 0    | -    | -    | -     | 0    | 1    | 
|dsp48e1_wrapper_2792                 | ((A'*B')')'           | 24     | 17     | -      | -      | 41     | 1    | 1    | -    | -    | -     | 1    | 1    | 
|dsp48e1_wrapper__parameterized0_2793 | (PCIN>>17+(A'*B'')')' | 0      | 7      | -      | -      | 31     | 1    | 2    | -    | -    | -     | 1    | 1    | 
|dsp48e1_wrapper__parameterized1_2781 | (PCIN+A:B+C')'        | 22     | 0      | -      | -      | 48     | 0    | 0    | -    | -    | -     | 0    | 1    | 
|dsp48e1_wrapper_2734                 | ((A'*B')')'           | 24     | 17     | -      | -      | 41     | 1    | 1    | -    | -    | -     | 1    | 1    | 
|dsp48e1_wrapper__parameterized0_2735 | (PCIN>>17+(A'*B'')')' | 0      | 7      | -      | -      | 31     | 1    | 2    | -    | -    | -     | 1    | 1    | 
|dsp48e1_wrapper__parameterized1_2723 | (PCIN+A:B+C')'        | 22     | 0      | -      | -      | 48     | 0    | 0    | -    | -    | -     | 0    | 1    | 
|dsp48e1_wrapper_2676                 | ((A'*B')')'           | 24     | 17     | -      | -      | 41     | 1    | 1    | -    | -    | -     | 1    | 1    | 
|dsp48e1_wrapper__parameterized0_2677 | (PCIN>>17+(A'*B'')')' | 0      | 7      | -      | -      | 31     | 1    | 2    | -    | -    | -     | 1    | 1    | 
|dsp48e1_wrapper__parameterized1_2665 | (PCIN+A:B+C')'        | 22     | 0      | -      | -      | 48     | 0    | 0    | -    | -    | -     | 0    | 1    | 
|dsp48e1_wrapper_2618                 | ((A'*B')')'           | 24     | 17     | -      | -      | 41     | 1    | 1    | -    | -    | -     | 1    | 1    | 
|dsp48e1_wrapper__parameterized0_2619 | (PCIN>>17+(A'*B'')')' | 0      | 7      | -      | -      | 31     | 1    | 2    | -    | -    | -     | 1    | 1    | 
|dsp48e1_wrapper__parameterized1_2607 | (PCIN+A:B+C')'        | 22     | 0      | -      | -      | 48     | 0    | 0    | -    | -    | -     | 0    | 1    | 
|dsp48e1_wrapper_2560                 | ((A'*B')')'           | 24     | 17     | -      | -      | 41     | 1    | 1    | -    | -    | -     | 1    | 1    | 
|dsp48e1_wrapper__parameterized0_2561 | (PCIN>>17+(A'*B'')')' | 0      | 7      | -      | -      | 31     | 1    | 2    | -    | -    | -     | 1    | 1    | 
|dsp48e1_wrapper__parameterized1_2549 | (PCIN+A:B+C')'        | 22     | 0      | -      | -      | 48     | 0    | 0    | -    | -    | -     | 0    | 1    | 
|dsp48e1_wrapper_2502                 | ((A'*B')')'           | 24     | 17     | -      | -      | 41     | 1    | 1    | -    | -    | -     | 1    | 1    | 
|dsp48e1_wrapper__parameterized0_2503 | (PCIN>>17+(A'*B'')')' | 0      | 7      | -      | -      | 31     | 1    | 2    | -    | -    | -     | 1    | 1    | 
|dsp48e1_wrapper__parameterized1_2491 | (PCIN+A:B+C')'        | 22     | 0      | -      | -      | 48     | 0    | 0    | -    | -    | -     | 0    | 1    | 
|dsp48e1_wrapper_2444                 | ((A'*B')')'           | 24     | 17     | -      | -      | 41     | 1    | 1    | -    | -    | -     | 1    | 1    | 
|dsp48e1_wrapper__parameterized0_2445 | (PCIN>>17+(A'*B'')')' | 0      | 7      | -      | -      | 31     | 1    | 2    | -    | -    | -     | 1    | 1    | 
|dsp48e1_wrapper__parameterized1_2433 | (PCIN+A:B+C')'        | 22     | 0      | -      | -      | 48     | 0    | 0    | -    | -    | -     | 0    | 1    | 
|dsp48e1_wrapper_2386                 | ((A'*B')')'           | 24     | 17     | -      | -      | 41     | 1    | 1    | -    | -    | -     | 1    | 1    | 
|dsp48e1_wrapper__parameterized0_2387 | (PCIN>>17+(A'*B'')')' | 0      | 7      | -      | -      | 31     | 1    | 2    | -    | -    | -     | 1    | 1    | 
|dsp48e1_wrapper__parameterized1_2375 | (PCIN+A:B+C')'        | 22     | 0      | -      | -      | 48     | 0    | 0    | -    | -    | -     | 0    | 1    | 
|dsp48e1_wrapper_2328                 | ((A'*B')')'           | 24     | 17     | -      | -      | 41     | 1    | 1    | -    | -    | -     | 1    | 1    | 
|dsp48e1_wrapper__parameterized0_2329 | (PCIN>>17+(A'*B'')')' | 0      | 7      | -      | -      | 31     | 1    | 2    | -    | -    | -     | 1    | 1    | 
|dsp48e1_wrapper__parameterized1_2317 | (PCIN+A:B+C')'        | 22     | 0      | -      | -      | 48     | 0    | 0    | -    | -    | -     | 0    | 1    | 
|dsp48e1_wrapper_2270                 | ((A'*B')')'           | 24     | 17     | -      | -      | 41     | 1    | 1    | -    | -    | -     | 1    | 1    | 
|dsp48e1_wrapper__parameterized0_2271 | (PCIN>>17+(A'*B'')')' | 0      | 7      | -      | -      | 31     | 1    | 2    | -    | -    | -     | 1    | 1    | 
|dsp48e1_wrapper__parameterized1_2259 | (PCIN+A:B+C')'        | 22     | 0      | -      | -      | 48     | 0    | 0    | -    | -    | -     | 0    | 1    | 
|dsp48e1_wrapper__parameterized2_2230 | Dynamic               | -      | -      | -      | -      | 40     | -    | -    | -    | -    | 1     | 1    | 1    | 
|dsp48e1_wrapper__parameterized3_2159 | (C'+(A''*B')')'       | 24     | 16     | 35     | -      | 35     | 2    | 1    | 1    | -    | -     | 1    | 1    | 
|dsp48e1_wrapper__parameterized2_2126 | Dynamic               | -      | -      | -      | -      | 40     | -    | -    | -    | -    | 1     | 1    | 1    | 
|dsp48e1_wrapper__parameterized3_2055 | (C'+(A''*B')')'       | 24     | 16     | 35     | -      | 35     | 2    | 1    | 1    | -    | -     | 1    | 1    | 
|dsp48e1_wrapper__parameterized2_2022 | Dynamic               | -      | -      | -      | -      | 40     | -    | -    | -    | -    | 1     | 1    | 1    | 
|dsp48e1_wrapper__parameterized3_1951 | (C'+(A''*B')')'       | 24     | 16     | 35     | -      | 35     | 2    | 1    | 1    | -    | -     | 1    | 1    | 
|dsp48e1_wrapper__parameterized2_1918 | Dynamic               | -      | -      | -      | -      | 40     | -    | -    | -    | -    | 1     | 1    | 1    | 
|dsp48e1_wrapper__parameterized3_1847 | (C'+(A''*B')')'       | 24     | 16     | 35     | -      | 35     | 2    | 1    | 1    | -    | -     | 1    | 1    | 
|dsp48e1_wrapper__parameterized2_1814 | Dynamic               | -      | -      | -      | -      | 40     | -    | -    | -    | -    | 1     | 1    | 1    | 
|dsp48e1_wrapper__parameterized3_1743 | (C'+(A''*B')')'       | 24     | 16     | 35     | -      | 35     | 2    | 1    | 1    | -    | -     | 1    | 1    | 
|dsp48e1_wrapper__parameterized2_1710 | Dynamic               | -      | -      | -      | -      | 40     | -    | -    | -    | -    | 1     | 1    | 1    | 
|dsp48e1_wrapper__parameterized3_1639 | (C'+(A''*B')')'       | 24     | 16     | 35     | -      | 35     | 2    | 1    | 1    | -    | -     | 1    | 1    | 
|dsp48e1_wrapper__parameterized2_1606 | Dynamic               | -      | -      | -      | -      | 40     | -    | -    | -    | -    | 1     | 1    | 1    | 
|dsp48e1_wrapper__parameterized3_1535 | (C'+(A''*B')')'       | 24     | 16     | 35     | -      | 35     | 2    | 1    | 1    | -    | -     | 1    | 1    | 
|dsp48e1_wrapper__parameterized2_1502 | Dynamic               | -      | -      | -      | -      | 40     | -    | -    | -    | -    | 1     | 1    | 1    | 
|dsp48e1_wrapper__parameterized3_1431 | (C'+(A''*B')')'       | 24     | 16     | 35     | -      | 35     | 2    | 1    | 1    | -    | -     | 1    | 1    | 
|dsp48e1_wrapper__parameterized2_1398 | Dynamic               | -      | -      | -      | -      | 40     | -    | -    | -    | -    | 1     | 1    | 1    | 
|dsp48e1_wrapper__parameterized3_1327 | (C'+(A''*B')')'       | 24     | 16     | 35     | -      | 35     | 2    | 1    | 1    | -    | -     | 1    | 1    | 
|dsp48e1_wrapper__parameterized2_1072 | Dynamic               | -      | -      | -      | -      | 40     | -    | -    | -    | -    | 1     | 1    | 1    | 
|dsp48e1_wrapper__parameterized3_1005 | (C'+(A''*B')')'       | 24     | 16     | 35     | -      | 35     | 2    | 1    | 1    | -    | -     | 1    | 1    | 
|dsp48e1_wrapper_955                  | ((A'*B')')'           | 24     | 16     | -      | -      | 41     | 1    | 1    | -    | -    | -     | 1    | 1    | 
|dsp48e1_wrapper__parameterized0_956  | (PCIN>>17+(A'*B'')')' | 0      | 7      | -      | -      | 31     | 1    | 2    | -    | -    | -     | 1    | 1    | 
|dsp48e1_wrapper__parameterized1_944  | (PCIN+A:B+C')'        | 22     | 0      | -      | -      | 48     | 0    | 0    | -    | -    | -     | 0    | 1    | 
|dsp48e1_wrapper__parameterized2_915  | Dynamic               | -      | -      | -      | -      | 40     | -    | -    | -    | -    | 1     | 1    | 1    | 
|dsp48e1_wrapper__parameterized3_844  | (C'+(A''*B')')'       | 24     | 16     | 35     | -      | 35     | 2    | 1    | 1    | -    | -     | 1    | 1    | 
|dsp48e1_wrapper__parameterized2_589  | Dynamic               | -      | -      | -      | -      | 40     | -    | -    | -    | -    | 1     | 1    | 1    | 
|dsp48e1_wrapper__parameterized3_522  | (C'+(A''*B')')'       | 24     | 16     | 35     | -      | 35     | 2    | 1    | 1    | -    | -     | 1    | 1    | 
|dsp48e1_wrapper_472                  | ((A'*B')')'           | 24     | 16     | -      | -      | 41     | 1    | 1    | -    | -    | -     | 1    | 1    | 
|dsp48e1_wrapper__parameterized0_473  | (PCIN>>17+(A'*B'')')' | 0      | 7      | -      | -      | 31     | 1    | 2    | -    | -    | -     | 1    | 1    | 
|dsp48e1_wrapper__parameterized1_461  | (PCIN+A:B+C')'        | 22     | 0      | -      | -      | 48     | 0    | 0    | -    | -    | -     | 0    | 1    | 
|dsp48e1_wrapper__parameterized2_432  | Dynamic               | -      | -      | -      | -      | 40     | -    | -    | -    | -    | 1     | 1    | 1    | 
|dsp48e1_wrapper__parameterized3_361  | (C'+(A''*B')')'       | 24     | 16     | 35     | -      | 35     | 2    | 1    | 1    | -    | -     | 1    | 1    | 
|dsp48e1_wrapper__parameterized2_148  | Dynamic               | -      | -      | -      | -      | 40     | -    | -    | -    | -    | 1     | 1    | 1    | 
|dsp48e1_wrapper__parameterized3_81   | (C'+(A''*B')')'       | 24     | 16     | 35     | -      | 35     | 2    | 1    | 1    | -    | -     | 1    | 1    | 
|dsp48e1_wrapper                      | ((A'*B')')'           | 24     | 16     | -      | -      | 41     | 1    | 1    | -    | -    | -     | 1    | 1    | 
|dsp48e1_wrapper__parameterized0      | (PCIN>>17+(A'*B'')')' | 0      | 7      | -      | -      | 31     | 1    | 2    | -    | -    | -     | 1    | 1    | 
|dsp48e1_wrapper__parameterized1      | (PCIN+A:B+C')'        | 22     | 0      | -      | -      | 48     | 0    | 0    | -    | -    | -     | 0    | 1    | 
|dsp48e1_wrapper__parameterized2      | Dynamic               | -      | -      | -      | -      | 40     | -    | -    | -    | -    | 1     | 1    | 1    | 
|dsp48e1_wrapper__parameterized3      | (C'+(A''*B')')'       | 24     | 16     | 35     | -      | 35     | 2    | 1    | 1    | -    | -     | 1    | 1    | 
|extractor                            | A*B                   | 20     | 17     | -      | -      | 48     | 0    | 0    | -    | -    | -     | 0    | 0    | 
|extractor                            | (PCIN>>17+A*B)'       | 0      | 17     | -      | -      | 48     | 0    | 0    | -    | -    | -     | 0    | 1    | 
|extractor                            | A*B                   | 20     | 17     | -      | -      | 48     | 0    | 0    | -    | -    | -     | 0    | 0    | 
|extractor                            | (PCIN>>17+A*B)'       | 0      | 17     | -      | -      | 48     | 0    | 0    | -    | -    | -     | 0    | 1    | 
|extractor                            | A*B                   | 20     | 17     | -      | -      | 48     | 0    | 0    | -    | -    | -     | 0    | 0    | 
|extractor                            | (PCIN>>17+A*B)'       | 0      | 17     | -      | -      | 48     | 0    | 0    | -    | -    | -     | 0    | 1    | 
+-------------------------------------+-----------------------+--------+--------+--------+--------+--------+------+------+------+------+-------+------+------+


Report BlackBoxes: 
+-+--------------+----------+
| |BlackBox name |Instances |
+-+--------------+----------+
+-+--------------+----------+

Report Cell Usage: 
+------+---------+------+
|      |Cell     |Count |
+------+---------+------+
|1     |CARRY4   |   130|
|2     |DSP48E1  |    81|
|9     |LUT1     |   260|
|10    |LUT2     |  4875|
|11    |LUT3     |  2644|
|12    |LUT4     |  1043|
|13    |LUT5     |  1672|
|14    |LUT6     |  2738|
|15    |MUXCY    |  3084|
|16    |MUXF7    |   161|
|17    |MUXF8    |    16|
|18    |RAMB18E1 |    96|
|19    |SRL16E   |  1724|
|20    |SRLC32E  |   515|
|21    |XORCY    |  2439|
|22    |FDCE     |  8647|
|23    |FDE      |   228|
|24    |FDPE     |     2|
|25    |FDRE     | 14875|
|26    |FDSE     |     4|
+------+---------+------+
---------------------------------------------------------------------------------
Finished Writing Synthesis Report : Time (s): cpu = 00:01:35 ; elapsed = 00:01:59 . Memory (MB): peak = 2452.414 ; gain = 813.941 ; free physical = 1832 ; free virtual = 3967
---------------------------------------------------------------------------------
Synthesis finished with 0 errors, 0 critical warnings and 3122 warnings.
Synthesis Optimization Runtime : Time (s): cpu = 00:01:18 ; elapsed = 00:01:48 . Memory (MB): peak = 2452.414 ; gain = 626.652 ; free physical = 1832 ; free virtual = 3967
Synthesis Optimization Complete : Time (s): cpu = 00:01:35 ; elapsed = 00:01:59 . Memory (MB): peak = 2452.414 ; gain = 813.941 ; free physical = 1832 ; free virtual = 3967
INFO: [Project 1-571] Translating synthesized netlist
Netlist sorting complete. Time (s): cpu = 00:00:00.41 ; elapsed = 00:00:00.41 . Memory (MB): peak = 2452.414 ; gain = 0.000 ; free physical = 2079 ; free virtual = 4224
INFO: [Netlist 29-17] Analyzing 6235 Unisim elements for replacement
INFO: [Netlist 29-28] Unisim Transformation completed in 0 CPU seconds
INFO: [Project 1-570] Preparing netlist for logic optimization
INFO: [Opt 31-138] Pushed 0 inverter(s) to 0 load pin(s).
Netlist sorting complete. Time (s): cpu = 00:00:00.02 ; elapsed = 00:00:00.01 . Memory (MB): peak = 2452.414 ; gain = 0.000 ; free physical = 2079 ; free virtual = 4225
INFO: [Project 1-111] Unisim Transformation Summary:
  A total of 1116 instances were transformed.
  (MUXCY,XORCY) => CARRY4: 888 instances
  FDE => FDRE: 228 instances

Synth Design complete | Checksum: b321004e
INFO: [Common 17-83] Releasing license: Synthesis
206 Infos, 274 Warnings, 0 Critical Warnings and 0 Errors encountered.
synth_design completed successfully
synth_design: Time (s): cpu = 00:02:01 ; elapsed = 00:02:09 . Memory (MB): peak = 2452.449 ; gain = 1165.508 ; free physical = 2077 ; free virtual = 4224
INFO: [Common 17-2834] synth_design peak Physical Memory [PSS] (MB): overall = 1957.711; main = 1583.454; forked = 419.897
INFO: [Common 17-2834] synth_design peak Virtual Memory [VSS] (MB): overall = 3415.449; main = 2452.418; forked = 995.047
Write ShapeDB Complete: Time (s): cpu = 00:00:00.16 ; elapsed = 00:00:00.05 . Memory (MB): peak = 2476.426 ; gain = 0.000 ; free physical = 2073 ; free virtual = 4224
INFO: [Common 17-1381] The checkpoint '/home/vinhphat-josh/Repos/Chaos_Based_Symmetric_Image_Encryption/vivado/Chaos_Based_Symmetric_Image_Encryptio_arty_z7/Chaos_Based_Symmetric_Image_Encryptio_arty_z7.runs/crypto_soc_artyz7_crypto_engine_v1_0_0_4_synth_1/crypto_soc_artyz7_crypto_engine_v1_0_0_4.dcp' has been generated.
INFO: [Coretcl 2-1648] Added synthesis output to IP cache for IP crypto_soc_artyz7_crypto_engine_v1_0_0_4, cache-ID = 328d48e4b97e4f83
INFO: [Coretcl 2-1174] Renamed 3211 cell refs.
Write ShapeDB Complete: Time (s): cpu = 00:00:00.16 ; elapsed = 00:00:00.06 . Memory (MB): peak = 2476.426 ; gain = 0.000 ; free physical = 1959 ; free virtual = 4169
INFO: [Common 17-1381] The checkpoint '/home/vinhphat-josh/Repos/Chaos_Based_Symmetric_Image_Encryption/vivado/Chaos_Based_Symmetric_Image_Encryptio_arty_z7/Chaos_Based_Symmetric_Image_Encryptio_arty_z7.runs/crypto_soc_artyz7_crypto_engine_v1_0_0_4_synth_1/crypto_soc_artyz7_crypto_engine_v1_0_0_4.dcp' has been generated.
INFO: [runtcl-4] Executing : report_utilization -file crypto_soc_artyz7_crypto_engine_v1_0_0_4_utilization_synth.rpt -pb crypto_soc_artyz7_crypto_engine_v1_0_0_4_utilization_synth.pb
INFO: [Common 17-206] Exiting Vivado at Thu Apr  2 15:13:19 2026...
