Copyright 1986-2022 Xilinx, Inc. All Rights Reserved. Copyright 2022-2023 Advanced Micro Devices, Inc. All Rights Reserved.
-----------------------------------------------------------------------------------------------------------------------------------------------------------------------------------------------------------------
| Tool Version : Vivado v.2023.2 (lin64) Build 4029153 Fri Oct 13 20:13:54 MDT 2023
| Date         : Fri Mar 27 14:28:48 2026
| Host         : ubuntu running 64-bit Ubuntu 24.04.3 LTS
| Command      : report_methodology -file crypto_soc_artyz7_wrapper_methodology_drc_routed.rpt -pb crypto_soc_artyz7_wrapper_methodology_drc_routed.pb -rpx crypto_soc_artyz7_wrapper_methodology_drc_routed.rpx
| Design       : crypto_soc_artyz7_wrapper
| Device       : xc7z020clg400-1
| Speed File   : -1
| Design State : Fully Routed
-----------------------------------------------------------------------------------------------------------------------------------------------------------------------------------------------------------------

Report Methodology

Table of Contents
-----------------
1. REPORT SUMMARY
2. REPORT DETAILS

1. REPORT SUMMARY
-----------------
            Netlist: netlist
          Floorplan: design_1
      Design limits: <entire design considered>
             Max violations: <unlimited>
             Violations found: 109
+---------+----------+------------------------------+------------+
| Rule    | Severity | Description                  | Violations |
+---------+----------+------------------------------+------------+
| DPIR-1  | Warning  | Asynchronous driver check    | 102        |
| LUTAR-1 | Warning  | LUT drives async reset alert | 7          |
+---------+----------+------------------------------+------------+

2. REPORT DETAILS
-----------------
DPIR-1#1 Warning
Asynchronous driver check  
DSP crypto_soc_artyz7_i/crypto_engine_v1_0_0/inst/crypto_engine_v1_0_S00_AXI_inst/my_crypto_core_inst/u_sbox_gen/extractor/p_0_out input pin crypto_soc_artyz7_i/crypto_engine_v1_0_0/inst/crypto_engine_v1_0_S00_AXI_inst/my_crypto_core_inst/u_sbox_gen/extractor/p_0_out/B[0] is connected to registers with an asynchronous reset. This is preventing the possibility of merging these registers in to the DSP Block since the DSP block registers only possess synchronous reset capability.  It is suggested to recode or change these registers to remove the reset or use a synchronous reset to get the best optimization for performance, power and area.
Related violations: <none>

DPIR-1#2 Warning
Asynchronous driver check  
DSP crypto_soc_artyz7_i/crypto_engine_v1_0_0/inst/crypto_engine_v1_0_S00_AXI_inst/my_crypto_core_inst/u_sbox_gen/extractor/p_0_out input pin crypto_soc_artyz7_i/crypto_engine_v1_0_0/inst/crypto_engine_v1_0_S00_AXI_inst/my_crypto_core_inst/u_sbox_gen/extractor/p_0_out/B[10] is connected to registers with an asynchronous reset. This is preventing the possibility of merging these registers in to the DSP Block since the DSP block registers only possess synchronous reset capability.  It is suggested to recode or change these registers to remove the reset or use a synchronous reset to get the best optimization for performance, power and area.
Related violations: <none>

DPIR-1#3 Warning
Asynchronous driver check  
DSP crypto_soc_artyz7_i/crypto_engine_v1_0_0/inst/crypto_engine_v1_0_S00_AXI_inst/my_crypto_core_inst/u_sbox_gen/extractor/p_0_out input pin crypto_soc_artyz7_i/crypto_engine_v1_0_0/inst/crypto_engine_v1_0_S00_AXI_inst/my_crypto_core_inst/u_sbox_gen/extractor/p_0_out/B[11] is connected to registers with an asynchronous reset. This is preventing the possibility of merging these registers in to the DSP Block since the DSP block registers only possess synchronous reset capability.  It is suggested to recode or change these registers to remove the reset or use a synchronous reset to get the best optimization for performance, power and area.
Related violations: <none>

DPIR-1#4 Warning
Asynchronous driver check  
DSP crypto_soc_artyz7_i/crypto_engine_v1_0_0/inst/crypto_engine_v1_0_S00_AXI_inst/my_crypto_core_inst/u_sbox_gen/extractor/p_0_out input pin crypto_soc_artyz7_i/crypto_engine_v1_0_0/inst/crypto_engine_v1_0_S00_AXI_inst/my_crypto_core_inst/u_sbox_gen/extractor/p_0_out/B[12] is connected to registers with an asynchronous reset. This is preventing the possibility of merging these registers in to the DSP Block since the DSP block registers only possess synchronous reset capability.  It is suggested to recode or change these registers to remove the reset or use a synchronous reset to get the best optimization for performance, power and area.
Related violations: <none>

DPIR-1#5 Warning
Asynchronous driver check  
DSP crypto_soc_artyz7_i/crypto_engine_v1_0_0/inst/crypto_engine_v1_0_S00_AXI_inst/my_crypto_core_inst/u_sbox_gen/extractor/p_0_out input pin crypto_soc_artyz7_i/crypto_engine_v1_0_0/inst/crypto_engine_v1_0_S00_AXI_inst/my_crypto_core_inst/u_sbox_gen/extractor/p_0_out/B[13] is connected to registers with an asynchronous reset. This is preventing the possibility of merging these registers in to the DSP Block since the DSP block registers only possess synchronous reset capability.  It is suggested to recode or change these registers to remove the reset or use a synchronous reset to get the best optimization for performance, power and area.
Related violations: <none>

DPIR-1#6 Warning
Asynchronous driver check  
DSP crypto_soc_artyz7_i/crypto_engine_v1_0_0/inst/crypto_engine_v1_0_S00_AXI_inst/my_crypto_core_inst/u_sbox_gen/extractor/p_0_out input pin crypto_soc_artyz7_i/crypto_engine_v1_0_0/inst/crypto_engine_v1_0_S00_AXI_inst/my_crypto_core_inst/u_sbox_gen/extractor/p_0_out/B[14] is connected to registers with an asynchronous reset. This is preventing the possibility of merging these registers in to the DSP Block since the DSP block registers only possess synchronous reset capability.  It is suggested to recode or change these registers to remove the reset or use a synchronous reset to get the best optimization for performance, power and area.
Related violations: <none>

DPIR-1#7 Warning
Asynchronous driver check  
DSP crypto_soc_artyz7_i/crypto_engine_v1_0_0/inst/crypto_engine_v1_0_S00_AXI_inst/my_crypto_core_inst/u_sbox_gen/extractor/p_0_out input pin crypto_soc_artyz7_i/crypto_engine_v1_0_0/inst/crypto_engine_v1_0_S00_AXI_inst/my_crypto_core_inst/u_sbox_gen/extractor/p_0_out/B[15] is connected to registers with an asynchronous reset. This is preventing the possibility of merging these registers in to the DSP Block since the DSP block registers only possess synchronous reset capability.  It is suggested to recode or change these registers to remove the reset or use a synchronous reset to get the best optimization for performance, power and area.
Related violations: <none>

DPIR-1#8 Warning
Asynchronous driver check  
DSP crypto_soc_artyz7_i/crypto_engine_v1_0_0/inst/crypto_engine_v1_0_S00_AXI_inst/my_crypto_core_inst/u_sbox_gen/extractor/p_0_out input pin crypto_soc_artyz7_i/crypto_engine_v1_0_0/inst/crypto_engine_v1_0_S00_AXI_inst/my_crypto_core_inst/u_sbox_gen/extractor/p_0_out/B[16] is connected to registers with an asynchronous reset. This is preventing the possibility of merging these registers in to the DSP Block since the DSP block registers only possess synchronous reset capability.  It is suggested to recode or change these registers to remove the reset or use a synchronous reset to get the best optimization for performance, power and area.
Related violations: <none>

DPIR-1#9 Warning
Asynchronous driver check  
DSP crypto_soc_artyz7_i/crypto_engine_v1_0_0/inst/crypto_engine_v1_0_S00_AXI_inst/my_crypto_core_inst/u_sbox_gen/extractor/p_0_out input pin crypto_soc_artyz7_i/crypto_engine_v1_0_0/inst/crypto_engine_v1_0_S00_AXI_inst/my_crypto_core_inst/u_sbox_gen/extractor/p_0_out/B[1] is connected to registers with an asynchronous reset. This is preventing the possibility of merging these registers in to the DSP Block since the DSP block registers only possess synchronous reset capability.  It is suggested to recode or change these registers to remove the reset or use a synchronous reset to get the best optimization for performance, power and area.
Related violations: <none>

DPIR-1#10 Warning
Asynchronous driver check  
DSP crypto_soc_artyz7_i/crypto_engine_v1_0_0/inst/crypto_engine_v1_0_S00_AXI_inst/my_crypto_core_inst/u_sbox_gen/extractor/p_0_out input pin crypto_soc_artyz7_i/crypto_engine_v1_0_0/inst/crypto_engine_v1_0_S00_AXI_inst/my_crypto_core_inst/u_sbox_gen/extractor/p_0_out/B[2] is connected to registers with an asynchronous reset. This is preventing the possibility of merging these registers in to the DSP Block since the DSP block registers only possess synchronous reset capability.  It is suggested to recode or change these registers to remove the reset or use a synchronous reset to get the best optimization for performance, power and area.
Related violations: <none>

DPIR-1#11 Warning
Asynchronous driver check  
DSP crypto_soc_artyz7_i/crypto_engine_v1_0_0/inst/crypto_engine_v1_0_S00_AXI_inst/my_crypto_core_inst/u_sbox_gen/extractor/p_0_out input pin crypto_soc_artyz7_i/crypto_engine_v1_0_0/inst/crypto_engine_v1_0_S00_AXI_inst/my_crypto_core_inst/u_sbox_gen/extractor/p_0_out/B[3] is connected to registers with an asynchronous reset. This is preventing the possibility of merging these registers in to the DSP Block since the DSP block registers only possess synchronous reset capability.  It is suggested to recode or change these registers to remove the reset or use a synchronous reset to get the best optimization for performance, power and area.
Related violations: <none>

DPIR-1#12 Warning
Asynchronous driver check  
DSP crypto_soc_artyz7_i/crypto_engine_v1_0_0/inst/crypto_engine_v1_0_S00_AXI_inst/my_crypto_core_inst/u_sbox_gen/extractor/p_0_out input pin crypto_soc_artyz7_i/crypto_engine_v1_0_0/inst/crypto_engine_v1_0_S00_AXI_inst/my_crypto_core_inst/u_sbox_gen/extractor/p_0_out/B[4] is connected to registers with an asynchronous reset. This is preventing the possibility of merging these registers in to the DSP Block since the DSP block registers only possess synchronous reset capability.  It is suggested to recode or change these registers to remove the reset or use a synchronous reset to get the best optimization for performance, power and area.
Related violations: <none>

DPIR-1#13 Warning
Asynchronous driver check  
DSP crypto_soc_artyz7_i/crypto_engine_v1_0_0/inst/crypto_engine_v1_0_S00_AXI_inst/my_crypto_core_inst/u_sbox_gen/extractor/p_0_out input pin crypto_soc_artyz7_i/crypto_engine_v1_0_0/inst/crypto_engine_v1_0_S00_AXI_inst/my_crypto_core_inst/u_sbox_gen/extractor/p_0_out/B[5] is connected to registers with an asynchronous reset. This is preventing the possibility of merging these registers in to the DSP Block since the DSP block registers only possess synchronous reset capability.  It is suggested to recode or change these registers to remove the reset or use a synchronous reset to get the best optimization for performance, power and area.
Related violations: <none>

DPIR-1#14 Warning
Asynchronous driver check  
DSP crypto_soc_artyz7_i/crypto_engine_v1_0_0/inst/crypto_engine_v1_0_S00_AXI_inst/my_crypto_core_inst/u_sbox_gen/extractor/p_0_out input pin crypto_soc_artyz7_i/crypto_engine_v1_0_0/inst/crypto_engine_v1_0_S00_AXI_inst/my_crypto_core_inst/u_sbox_gen/extractor/p_0_out/B[6] is connected to registers with an asynchronous reset. This is preventing the possibility of merging these registers in to the DSP Block since the DSP block registers only possess synchronous reset capability.  It is suggested to recode or change these registers to remove the reset or use a synchronous reset to get the best optimization for performance, power and area.
Related violations: <none>

DPIR-1#15 Warning
Asynchronous driver check  
DSP crypto_soc_artyz7_i/crypto_engine_v1_0_0/inst/crypto_engine_v1_0_S00_AXI_inst/my_crypto_core_inst/u_sbox_gen/extractor/p_0_out input pin crypto_soc_artyz7_i/crypto_engine_v1_0_0/inst/crypto_engine_v1_0_S00_AXI_inst/my_crypto_core_inst/u_sbox_gen/extractor/p_0_out/B[7] is connected to registers with an asynchronous reset. This is preventing the possibility of merging these registers in to the DSP Block since the DSP block registers only possess synchronous reset capability.  It is suggested to recode or change these registers to remove the reset or use a synchronous reset to get the best optimization for performance, power and area.
Related violations: <none>

DPIR-1#16 Warning
Asynchronous driver check  
DSP crypto_soc_artyz7_i/crypto_engine_v1_0_0/inst/crypto_engine_v1_0_S00_AXI_inst/my_crypto_core_inst/u_sbox_gen/extractor/p_0_out input pin crypto_soc_artyz7_i/crypto_engine_v1_0_0/inst/crypto_engine_v1_0_S00_AXI_inst/my_crypto_core_inst/u_sbox_gen/extractor/p_0_out/B[8] is connected to registers with an asynchronous reset. This is preventing the possibility of merging these registers in to the DSP Block since the DSP block registers only possess synchronous reset capability.  It is suggested to recode or change these registers to remove the reset or use a synchronous reset to get the best optimization for performance, power and area.
Related violations: <none>

DPIR-1#17 Warning
Asynchronous driver check  
DSP crypto_soc_artyz7_i/crypto_engine_v1_0_0/inst/crypto_engine_v1_0_S00_AXI_inst/my_crypto_core_inst/u_sbox_gen/extractor/p_0_out input pin crypto_soc_artyz7_i/crypto_engine_v1_0_0/inst/crypto_engine_v1_0_S00_AXI_inst/my_crypto_core_inst/u_sbox_gen/extractor/p_0_out/B[9] is connected to registers with an asynchronous reset. This is preventing the possibility of merging these registers in to the DSP Block since the DSP block registers only possess synchronous reset capability.  It is suggested to recode or change these registers to remove the reset or use a synchronous reset to get the best optimization for performance, power and area.
Related violations: <none>

DPIR-1#18 Warning
Asynchronous driver check  
DSP crypto_soc_artyz7_i/crypto_engine_v1_0_0/inst/crypto_engine_v1_0_S00_AXI_inst/my_crypto_core_inst/u_sbox_gen/extractor/p_0_out__0 input pin crypto_soc_artyz7_i/crypto_engine_v1_0_0/inst/crypto_engine_v1_0_S00_AXI_inst/my_crypto_core_inst/u_sbox_gen/extractor/p_0_out__0/B[0] is connected to registers with an asynchronous reset. This is preventing the possibility of merging these registers in to the DSP Block since the DSP block registers only possess synchronous reset capability.  It is suggested to recode or change these registers to remove the reset or use a synchronous reset to get the best optimization for performance, power and area.
Related violations: <none>

DPIR-1#19 Warning
Asynchronous driver check  
DSP crypto_soc_artyz7_i/crypto_engine_v1_0_0/inst/crypto_engine_v1_0_S00_AXI_inst/my_crypto_core_inst/u_sbox_gen/extractor/p_0_out__0 input pin crypto_soc_artyz7_i/crypto_engine_v1_0_0/inst/crypto_engine_v1_0_S00_AXI_inst/my_crypto_core_inst/u_sbox_gen/extractor/p_0_out__0/B[10] is connected to registers with an asynchronous reset. This is preventing the possibility of merging these registers in to the DSP Block since the DSP block registers only possess synchronous reset capability.  It is suggested to recode or change these registers to remove the reset or use a synchronous reset to get the best optimization for performance, power and area.
Related violations: <none>

DPIR-1#20 Warning
Asynchronous driver check  
DSP crypto_soc_artyz7_i/crypto_engine_v1_0_0/inst/crypto_engine_v1_0_S00_AXI_inst/my_crypto_core_inst/u_sbox_gen/extractor/p_0_out__0 input pin crypto_soc_artyz7_i/crypto_engine_v1_0_0/inst/crypto_engine_v1_0_S00_AXI_inst/my_crypto_core_inst/u_sbox_gen/extractor/p_0_out__0/B[11] is connected to registers with an asynchronous reset. This is preventing the possibility of merging these registers in to the DSP Block since the DSP block registers only possess synchronous reset capability.  It is suggested to recode or change these registers to remove the reset or use a synchronous reset to get the best optimization for performance, power and area.
Related violations: <none>

DPIR-1#21 Warning
Asynchronous driver check  
DSP crypto_soc_artyz7_i/crypto_engine_v1_0_0/inst/crypto_engine_v1_0_S00_AXI_inst/my_crypto_core_inst/u_sbox_gen/extractor/p_0_out__0 input pin crypto_soc_artyz7_i/crypto_engine_v1_0_0/inst/crypto_engine_v1_0_S00_AXI_inst/my_crypto_core_inst/u_sbox_gen/extractor/p_0_out__0/B[12] is connected to registers with an asynchronous reset. This is preventing the possibility of merging these registers in to the DSP Block since the DSP block registers only possess synchronous reset capability.  It is suggested to recode or change these registers to remove the reset or use a synchronous reset to get the best optimization for performance, power and area.
Related violations: <none>

DPIR-1#22 Warning
Asynchronous driver check  
DSP crypto_soc_artyz7_i/crypto_engine_v1_0_0/inst/crypto_engine_v1_0_S00_AXI_inst/my_crypto_core_inst/u_sbox_gen/extractor/p_0_out__0 input pin crypto_soc_artyz7_i/crypto_engine_v1_0_0/inst/crypto_engine_v1_0_S00_AXI_inst/my_crypto_core_inst/u_sbox_gen/extractor/p_0_out__0/B[13] is connected to registers with an asynchronous reset. This is preventing the possibility of merging these registers in to the DSP Block since the DSP block registers only possess synchronous reset capability.  It is suggested to recode or change these registers to remove the reset or use a synchronous reset to get the best optimization for performance, power and area.
Related violations: <none>

DPIR-1#23 Warning
Asynchronous driver check  
DSP crypto_soc_artyz7_i/crypto_engine_v1_0_0/inst/crypto_engine_v1_0_S00_AXI_inst/my_crypto_core_inst/u_sbox_gen/extractor/p_0_out__0 input pin crypto_soc_artyz7_i/crypto_engine_v1_0_0/inst/crypto_engine_v1_0_S00_AXI_inst/my_crypto_core_inst/u_sbox_gen/extractor/p_0_out__0/B[14] is connected to registers with an asynchronous reset. This is preventing the possibility of merging these registers in to the DSP Block since the DSP block registers only possess synchronous reset capability.  It is suggested to recode or change these registers to remove the reset or use a synchronous reset to get the best optimization for performance, power and area.
Related violations: <none>

DPIR-1#24 Warning
Asynchronous driver check  
DSP crypto_soc_artyz7_i/crypto_engine_v1_0_0/inst/crypto_engine_v1_0_S00_AXI_inst/my_crypto_core_inst/u_sbox_gen/extractor/p_0_out__0 input pin crypto_soc_artyz7_i/crypto_engine_v1_0_0/inst/crypto_engine_v1_0_S00_AXI_inst/my_crypto_core_inst/u_sbox_gen/extractor/p_0_out__0/B[15] is connected to registers with an asynchronous reset. This is preventing the possibility of merging these registers in to the DSP Block since the DSP block registers only possess synchronous reset capability.  It is suggested to recode or change these registers to remove the reset or use a synchronous reset to get the best optimization for performance, power and area.
Related violations: <none>

DPIR-1#25 Warning
Asynchronous driver check  
DSP crypto_soc_artyz7_i/crypto_engine_v1_0_0/inst/crypto_engine_v1_0_S00_AXI_inst/my_crypto_core_inst/u_sbox_gen/extractor/p_0_out__0 input pin crypto_soc_artyz7_i/crypto_engine_v1_0_0/inst/crypto_engine_v1_0_S00_AXI_inst/my_crypto_core_inst/u_sbox_gen/extractor/p_0_out__0/B[16] is connected to registers with an asynchronous reset. This is preventing the possibility of merging these registers in to the DSP Block since the DSP block registers only possess synchronous reset capability.  It is suggested to recode or change these registers to remove the reset or use a synchronous reset to get the best optimization for performance, power and area.
Related violations: <none>

DPIR-1#26 Warning
Asynchronous driver check  
DSP crypto_soc_artyz7_i/crypto_engine_v1_0_0/inst/crypto_engine_v1_0_S00_AXI_inst/my_crypto_core_inst/u_sbox_gen/extractor/p_0_out__0 input pin crypto_soc_artyz7_i/crypto_engine_v1_0_0/inst/crypto_engine_v1_0_S00_AXI_inst/my_crypto_core_inst/u_sbox_gen/extractor/p_0_out__0/B[1] is connected to registers with an asynchronous reset. This is preventing the possibility of merging these registers in to the DSP Block since the DSP block registers only possess synchronous reset capability.  It is suggested to recode or change these registers to remove the reset or use a synchronous reset to get the best optimization for performance, power and area.
Related violations: <none>

DPIR-1#27 Warning
Asynchronous driver check  
DSP crypto_soc_artyz7_i/crypto_engine_v1_0_0/inst/crypto_engine_v1_0_S00_AXI_inst/my_crypto_core_inst/u_sbox_gen/extractor/p_0_out__0 input pin crypto_soc_artyz7_i/crypto_engine_v1_0_0/inst/crypto_engine_v1_0_S00_AXI_inst/my_crypto_core_inst/u_sbox_gen/extractor/p_0_out__0/B[2] is connected to registers with an asynchronous reset. This is preventing the possibility of merging these registers in to the DSP Block since the DSP block registers only possess synchronous reset capability.  It is suggested to recode or change these registers to remove the reset or use a synchronous reset to get the best optimization for performance, power and area.
Related violations: <none>

DPIR-1#28 Warning
Asynchronous driver check  
DSP crypto_soc_artyz7_i/crypto_engine_v1_0_0/inst/crypto_engine_v1_0_S00_AXI_inst/my_crypto_core_inst/u_sbox_gen/extractor/p_0_out__0 input pin crypto_soc_artyz7_i/crypto_engine_v1_0_0/inst/crypto_engine_v1_0_S00_AXI_inst/my_crypto_core_inst/u_sbox_gen/extractor/p_0_out__0/B[3] is connected to registers with an asynchronous reset. This is preventing the possibility of merging these registers in to the DSP Block since the DSP block registers only possess synchronous reset capability.  It is suggested to recode or change these registers to remove the reset or use a synchronous reset to get the best optimization for performance, power and area.
Related violations: <none>

DPIR-1#29 Warning
Asynchronous driver check  
DSP crypto_soc_artyz7_i/crypto_engine_v1_0_0/inst/crypto_engine_v1_0_S00_AXI_inst/my_crypto_core_inst/u_sbox_gen/extractor/p_0_out__0 input pin crypto_soc_artyz7_i/crypto_engine_v1_0_0/inst/crypto_engine_v1_0_S00_AXI_inst/my_crypto_core_inst/u_sbox_gen/extractor/p_0_out__0/B[4] is connected to registers with an asynchronous reset. This is preventing the possibility of merging these registers in to the DSP Block since the DSP block registers only possess synchronous reset capability.  It is suggested to recode or change these registers to remove the reset or use a synchronous reset to get the best optimization for performance, power and area.
Related violations: <none>

DPIR-1#30 Warning
Asynchronous driver check  
DSP crypto_soc_artyz7_i/crypto_engine_v1_0_0/inst/crypto_engine_v1_0_S00_AXI_inst/my_crypto_core_inst/u_sbox_gen/extractor/p_0_out__0 input pin crypto_soc_artyz7_i/crypto_engine_v1_0_0/inst/crypto_engine_v1_0_S00_AXI_inst/my_crypto_core_inst/u_sbox_gen/extractor/p_0_out__0/B[5] is connected to registers with an asynchronous reset. This is preventing the possibility of merging these registers in to the DSP Block since the DSP block registers only possess synchronous reset capability.  It is suggested to recode or change these registers to remove the reset or use a synchronous reset to get the best optimization for performance, power and area.
Related violations: <none>

DPIR-1#31 Warning
Asynchronous driver check  
DSP crypto_soc_artyz7_i/crypto_engine_v1_0_0/inst/crypto_engine_v1_0_S00_AXI_inst/my_crypto_core_inst/u_sbox_gen/extractor/p_0_out__0 input pin crypto_soc_artyz7_i/crypto_engine_v1_0_0/inst/crypto_engine_v1_0_S00_AXI_inst/my_crypto_core_inst/u_sbox_gen/extractor/p_0_out__0/B[6] is connected to registers with an asynchronous reset. This is preventing the possibility of merging these registers in to the DSP Block since the DSP block registers only possess synchronous reset capability.  It is suggested to recode or change these registers to remove the reset or use a synchronous reset to get the best optimization for performance, power and area.
Related violations: <none>

DPIR-1#32 Warning
Asynchronous driver check  
DSP crypto_soc_artyz7_i/crypto_engine_v1_0_0/inst/crypto_engine_v1_0_S00_AXI_inst/my_crypto_core_inst/u_sbox_gen/extractor/p_0_out__0 input pin crypto_soc_artyz7_i/crypto_engine_v1_0_0/inst/crypto_engine_v1_0_S00_AXI_inst/my_crypto_core_inst/u_sbox_gen/extractor/p_0_out__0/B[7] is connected to registers with an asynchronous reset. This is preventing the possibility of merging these registers in to the DSP Block since the DSP block registers only possess synchronous reset capability.  It is suggested to recode or change these registers to remove the reset or use a synchronous reset to get the best optimization for performance, power and area.
Related violations: <none>

DPIR-1#33 Warning
Asynchronous driver check  
DSP crypto_soc_artyz7_i/crypto_engine_v1_0_0/inst/crypto_engine_v1_0_S00_AXI_inst/my_crypto_core_inst/u_sbox_gen/extractor/p_0_out__0 input pin crypto_soc_artyz7_i/crypto_engine_v1_0_0/inst/crypto_engine_v1_0_S00_AXI_inst/my_crypto_core_inst/u_sbox_gen/extractor/p_0_out__0/B[8] is connected to registers with an asynchronous reset. This is preventing the possibility of merging these registers in to the DSP Block since the DSP block registers only possess synchronous reset capability.  It is suggested to recode or change these registers to remove the reset or use a synchronous reset to get the best optimization for performance, power and area.
Related violations: <none>

DPIR-1#34 Warning
Asynchronous driver check  
DSP crypto_soc_artyz7_i/crypto_engine_v1_0_0/inst/crypto_engine_v1_0_S00_AXI_inst/my_crypto_core_inst/u_sbox_gen/extractor/p_0_out__0 input pin crypto_soc_artyz7_i/crypto_engine_v1_0_0/inst/crypto_engine_v1_0_S00_AXI_inst/my_crypto_core_inst/u_sbox_gen/extractor/p_0_out__0/B[9] is connected to registers with an asynchronous reset. This is preventing the possibility of merging these registers in to the DSP Block since the DSP block registers only possess synchronous reset capability.  It is suggested to recode or change these registers to remove the reset or use a synchronous reset to get the best optimization for performance, power and area.
Related violations: <none>

DPIR-1#35 Warning
Asynchronous driver check  
DSP crypto_soc_artyz7_i/crypto_engine_v1_0_0/inst/crypto_engine_v1_0_S00_AXI_inst/my_crypto_core_inst/u_sbox_gen/extractor/p_0_out__1 input pin crypto_soc_artyz7_i/crypto_engine_v1_0_0/inst/crypto_engine_v1_0_S00_AXI_inst/my_crypto_core_inst/u_sbox_gen/extractor/p_0_out__1/B[0] is connected to registers with an asynchronous reset. This is preventing the possibility of merging these registers in to the DSP Block since the DSP block registers only possess synchronous reset capability.  It is suggested to recode or change these registers to remove the reset or use a synchronous reset to get the best optimization for performance, power and area.
Related violations: <none>

DPIR-1#36 Warning
Asynchronous driver check  
DSP crypto_soc_artyz7_i/crypto_engine_v1_0_0/inst/crypto_engine_v1_0_S00_AXI_inst/my_crypto_core_inst/u_sbox_gen/extractor/p_0_out__1 input pin crypto_soc_artyz7_i/crypto_engine_v1_0_0/inst/crypto_engine_v1_0_S00_AXI_inst/my_crypto_core_inst/u_sbox_gen/extractor/p_0_out__1/B[10] is connected to registers with an asynchronous reset. This is preventing the possibility of merging these registers in to the DSP Block since the DSP block registers only possess synchronous reset capability.  It is suggested to recode or change these registers to remove the reset or use a synchronous reset to get the best optimization for performance, power and area.
Related violations: <none>

DPIR-1#37 Warning
Asynchronous driver check  
DSP crypto_soc_artyz7_i/crypto_engine_v1_0_0/inst/crypto_engine_v1_0_S00_AXI_inst/my_crypto_core_inst/u_sbox_gen/extractor/p_0_out__1 input pin crypto_soc_artyz7_i/crypto_engine_v1_0_0/inst/crypto_engine_v1_0_S00_AXI_inst/my_crypto_core_inst/u_sbox_gen/extractor/p_0_out__1/B[11] is connected to registers with an asynchronous reset. This is preventing the possibility of merging these registers in to the DSP Block since the DSP block registers only possess synchronous reset capability.  It is suggested to recode or change these registers to remove the reset or use a synchronous reset to get the best optimization for performance, power and area.
Related violations: <none>

DPIR-1#38 Warning
Asynchronous driver check  
DSP crypto_soc_artyz7_i/crypto_engine_v1_0_0/inst/crypto_engine_v1_0_S00_AXI_inst/my_crypto_core_inst/u_sbox_gen/extractor/p_0_out__1 input pin crypto_soc_artyz7_i/crypto_engine_v1_0_0/inst/crypto_engine_v1_0_S00_AXI_inst/my_crypto_core_inst/u_sbox_gen/extractor/p_0_out__1/B[12] is connected to registers with an asynchronous reset. This is preventing the possibility of merging these registers in to the DSP Block since the DSP block registers only possess synchronous reset capability.  It is suggested to recode or change these registers to remove the reset or use a synchronous reset to get the best optimization for performance, power and area.
Related violations: <none>

DPIR-1#39 Warning
Asynchronous driver check  
DSP crypto_soc_artyz7_i/crypto_engine_v1_0_0/inst/crypto_engine_v1_0_S00_AXI_inst/my_crypto_core_inst/u_sbox_gen/extractor/p_0_out__1 input pin crypto_soc_artyz7_i/crypto_engine_v1_0_0/inst/crypto_engine_v1_0_S00_AXI_inst/my_crypto_core_inst/u_sbox_gen/extractor/p_0_out__1/B[13] is connected to registers with an asynchronous reset. This is preventing the possibility of merging these registers in to the DSP Block since the DSP block registers only possess synchronous reset capability.  It is suggested to recode or change these registers to remove the reset or use a synchronous reset to get the best optimization for performance, power and area.
Related violations: <none>

DPIR-1#40 Warning
Asynchronous driver check  
DSP crypto_soc_artyz7_i/crypto_engine_v1_0_0/inst/crypto_engine_v1_0_S00_AXI_inst/my_crypto_core_inst/u_sbox_gen/extractor/p_0_out__1 input pin crypto_soc_artyz7_i/crypto_engine_v1_0_0/inst/crypto_engine_v1_0_S00_AXI_inst/my_crypto_core_inst/u_sbox_gen/extractor/p_0_out__1/B[14] is connected to registers with an asynchronous reset. This is preventing the possibility of merging these registers in to the DSP Block since the DSP block registers only possess synchronous reset capability.  It is suggested to recode or change these registers to remove the reset or use a synchronous reset to get the best optimization for performance, power and area.
Related violations: <none>

DPIR-1#41 Warning
Asynchronous driver check  
DSP crypto_soc_artyz7_i/crypto_engine_v1_0_0/inst/crypto_engine_v1_0_S00_AXI_inst/my_crypto_core_inst/u_sbox_gen/extractor/p_0_out__1 input pin crypto_soc_artyz7_i/crypto_engine_v1_0_0/inst/crypto_engine_v1_0_S00_AXI_inst/my_crypto_core_inst/u_sbox_gen/extractor/p_0_out__1/B[15] is connected to registers with an asynchronous reset. This is preventing the possibility of merging these registers in to the DSP Block since the DSP block registers only possess synchronous reset capability.  It is suggested to recode or change these registers to remove the reset or use a synchronous reset to get the best optimization for performance, power and area.
Related violations: <none>

DPIR-1#42 Warning
Asynchronous driver check  
DSP crypto_soc_artyz7_i/crypto_engine_v1_0_0/inst/crypto_engine_v1_0_S00_AXI_inst/my_crypto_core_inst/u_sbox_gen/extractor/p_0_out__1 input pin crypto_soc_artyz7_i/crypto_engine_v1_0_0/inst/crypto_engine_v1_0_S00_AXI_inst/my_crypto_core_inst/u_sbox_gen/extractor/p_0_out__1/B[16] is connected to registers with an asynchronous reset. This is preventing the possibility of merging these registers in to the DSP Block since the DSP block registers only possess synchronous reset capability.  It is suggested to recode or change these registers to remove the reset or use a synchronous reset to get the best optimization for performance, power and area.
Related violations: <none>

DPIR-1#43 Warning
Asynchronous driver check  
DSP crypto_soc_artyz7_i/crypto_engine_v1_0_0/inst/crypto_engine_v1_0_S00_AXI_inst/my_crypto_core_inst/u_sbox_gen/extractor/p_0_out__1 input pin crypto_soc_artyz7_i/crypto_engine_v1_0_0/inst/crypto_engine_v1_0_S00_AXI_inst/my_crypto_core_inst/u_sbox_gen/extractor/p_0_out__1/B[1] is connected to registers with an asynchronous reset. This is preventing the possibility of merging these registers in to the DSP Block since the DSP block registers only possess synchronous reset capability.  It is suggested to recode or change these registers to remove the reset or use a synchronous reset to get the best optimization for performance, power and area.
Related violations: <none>

DPIR-1#44 Warning
Asynchronous driver check  
DSP crypto_soc_artyz7_i/crypto_engine_v1_0_0/inst/crypto_engine_v1_0_S00_AXI_inst/my_crypto_core_inst/u_sbox_gen/extractor/p_0_out__1 input pin crypto_soc_artyz7_i/crypto_engine_v1_0_0/inst/crypto_engine_v1_0_S00_AXI_inst/my_crypto_core_inst/u_sbox_gen/extractor/p_0_out__1/B[2] is connected to registers with an asynchronous reset. This is preventing the possibility of merging these registers in to the DSP Block since the DSP block registers only possess synchronous reset capability.  It is suggested to recode or change these registers to remove the reset or use a synchronous reset to get the best optimization for performance, power and area.
Related violations: <none>

DPIR-1#45 Warning
Asynchronous driver check  
DSP crypto_soc_artyz7_i/crypto_engine_v1_0_0/inst/crypto_engine_v1_0_S00_AXI_inst/my_crypto_core_inst/u_sbox_gen/extractor/p_0_out__1 input pin crypto_soc_artyz7_i/crypto_engine_v1_0_0/inst/crypto_engine_v1_0_S00_AXI_inst/my_crypto_core_inst/u_sbox_gen/extractor/p_0_out__1/B[3] is connected to registers with an asynchronous reset. This is preventing the possibility of merging these registers in to the DSP Block since the DSP block registers only possess synchronous reset capability.  It is suggested to recode or change these registers to remove the reset or use a synchronous reset to get the best optimization for performance, power and area.
Related violations: <none>

DPIR-1#46 Warning
Asynchronous driver check  
DSP crypto_soc_artyz7_i/crypto_engine_v1_0_0/inst/crypto_engine_v1_0_S00_AXI_inst/my_crypto_core_inst/u_sbox_gen/extractor/p_0_out__1 input pin crypto_soc_artyz7_i/crypto_engine_v1_0_0/inst/crypto_engine_v1_0_S00_AXI_inst/my_crypto_core_inst/u_sbox_gen/extractor/p_0_out__1/B[4] is connected to registers with an asynchronous reset. This is preventing the possibility of merging these registers in to the DSP Block since the DSP block registers only possess synchronous reset capability.  It is suggested to recode or change these registers to remove the reset or use a synchronous reset to get the best optimization for performance, power and area.
Related violations: <none>

DPIR-1#47 Warning
Asynchronous driver check  
DSP crypto_soc_artyz7_i/crypto_engine_v1_0_0/inst/crypto_engine_v1_0_S00_AXI_inst/my_crypto_core_inst/u_sbox_gen/extractor/p_0_out__1 input pin crypto_soc_artyz7_i/crypto_engine_v1_0_0/inst/crypto_engine_v1_0_S00_AXI_inst/my_crypto_core_inst/u_sbox_gen/extractor/p_0_out__1/B[5] is connected to registers with an asynchronous reset. This is preventing the possibility of merging these registers in to the DSP Block since the DSP block registers only possess synchronous reset capability.  It is suggested to recode or change these registers to remove the reset or use a synchronous reset to get the best optimization for performance, power and area.
Related violations: <none>

DPIR-1#48 Warning
Asynchronous driver check  
DSP crypto_soc_artyz7_i/crypto_engine_v1_0_0/inst/crypto_engine_v1_0_S00_AXI_inst/my_crypto_core_inst/u_sbox_gen/extractor/p_0_out__1 input pin crypto_soc_artyz7_i/crypto_engine_v1_0_0/inst/crypto_engine_v1_0_S00_AXI_inst/my_crypto_core_inst/u_sbox_gen/extractor/p_0_out__1/B[6] is connected to registers with an asynchronous reset. This is preventing the possibility of merging these registers in to the DSP Block since the DSP block registers only possess synchronous reset capability.  It is suggested to recode or change these registers to remove the reset or use a synchronous reset to get the best optimization for performance, power and area.
Related violations: <none>

DPIR-1#49 Warning
Asynchronous driver check  
DSP crypto_soc_artyz7_i/crypto_engine_v1_0_0/inst/crypto_engine_v1_0_S00_AXI_inst/my_crypto_core_inst/u_sbox_gen/extractor/p_0_out__1 input pin crypto_soc_artyz7_i/crypto_engine_v1_0_0/inst/crypto_engine_v1_0_S00_AXI_inst/my_crypto_core_inst/u_sbox_gen/extractor/p_0_out__1/B[7] is connected to registers with an asynchronous reset. This is preventing the possibility of merging these registers in to the DSP Block since the DSP block registers only possess synchronous reset capability.  It is suggested to recode or change these registers to remove the reset or use a synchronous reset to get the best optimization for performance, power and area.
Related violations: <none>

DPIR-1#50 Warning
Asynchronous driver check  
DSP crypto_soc_artyz7_i/crypto_engine_v1_0_0/inst/crypto_engine_v1_0_S00_AXI_inst/my_crypto_core_inst/u_sbox_gen/extractor/p_0_out__1 input pin crypto_soc_artyz7_i/crypto_engine_v1_0_0/inst/crypto_engine_v1_0_S00_AXI_inst/my_crypto_core_inst/u_sbox_gen/extractor/p_0_out__1/B[8] is connected to registers with an asynchronous reset. This is preventing the possibility of merging these registers in to the DSP Block since the DSP block registers only possess synchronous reset capability.  It is suggested to recode or change these registers to remove the reset or use a synchronous reset to get the best optimization for performance, power and area.
Related violations: <none>

DPIR-1#51 Warning
Asynchronous driver check  
DSP crypto_soc_artyz7_i/crypto_engine_v1_0_0/inst/crypto_engine_v1_0_S00_AXI_inst/my_crypto_core_inst/u_sbox_gen/extractor/p_0_out__1 input pin crypto_soc_artyz7_i/crypto_engine_v1_0_0/inst/crypto_engine_v1_0_S00_AXI_inst/my_crypto_core_inst/u_sbox_gen/extractor/p_0_out__1/B[9] is connected to registers with an asynchronous reset. This is preventing the possibility of merging these registers in to the DSP Block since the DSP block registers only possess synchronous reset capability.  It is suggested to recode or change these registers to remove the reset or use a synchronous reset to get the best optimization for performance, power and area.
Related violations: <none>

DPIR-1#52 Warning
Asynchronous driver check  
DSP crypto_soc_artyz7_i/crypto_engine_v1_0_0/inst/crypto_engine_v1_0_S00_AXI_inst/my_crypto_core_inst/u_sbox_gen/extractor/p_0_out__2 input pin crypto_soc_artyz7_i/crypto_engine_v1_0_0/inst/crypto_engine_v1_0_S00_AXI_inst/my_crypto_core_inst/u_sbox_gen/extractor/p_0_out__2/B[0] is connected to registers with an asynchronous reset. This is preventing the possibility of merging these registers in to the DSP Block since the DSP block registers only possess synchronous reset capability.  It is suggested to recode or change these registers to remove the reset or use a synchronous reset to get the best optimization for performance, power and area.
Related violations: <none>

DPIR-1#53 Warning
Asynchronous driver check  
DSP crypto_soc_artyz7_i/crypto_engine_v1_0_0/inst/crypto_engine_v1_0_S00_AXI_inst/my_crypto_core_inst/u_sbox_gen/extractor/p_0_out__2 input pin crypto_soc_artyz7_i/crypto_engine_v1_0_0/inst/crypto_engine_v1_0_S00_AXI_inst/my_crypto_core_inst/u_sbox_gen/extractor/p_0_out__2/B[10] is connected to registers with an asynchronous reset. This is preventing the possibility of merging these registers in to the DSP Block since the DSP block registers only possess synchronous reset capability.  It is suggested to recode or change these registers to remove the reset or use a synchronous reset to get the best optimization for performance, power and area.
Related violations: <none>

DPIR-1#54 Warning
Asynchronous driver check  
DSP crypto_soc_artyz7_i/crypto_engine_v1_0_0/inst/crypto_engine_v1_0_S00_AXI_inst/my_crypto_core_inst/u_sbox_gen/extractor/p_0_out__2 input pin crypto_soc_artyz7_i/crypto_engine_v1_0_0/inst/crypto_engine_v1_0_S00_AXI_inst/my_crypto_core_inst/u_sbox_gen/extractor/p_0_out__2/B[11] is connected to registers with an asynchronous reset. This is preventing the possibility of merging these registers in to the DSP Block since the DSP block registers only possess synchronous reset capability.  It is suggested to recode or change these registers to remove the reset or use a synchronous reset to get the best optimization for performance, power and area.
Related violations: <none>

DPIR-1#55 Warning
Asynchronous driver check  
DSP crypto_soc_artyz7_i/crypto_engine_v1_0_0/inst/crypto_engine_v1_0_S00_AXI_inst/my_crypto_core_inst/u_sbox_gen/extractor/p_0_out__2 input pin crypto_soc_artyz7_i/crypto_engine_v1_0_0/inst/crypto_engine_v1_0_S00_AXI_inst/my_crypto_core_inst/u_sbox_gen/extractor/p_0_out__2/B[12] is connected to registers with an asynchronous reset. This is preventing the possibility of merging these registers in to the DSP Block since the DSP block registers only possess synchronous reset capability.  It is suggested to recode or change these registers to remove the reset or use a synchronous reset to get the best optimization for performance, power and area.
Related violations: <none>

DPIR-1#56 Warning
Asynchronous driver check  
DSP crypto_soc_artyz7_i/crypto_engine_v1_0_0/inst/crypto_engine_v1_0_S00_AXI_inst/my_crypto_core_inst/u_sbox_gen/extractor/p_0_out__2 input pin crypto_soc_artyz7_i/crypto_engine_v1_0_0/inst/crypto_engine_v1_0_S00_AXI_inst/my_crypto_core_inst/u_sbox_gen/extractor/p_0_out__2/B[13] is connected to registers with an asynchronous reset. This is preventing the possibility of merging these registers in to the DSP Block since the DSP block registers only possess synchronous reset capability.  It is suggested to recode or change these registers to remove the reset or use a synchronous reset to get the best optimization for performance, power and area.
Related violations: <none>

DPIR-1#57 Warning
Asynchronous driver check  
DSP crypto_soc_artyz7_i/crypto_engine_v1_0_0/inst/crypto_engine_v1_0_S00_AXI_inst/my_crypto_core_inst/u_sbox_gen/extractor/p_0_out__2 input pin crypto_soc_artyz7_i/crypto_engine_v1_0_0/inst/crypto_engine_v1_0_S00_AXI_inst/my_crypto_core_inst/u_sbox_gen/extractor/p_0_out__2/B[14] is connected to registers with an asynchronous reset. This is preventing the possibility of merging these registers in to the DSP Block since the DSP block registers only possess synchronous reset capability.  It is suggested to recode or change these registers to remove the reset or use a synchronous reset to get the best optimization for performance, power and area.
Related violations: <none>

DPIR-1#58 Warning
Asynchronous driver check  
DSP crypto_soc_artyz7_i/crypto_engine_v1_0_0/inst/crypto_engine_v1_0_S00_AXI_inst/my_crypto_core_inst/u_sbox_gen/extractor/p_0_out__2 input pin crypto_soc_artyz7_i/crypto_engine_v1_0_0/inst/crypto_engine_v1_0_S00_AXI_inst/my_crypto_core_inst/u_sbox_gen/extractor/p_0_out__2/B[15] is connected to registers with an asynchronous reset. This is preventing the possibility of merging these registers in to the DSP Block since the DSP block registers only possess synchronous reset capability.  It is suggested to recode or change these registers to remove the reset or use a synchronous reset to get the best optimization for performance, power and area.
Related violations: <none>

DPIR-1#59 Warning
Asynchronous driver check  
DSP crypto_soc_artyz7_i/crypto_engine_v1_0_0/inst/crypto_engine_v1_0_S00_AXI_inst/my_crypto_core_inst/u_sbox_gen/extractor/p_0_out__2 input pin crypto_soc_artyz7_i/crypto_engine_v1_0_0/inst/crypto_engine_v1_0_S00_AXI_inst/my_crypto_core_inst/u_sbox_gen/extractor/p_0_out__2/B[16] is connected to registers with an asynchronous reset. This is preventing the possibility of merging these registers in to the DSP Block since the DSP block registers only possess synchronous reset capability.  It is suggested to recode or change these registers to remove the reset or use a synchronous reset to get the best optimization for performance, power and area.
Related violations: <none>

DPIR-1#60 Warning
Asynchronous driver check  
DSP crypto_soc_artyz7_i/crypto_engine_v1_0_0/inst/crypto_engine_v1_0_S00_AXI_inst/my_crypto_core_inst/u_sbox_gen/extractor/p_0_out__2 input pin crypto_soc_artyz7_i/crypto_engine_v1_0_0/inst/crypto_engine_v1_0_S00_AXI_inst/my_crypto_core_inst/u_sbox_gen/extractor/p_0_out__2/B[1] is connected to registers with an asynchronous reset. This is preventing the possibility of merging these registers in to the DSP Block since the DSP block registers only possess synchronous reset capability.  It is suggested to recode or change these registers to remove the reset or use a synchronous reset to get the best optimization for performance, power and area.
Related violations: <none>

DPIR-1#61 Warning
Asynchronous driver check  
DSP crypto_soc_artyz7_i/crypto_engine_v1_0_0/inst/crypto_engine_v1_0_S00_AXI_inst/my_crypto_core_inst/u_sbox_gen/extractor/p_0_out__2 input pin crypto_soc_artyz7_i/crypto_engine_v1_0_0/inst/crypto_engine_v1_0_S00_AXI_inst/my_crypto_core_inst/u_sbox_gen/extractor/p_0_out__2/B[2] is connected to registers with an asynchronous reset. This is preventing the possibility of merging these registers in to the DSP Block since the DSP block registers only possess synchronous reset capability.  It is suggested to recode or change these registers to remove the reset or use a synchronous reset to get the best optimization for performance, power and area.
Related violations: <none>

DPIR-1#62 Warning
Asynchronous driver check  
DSP crypto_soc_artyz7_i/crypto_engine_v1_0_0/inst/crypto_engine_v1_0_S00_AXI_inst/my_crypto_core_inst/u_sbox_gen/extractor/p_0_out__2 input pin crypto_soc_artyz7_i/crypto_engine_v1_0_0/inst/crypto_engine_v1_0_S00_AXI_inst/my_crypto_core_inst/u_sbox_gen/extractor/p_0_out__2/B[3] is connected to registers with an asynchronous reset. This is preventing the possibility of merging these registers in to the DSP Block since the DSP block registers only possess synchronous reset capability.  It is suggested to recode or change these registers to remove the reset or use a synchronous reset to get the best optimization for performance, power and area.
Related violations: <none>

DPIR-1#63 Warning
Asynchronous driver check  
DSP crypto_soc_artyz7_i/crypto_engine_v1_0_0/inst/crypto_engine_v1_0_S00_AXI_inst/my_crypto_core_inst/u_sbox_gen/extractor/p_0_out__2 input pin crypto_soc_artyz7_i/crypto_engine_v1_0_0/inst/crypto_engine_v1_0_S00_AXI_inst/my_crypto_core_inst/u_sbox_gen/extractor/p_0_out__2/B[4] is connected to registers with an asynchronous reset. This is preventing the possibility of merging these registers in to the DSP Block since the DSP block registers only possess synchronous reset capability.  It is suggested to recode or change these registers to remove the reset or use a synchronous reset to get the best optimization for performance, power and area.
Related violations: <none>

DPIR-1#64 Warning
Asynchronous driver check  
DSP crypto_soc_artyz7_i/crypto_engine_v1_0_0/inst/crypto_engine_v1_0_S00_AXI_inst/my_crypto_core_inst/u_sbox_gen/extractor/p_0_out__2 input pin crypto_soc_artyz7_i/crypto_engine_v1_0_0/inst/crypto_engine_v1_0_S00_AXI_inst/my_crypto_core_inst/u_sbox_gen/extractor/p_0_out__2/B[5] is connected to registers with an asynchronous reset. This is preventing the possibility of merging these registers in to the DSP Block since the DSP block registers only possess synchronous reset capability.  It is suggested to recode or change these registers to remove the reset or use a synchronous reset to get the best optimization for performance, power and area.
Related violations: <none>

DPIR-1#65 Warning
Asynchronous driver check  
DSP crypto_soc_artyz7_i/crypto_engine_v1_0_0/inst/crypto_engine_v1_0_S00_AXI_inst/my_crypto_core_inst/u_sbox_gen/extractor/p_0_out__2 input pin crypto_soc_artyz7_i/crypto_engine_v1_0_0/inst/crypto_engine_v1_0_S00_AXI_inst/my_crypto_core_inst/u_sbox_gen/extractor/p_0_out__2/B[6] is connected to registers with an asynchronous reset. This is preventing the possibility of merging these registers in to the DSP Block since the DSP block registers only possess synchronous reset capability.  It is suggested to recode or change these registers to remove the reset or use a synchronous reset to get the best optimization for performance, power and area.
Related violations: <none>

DPIR-1#66 Warning
Asynchronous driver check  
DSP crypto_soc_artyz7_i/crypto_engine_v1_0_0/inst/crypto_engine_v1_0_S00_AXI_inst/my_crypto_core_inst/u_sbox_gen/extractor/p_0_out__2 input pin crypto_soc_artyz7_i/crypto_engine_v1_0_0/inst/crypto_engine_v1_0_S00_AXI_inst/my_crypto_core_inst/u_sbox_gen/extractor/p_0_out__2/B[7] is connected to registers with an asynchronous reset. This is preventing the possibility of merging these registers in to the DSP Block since the DSP block registers only possess synchronous reset capability.  It is suggested to recode or change these registers to remove the reset or use a synchronous reset to get the best optimization for performance, power and area.
Related violations: <none>

DPIR-1#67 Warning
Asynchronous driver check  
DSP crypto_soc_artyz7_i/crypto_engine_v1_0_0/inst/crypto_engine_v1_0_S00_AXI_inst/my_crypto_core_inst/u_sbox_gen/extractor/p_0_out__2 input pin crypto_soc_artyz7_i/crypto_engine_v1_0_0/inst/crypto_engine_v1_0_S00_AXI_inst/my_crypto_core_inst/u_sbox_gen/extractor/p_0_out__2/B[8] is connected to registers with an asynchronous reset. This is preventing the possibility of merging these registers in to the DSP Block since the DSP block registers only possess synchronous reset capability.  It is suggested to recode or change these registers to remove the reset or use a synchronous reset to get the best optimization for performance, power and area.
Related violations: <none>

DPIR-1#68 Warning
Asynchronous driver check  
DSP crypto_soc_artyz7_i/crypto_engine_v1_0_0/inst/crypto_engine_v1_0_S00_AXI_inst/my_crypto_core_inst/u_sbox_gen/extractor/p_0_out__2 input pin crypto_soc_artyz7_i/crypto_engine_v1_0_0/inst/crypto_engine_v1_0_S00_AXI_inst/my_crypto_core_inst/u_sbox_gen/extractor/p_0_out__2/B[9] is connected to registers with an asynchronous reset. This is preventing the possibility of merging these registers in to the DSP Block since the DSP block registers only possess synchronous reset capability.  It is suggested to recode or change these registers to remove the reset or use a synchronous reset to get the best optimization for performance, power and area.
Related violations: <none>

DPIR-1#69 Warning
Asynchronous driver check  
DSP crypto_soc_artyz7_i/crypto_engine_v1_0_0/inst/crypto_engine_v1_0_S00_AXI_inst/my_crypto_core_inst/u_sbox_gen/extractor/p_0_out__3 input pin crypto_soc_artyz7_i/crypto_engine_v1_0_0/inst/crypto_engine_v1_0_S00_AXI_inst/my_crypto_core_inst/u_sbox_gen/extractor/p_0_out__3/B[0] is connected to registers with an asynchronous reset. This is preventing the possibility of merging these registers in to the DSP Block since the DSP block registers only possess synchronous reset capability.  It is suggested to recode or change these registers to remove the reset or use a synchronous reset to get the best optimization for performance, power and area.
Related violations: <none>

DPIR-1#70 Warning
Asynchronous driver check  
DSP crypto_soc_artyz7_i/crypto_engine_v1_0_0/inst/crypto_engine_v1_0_S00_AXI_inst/my_crypto_core_inst/u_sbox_gen/extractor/p_0_out__3 input pin crypto_soc_artyz7_i/crypto_engine_v1_0_0/inst/crypto_engine_v1_0_S00_AXI_inst/my_crypto_core_inst/u_sbox_gen/extractor/p_0_out__3/B[10] is connected to registers with an asynchronous reset. This is preventing the possibility of merging these registers in to the DSP Block since the DSP block registers only possess synchronous reset capability.  It is suggested to recode or change these registers to remove the reset or use a synchronous reset to get the best optimization for performance, power and area.
Related violations: <none>

DPIR-1#71 Warning
Asynchronous driver check  
DSP crypto_soc_artyz7_i/crypto_engine_v1_0_0/inst/crypto_engine_v1_0_S00_AXI_inst/my_crypto_core_inst/u_sbox_gen/extractor/p_0_out__3 input pin crypto_soc_artyz7_i/crypto_engine_v1_0_0/inst/crypto_engine_v1_0_S00_AXI_inst/my_crypto_core_inst/u_sbox_gen/extractor/p_0_out__3/B[11] is connected to registers with an asynchronous reset. This is preventing the possibility of merging these registers in to the DSP Block since the DSP block registers only possess synchronous reset capability.  It is suggested to recode or change these registers to remove the reset or use a synchronous reset to get the best optimization for performance, power and area.
Related violations: <none>

DPIR-1#72 Warning
Asynchronous driver check  
DSP crypto_soc_artyz7_i/crypto_engine_v1_0_0/inst/crypto_engine_v1_0_S00_AXI_inst/my_crypto_core_inst/u_sbox_gen/extractor/p_0_out__3 input pin crypto_soc_artyz7_i/crypto_engine_v1_0_0/inst/crypto_engine_v1_0_S00_AXI_inst/my_crypto_core_inst/u_sbox_gen/extractor/p_0_out__3/B[12] is connected to registers with an asynchronous reset. This is preventing the possibility of merging these registers in to the DSP Block since the DSP block registers only possess synchronous reset capability.  It is suggested to recode or change these registers to remove the reset or use a synchronous reset to get the best optimization for performance, power and area.
Related violations: <none>

DPIR-1#73 Warning
Asynchronous driver check  
DSP crypto_soc_artyz7_i/crypto_engine_v1_0_0/inst/crypto_engine_v1_0_S00_AXI_inst/my_crypto_core_inst/u_sbox_gen/extractor/p_0_out__3 input pin crypto_soc_artyz7_i/crypto_engine_v1_0_0/inst/crypto_engine_v1_0_S00_AXI_inst/my_crypto_core_inst/u_sbox_gen/extractor/p_0_out__3/B[13] is connected to registers with an asynchronous reset. This is preventing the possibility of merging these registers in to the DSP Block since the DSP block registers only possess synchronous reset capability.  It is suggested to recode or change these registers to remove the reset or use a synchronous reset to get the best optimization for performance, power and area.
Related violations: <none>

DPIR-1#74 Warning
Asynchronous driver check  
DSP crypto_soc_artyz7_i/crypto_engine_v1_0_0/inst/crypto_engine_v1_0_S00_AXI_inst/my_crypto_core_inst/u_sbox_gen/extractor/p_0_out__3 input pin crypto_soc_artyz7_i/crypto_engine_v1_0_0/inst/crypto_engine_v1_0_S00_AXI_inst/my_crypto_core_inst/u_sbox_gen/extractor/p_0_out__3/B[14] is connected to registers with an asynchronous reset. This is preventing the possibility of merging these registers in to the DSP Block since the DSP block registers only possess synchronous reset capability.  It is suggested to recode or change these registers to remove the reset or use a synchronous reset to get the best optimization for performance, power and area.
Related violations: <none>

DPIR-1#75 Warning
Asynchronous driver check  
DSP crypto_soc_artyz7_i/crypto_engine_v1_0_0/inst/crypto_engine_v1_0_S00_AXI_inst/my_crypto_core_inst/u_sbox_gen/extractor/p_0_out__3 input pin crypto_soc_artyz7_i/crypto_engine_v1_0_0/inst/crypto_engine_v1_0_S00_AXI_inst/my_crypto_core_inst/u_sbox_gen/extractor/p_0_out__3/B[15] is connected to registers with an asynchronous reset. This is preventing the possibility of merging these registers in to the DSP Block since the DSP block registers only possess synchronous reset capability.  It is suggested to recode or change these registers to remove the reset or use a synchronous reset to get the best optimization for performance, power and area.
Related violations: <none>

DPIR-1#76 Warning
Asynchronous driver check  
DSP crypto_soc_artyz7_i/crypto_engine_v1_0_0/inst/crypto_engine_v1_0_S00_AXI_inst/my_crypto_core_inst/u_sbox_gen/extractor/p_0_out__3 input pin crypto_soc_artyz7_i/crypto_engine_v1_0_0/inst/crypto_engine_v1_0_S00_AXI_inst/my_crypto_core_inst/u_sbox_gen/extractor/p_0_out__3/B[16] is connected to registers with an asynchronous reset. This is preventing the possibility of merging these registers in to the DSP Block since the DSP block registers only possess synchronous reset capability.  It is suggested to recode or change these registers to remove the reset or use a synchronous reset to get the best optimization for performance, power and area.
Related violations: <none>

DPIR-1#77 Warning
Asynchronous driver check  
DSP crypto_soc_artyz7_i/crypto_engine_v1_0_0/inst/crypto_engine_v1_0_S00_AXI_inst/my_crypto_core_inst/u_sbox_gen/extractor/p_0_out__3 input pin crypto_soc_artyz7_i/crypto_engine_v1_0_0/inst/crypto_engine_v1_0_S00_AXI_inst/my_crypto_core_inst/u_sbox_gen/extractor/p_0_out__3/B[1] is connected to registers with an asynchronous reset. This is preventing the possibility of merging these registers in to the DSP Block since the DSP block registers only possess synchronous reset capability.  It is suggested to recode or change these registers to remove the reset or use a synchronous reset to get the best optimization for performance, power and area.
Related violations: <none>

DPIR-1#78 Warning
Asynchronous driver check  
DSP crypto_soc_artyz7_i/crypto_engine_v1_0_0/inst/crypto_engine_v1_0_S00_AXI_inst/my_crypto_core_inst/u_sbox_gen/extractor/p_0_out__3 input pin crypto_soc_artyz7_i/crypto_engine_v1_0_0/inst/crypto_engine_v1_0_S00_AXI_inst/my_crypto_core_inst/u_sbox_gen/extractor/p_0_out__3/B[2] is connected to registers with an asynchronous reset. This is preventing the possibility of merging these registers in to the DSP Block since the DSP block registers only possess synchronous reset capability.  It is suggested to recode or change these registers to remove the reset or use a synchronous reset to get the best optimization for performance, power and area.
Related violations: <none>

DPIR-1#79 Warning
Asynchronous driver check  
DSP crypto_soc_artyz7_i/crypto_engine_v1_0_0/inst/crypto_engine_v1_0_S00_AXI_inst/my_crypto_core_inst/u_sbox_gen/extractor/p_0_out__3 input pin crypto_soc_artyz7_i/crypto_engine_v1_0_0/inst/crypto_engine_v1_0_S00_AXI_inst/my_crypto_core_inst/u_sbox_gen/extractor/p_0_out__3/B[3] is connected to registers with an asynchronous reset. This is preventing the possibility of merging these registers in to the DSP Block since the DSP block registers only possess synchronous reset capability.  It is suggested to recode or change these registers to remove the reset or use a synchronous reset to get the best optimization for performance, power and area.
Related violations: <none>

DPIR-1#80 Warning
Asynchronous driver check  
DSP crypto_soc_artyz7_i/crypto_engine_v1_0_0/inst/crypto_engine_v1_0_S00_AXI_inst/my_crypto_core_inst/u_sbox_gen/extractor/p_0_out__3 input pin crypto_soc_artyz7_i/crypto_engine_v1_0_0/inst/crypto_engine_v1_0_S00_AXI_inst/my_crypto_core_inst/u_sbox_gen/extractor/p_0_out__3/B[4] is connected to registers with an asynchronous reset. This is preventing the possibility of merging these registers in to the DSP Block since the DSP block registers only possess synchronous reset capability.  It is suggested to recode or change these registers to remove the reset or use a synchronous reset to get the best optimization for performance, power and area.
Related violations: <none>

DPIR-1#81 Warning
Asynchronous driver check  
DSP crypto_soc_artyz7_i/crypto_engine_v1_0_0/inst/crypto_engine_v1_0_S00_AXI_inst/my_crypto_core_inst/u_sbox_gen/extractor/p_0_out__3 input pin crypto_soc_artyz7_i/crypto_engine_v1_0_0/inst/crypto_engine_v1_0_S00_AXI_inst/my_crypto_core_inst/u_sbox_gen/extractor/p_0_out__3/B[5] is connected to registers with an asynchronous reset. This is preventing the possibility of merging these registers in to the DSP Block since the DSP block registers only possess synchronous reset capability.  It is suggested to recode or change these registers to remove the reset or use a synchronous reset to get the best optimization for performance, power and area.
Related violations: <none>

DPIR-1#82 Warning
Asynchronous driver check  
DSP crypto_soc_artyz7_i/crypto_engine_v1_0_0/inst/crypto_engine_v1_0_S00_AXI_inst/my_crypto_core_inst/u_sbox_gen/extractor/p_0_out__3 input pin crypto_soc_artyz7_i/crypto_engine_v1_0_0/inst/crypto_engine_v1_0_S00_AXI_inst/my_crypto_core_inst/u_sbox_gen/extractor/p_0_out__3/B[6] is connected to registers with an asynchronous reset. This is preventing the possibility of merging these registers in to the DSP Block since the DSP block registers only possess synchronous reset capability.  It is suggested to recode or change these registers to remove the reset or use a synchronous reset to get the best optimization for performance, power and area.
Related violations: <none>

DPIR-1#83 Warning
Asynchronous driver check  
DSP crypto_soc_artyz7_i/crypto_engine_v1_0_0/inst/crypto_engine_v1_0_S00_AXI_inst/my_crypto_core_inst/u_sbox_gen/extractor/p_0_out__3 input pin crypto_soc_artyz7_i/crypto_engine_v1_0_0/inst/crypto_engine_v1_0_S00_AXI_inst/my_crypto_core_inst/u_sbox_gen/extractor/p_0_out__3/B[7] is connected to registers with an asynchronous reset. This is preventing the possibility of merging these registers in to the DSP Block since the DSP block registers only possess synchronous reset capability.  It is suggested to recode or change these registers to remove the reset or use a synchronous reset to get the best optimization for performance, power and area.
Related violations: <none>

DPIR-1#84 Warning
Asynchronous driver check  
DSP crypto_soc_artyz7_i/crypto_engine_v1_0_0/inst/crypto_engine_v1_0_S00_AXI_inst/my_crypto_core_inst/u_sbox_gen/extractor/p_0_out__3 input pin crypto_soc_artyz7_i/crypto_engine_v1_0_0/inst/crypto_engine_v1_0_S00_AXI_inst/my_crypto_core_inst/u_sbox_gen/extractor/p_0_out__3/B[8] is connected to registers with an asynchronous reset. This is preventing the possibility of merging these registers in to the DSP Block since the DSP block registers only possess synchronous reset capability.  It is suggested to recode or change these registers to remove the reset or use a synchronous reset to get the best optimization for performance, power and area.
Related violations: <none>

DPIR-1#85 Warning
Asynchronous driver check  
DSP crypto_soc_artyz7_i/crypto_engine_v1_0_0/inst/crypto_engine_v1_0_S00_AXI_inst/my_crypto_core_inst/u_sbox_gen/extractor/p_0_out__3 input pin crypto_soc_artyz7_i/crypto_engine_v1_0_0/inst/crypto_engine_v1_0_S00_AXI_inst/my_crypto_core_inst/u_sbox_gen/extractor/p_0_out__3/B[9] is connected to registers with an asynchronous reset. This is preventing the possibility of merging these registers in to the DSP Block since the DSP block registers only possess synchronous reset capability.  It is suggested to recode or change these registers to remove the reset or use a synchronous reset to get the best optimization for performance, power and area.
Related violations: <none>

DPIR-1#86 Warning
Asynchronous driver check  
DSP crypto_soc_artyz7_i/crypto_engine_v1_0_0/inst/crypto_engine_v1_0_S00_AXI_inst/my_crypto_core_inst/u_sbox_gen/extractor/p_0_out__4 input pin crypto_soc_artyz7_i/crypto_engine_v1_0_0/inst/crypto_engine_v1_0_S00_AXI_inst/my_crypto_core_inst/u_sbox_gen/extractor/p_0_out__4/B[0] is connected to registers with an asynchronous reset. This is preventing the possibility of merging these registers in to the DSP Block since the DSP block registers only possess synchronous reset capability.  It is suggested to recode or change these registers to remove the reset or use a synchronous reset to get the best optimization for performance, power and area.
Related violations: <none>

DPIR-1#87 Warning
Asynchronous driver check  
DSP crypto_soc_artyz7_i/crypto_engine_v1_0_0/inst/crypto_engine_v1_0_S00_AXI_inst/my_crypto_core_inst/u_sbox_gen/extractor/p_0_out__4 input pin crypto_soc_artyz7_i/crypto_engine_v1_0_0/inst/crypto_engine_v1_0_S00_AXI_inst/my_crypto_core_inst/u_sbox_gen/extractor/p_0_out__4/B[10] is connected to registers with an asynchronous reset. This is preventing the possibility of merging these registers in to the DSP Block since the DSP block registers only possess synchronous reset capability.  It is suggested to recode or change these registers to remove the reset or use a synchronous reset to get the best optimization for performance, power and area.
Related violations: <none>

DPIR-1#88 Warning
Asynchronous driver check  
DSP crypto_soc_artyz7_i/crypto_engine_v1_0_0/inst/crypto_engine_v1_0_S00_AXI_inst/my_crypto_core_inst/u_sbox_gen/extractor/p_0_out__4 input pin crypto_soc_artyz7_i/crypto_engine_v1_0_0/inst/crypto_engine_v1_0_S00_AXI_inst/my_crypto_core_inst/u_sbox_gen/extractor/p_0_out__4/B[11] is connected to registers with an asynchronous reset. This is preventing the possibility of merging these registers in to the DSP Block since the DSP block registers only possess synchronous reset capability.  It is suggested to recode or change these registers to remove the reset or use a synchronous reset to get the best optimization for performance, power and area.
Related violations: <none>

DPIR-1#89 Warning
Asynchronous driver check  
DSP crypto_soc_artyz7_i/crypto_engine_v1_0_0/inst/crypto_engine_v1_0_S00_AXI_inst/my_crypto_core_inst/u_sbox_gen/extractor/p_0_out__4 input pin crypto_soc_artyz7_i/crypto_engine_v1_0_0/inst/crypto_engine_v1_0_S00_AXI_inst/my_crypto_core_inst/u_sbox_gen/extractor/p_0_out__4/B[12] is connected to registers with an asynchronous reset. This is preventing the possibility of merging these registers in to the DSP Block since the DSP block registers only possess synchronous reset capability.  It is suggested to recode or change these registers to remove the reset or use a synchronous reset to get the best optimization for performance, power and area.
Related violations: <none>

DPIR-1#90 Warning
Asynchronous driver check  
DSP crypto_soc_artyz7_i/crypto_engine_v1_0_0/inst/crypto_engine_v1_0_S00_AXI_inst/my_crypto_core_inst/u_sbox_gen/extractor/p_0_out__4 input pin crypto_soc_artyz7_i/crypto_engine_v1_0_0/inst/crypto_engine_v1_0_S00_AXI_inst/my_crypto_core_inst/u_sbox_gen/extractor/p_0_out__4/B[13] is connected to registers with an asynchronous reset. This is preventing the possibility of merging these registers in to the DSP Block since the DSP block registers only possess synchronous reset capability.  It is suggested to recode or change these registers to remove the reset or use a synchronous reset to get the best optimization for performance, power and area.
Related violations: <none>

DPIR-1#91 Warning
Asynchronous driver check  
DSP crypto_soc_artyz7_i/crypto_engine_v1_0_0/inst/crypto_engine_v1_0_S00_AXI_inst/my_crypto_core_inst/u_sbox_gen/extractor/p_0_out__4 input pin crypto_soc_artyz7_i/crypto_engine_v1_0_0/inst/crypto_engine_v1_0_S00_AXI_inst/my_crypto_core_inst/u_sbox_gen/extractor/p_0_out__4/B[14] is connected to registers with an asynchronous reset. This is preventing the possibility of merging these registers in to the DSP Block since the DSP block registers only possess synchronous reset capability.  It is suggested to recode or change these registers to remove the reset or use a synchronous reset to get the best optimization for performance, power and area.
Related violations: <none>

DPIR-1#92 Warning
Asynchronous driver check  
DSP crypto_soc_artyz7_i/crypto_engine_v1_0_0/inst/crypto_engine_v1_0_S00_AXI_inst/my_crypto_core_inst/u_sbox_gen/extractor/p_0_out__4 input pin crypto_soc_artyz7_i/crypto_engine_v1_0_0/inst/crypto_engine_v1_0_S00_AXI_inst/my_crypto_core_inst/u_sbox_gen/extractor/p_0_out__4/B[15] is connected to registers with an asynchronous reset. This is preventing the possibility of merging these registers in to the DSP Block since the DSP block registers only possess synchronous reset capability.  It is suggested to recode or change these registers to remove the reset or use a synchronous reset to get the best optimization for performance, power and area.
Related violations: <none>

DPIR-1#93 Warning
Asynchronous driver check  
DSP crypto_soc_artyz7_i/crypto_engine_v1_0_0/inst/crypto_engine_v1_0_S00_AXI_inst/my_crypto_core_inst/u_sbox_gen/extractor/p_0_out__4 input pin crypto_soc_artyz7_i/crypto_engine_v1_0_0/inst/crypto_engine_v1_0_S00_AXI_inst/my_crypto_core_inst/u_sbox_gen/extractor/p_0_out__4/B[16] is connected to registers with an asynchronous reset. This is preventing the possibility of merging these registers in to the DSP Block since the DSP block registers only possess synchronous reset capability.  It is suggested to recode or change these registers to remove the reset or use a synchronous reset to get the best optimization for performance, power and area.
Related violations: <none>

DPIR-1#94 Warning
Asynchronous driver check  
DSP crypto_soc_artyz7_i/crypto_engine_v1_0_0/inst/crypto_engine_v1_0_S00_AXI_inst/my_crypto_core_inst/u_sbox_gen/extractor/p_0_out__4 input pin crypto_soc_artyz7_i/crypto_engine_v1_0_0/inst/crypto_engine_v1_0_S00_AXI_inst/my_crypto_core_inst/u_sbox_gen/extractor/p_0_out__4/B[1] is connected to registers with an asynchronous reset. This is preventing the possibility of merging these registers in to the DSP Block since the DSP block registers only possess synchronous reset capability.  It is suggested to recode or change these registers to remove the reset or use a synchronous reset to get the best optimization for performance, power and area.
Related violations: <none>

DPIR-1#95 Warning
Asynchronous driver check  
DSP crypto_soc_artyz7_i/crypto_engine_v1_0_0/inst/crypto_engine_v1_0_S00_AXI_inst/my_crypto_core_inst/u_sbox_gen/extractor/p_0_out__4 input pin crypto_soc_artyz7_i/crypto_engine_v1_0_0/inst/crypto_engine_v1_0_S00_AXI_inst/my_crypto_core_inst/u_sbox_gen/extractor/p_0_out__4/B[2] is connected to registers with an asynchronous reset. This is preventing the possibility of merging these registers in to the DSP Block since the DSP block registers only possess synchronous reset capability.  It is suggested to recode or change these registers to remove the reset or use a synchronous reset to get the best optimization for performance, power and area.
Related violations: <none>

DPIR-1#96 Warning
Asynchronous driver check  
DSP crypto_soc_artyz7_i/crypto_engine_v1_0_0/inst/crypto_engine_v1_0_S00_AXI_inst/my_crypto_core_inst/u_sbox_gen/extractor/p_0_out__4 input pin crypto_soc_artyz7_i/crypto_engine_v1_0_0/inst/crypto_engine_v1_0_S00_AXI_inst/my_crypto_core_inst/u_sbox_gen/extractor/p_0_out__4/B[3] is connected to registers with an asynchronous reset. This is preventing the possibility of merging these registers in to the DSP Block since the DSP block registers only possess synchronous reset capability.  It is suggested to recode or change these registers to remove the reset or use a synchronous reset to get the best optimization for performance, power and area.
Related violations: <none>

DPIR-1#97 Warning
Asynchronous driver check  
DSP crypto_soc_artyz7_i/crypto_engine_v1_0_0/inst/crypto_engine_v1_0_S00_AXI_inst/my_crypto_core_inst/u_sbox_gen/extractor/p_0_out__4 input pin crypto_soc_artyz7_i/crypto_engine_v1_0_0/inst/crypto_engine_v1_0_S00_AXI_inst/my_crypto_core_inst/u_sbox_gen/extractor/p_0_out__4/B[4] is connected to registers with an asynchronous reset. This is preventing the possibility of merging these registers in to the DSP Block since the DSP block registers only possess synchronous reset capability.  It is suggested to recode or change these registers to remove the reset or use a synchronous reset to get the best optimization for performance, power and area.
Related violations: <none>

DPIR-1#98 Warning
Asynchronous driver check  
DSP crypto_soc_artyz7_i/crypto_engine_v1_0_0/inst/crypto_engine_v1_0_S00_AXI_inst/my_crypto_core_inst/u_sbox_gen/extractor/p_0_out__4 input pin crypto_soc_artyz7_i/crypto_engine_v1_0_0/inst/crypto_engine_v1_0_S00_AXI_inst/my_crypto_core_inst/u_sbox_gen/extractor/p_0_out__4/B[5] is connected to registers with an asynchronous reset. This is preventing the possibility of merging these registers in to the DSP Block since the DSP block registers only possess synchronous reset capability.  It is suggested to recode or change these registers to remove the reset or use a synchronous reset to get the best optimization for performance, power and area.
Related violations: <none>

DPIR-1#99 Warning
Asynchronous driver check  
DSP crypto_soc_artyz7_i/crypto_engine_v1_0_0/inst/crypto_engine_v1_0_S00_AXI_inst/my_crypto_core_inst/u_sbox_gen/extractor/p_0_out__4 input pin crypto_soc_artyz7_i/crypto_engine_v1_0_0/inst/crypto_engine_v1_0_S00_AXI_inst/my_crypto_core_inst/u_sbox_gen/extractor/p_0_out__4/B[6] is connected to registers with an asynchronous reset. This is preventing the possibility of merging these registers in to the DSP Block since the DSP block registers only possess synchronous reset capability.  It is suggested to recode or change these registers to remove the reset or use a synchronous reset to get the best optimization for performance, power and area.
Related violations: <none>

DPIR-1#100 Warning
Asynchronous driver check  
DSP crypto_soc_artyz7_i/crypto_engine_v1_0_0/inst/crypto_engine_v1_0_S00_AXI_inst/my_crypto_core_inst/u_sbox_gen/extractor/p_0_out__4 input pin crypto_soc_artyz7_i/crypto_engine_v1_0_0/inst/crypto_engine_v1_0_S00_AXI_inst/my_crypto_core_inst/u_sbox_gen/extractor/p_0_out__4/B[7] is connected to registers with an asynchronous reset. This is preventing the possibility of merging these registers in to the DSP Block since the DSP block registers only possess synchronous reset capability.  It is suggested to recode or change these registers to remove the reset or use a synchronous reset to get the best optimization for performance, power and area.
Related violations: <none>

DPIR-1#101 Warning
Asynchronous driver check  
DSP crypto_soc_artyz7_i/crypto_engine_v1_0_0/inst/crypto_engine_v1_0_S00_AXI_inst/my_crypto_core_inst/u_sbox_gen/extractor/p_0_out__4 input pin crypto_soc_artyz7_i/crypto_engine_v1_0_0/inst/crypto_engine_v1_0_S00_AXI_inst/my_crypto_core_inst/u_sbox_gen/extractor/p_0_out__4/B[8] is connected to registers with an asynchronous reset. This is preventing the possibility of merging these registers in to the DSP Block since the DSP block registers only possess synchronous reset capability.  It is suggested to recode or change these registers to remove the reset or use a synchronous reset to get the best optimization for performance, power and area.
Related violations: <none>

DPIR-1#102 Warning
Asynchronous driver check  
DSP crypto_soc_artyz7_i/crypto_engine_v1_0_0/inst/crypto_engine_v1_0_S00_AXI_inst/my_crypto_core_inst/u_sbox_gen/extractor/p_0_out__4 input pin crypto_soc_artyz7_i/crypto_engine_v1_0_0/inst/crypto_engine_v1_0_S00_AXI_inst/my_crypto_core_inst/u_sbox_gen/extractor/p_0_out__4/B[9] is connected to registers with an asynchronous reset. This is preventing the possibility of merging these registers in to the DSP Block since the DSP block registers only possess synchronous reset capability.  It is suggested to recode or change these registers to remove the reset or use a synchronous reset to get the best optimization for performance, power and area.
Related violations: <none>

LUTAR-1#1 Warning
LUT drives async reset alert  
LUT cell crypto_soc_artyz7_i/axi_mem_intercon/m00_couplers/auto_ds/inst/gen_downsizer.gen_cascaded_downsizer.first_downsizer_inst/USE_READ.read_addr_inst/cmd_queue/inst/fifo_gen_inst/inst_fifo_gen/gconvfifo.rf/grf.rf/rstblk/gpregsm1.curr_fwft_state[1]_i_2, with 2 or more inputs, drives asynchronous preset/clear pin(s) crypto_soc_artyz7_i/axi_mem_intercon/m00_couplers/auto_ds/inst/gen_downsizer.gen_cascaded_downsizer.first_downsizer_inst/USE_READ.read_addr_inst/cmd_queue/inst/fifo_gen_inst/inst_fifo_gen/gconvfifo.rf/grf.rf/gntv_or_sync_fifo.gl0.rd/rpntr/gc0.count_reg[2]/CLR,
crypto_soc_artyz7_i/axi_mem_intercon/m00_couplers/auto_ds/inst/gen_downsizer.gen_cascaded_downsizer.first_downsizer_inst/USE_READ.read_addr_inst/cmd_queue/inst/fifo_gen_inst/inst_fifo_gen/gconvfifo.rf/grf.rf/gntv_or_sync_fifo.gl0.rd/rpntr/gc0.count_reg[3]/CLR,
crypto_soc_artyz7_i/axi_mem_intercon/m00_couplers/auto_ds/inst/gen_downsizer.gen_cascaded_downsizer.first_downsizer_inst/USE_READ.read_addr_inst/cmd_queue/inst/fifo_gen_inst/inst_fifo_gen/gconvfifo.rf/grf.rf/gntv_or_sync_fifo.gl0.rd/rpntr/gc0.count_reg[4]/CLR,
crypto_soc_artyz7_i/axi_mem_intercon/m00_couplers/auto_ds/inst/gen_downsizer.gen_cascaded_downsizer.first_downsizer_inst/USE_READ.read_addr_inst/cmd_queue/inst/fifo_gen_inst/inst_fifo_gen/gconvfifo.rf/grf.rf/gntv_or_sync_fifo.gl0.wr/gwss.wsts/ram_full_fb_i_reg/CLR,
crypto_soc_artyz7_i/axi_mem_intercon/m00_couplers/auto_ds/inst/gen_downsizer.gen_cascaded_downsizer.first_downsizer_inst/USE_READ.read_addr_inst/cmd_queue/inst/fifo_gen_inst/inst_fifo_gen/gconvfifo.rf/grf.rf/gntv_or_sync_fifo.gl0.wr/gwss.wsts/ram_full_i_reg/CLR,
crypto_soc_artyz7_i/axi_mem_intercon/m00_couplers/auto_ds/inst/gen_downsizer.gen_cascaded_downsizer.first_downsizer_inst/USE_READ.read_addr_inst/cmd_queue/inst/fifo_gen_inst/inst_fifo_gen/gconvfifo.rf/grf.rf/gntv_or_sync_fifo.gl0.wr/wpntr/gcc0.gc0.count_d1_reg[0]/CLR,
crypto_soc_artyz7_i/axi_mem_intercon/m00_couplers/auto_ds/inst/gen_downsizer.gen_cascaded_downsizer.first_downsizer_inst/USE_READ.read_addr_inst/cmd_queue/inst/fifo_gen_inst/inst_fifo_gen/gconvfifo.rf/grf.rf/gntv_or_sync_fifo.gl0.wr/wpntr/gcc0.gc0.count_d1_reg[1]/CLR,
crypto_soc_artyz7_i/axi_mem_intercon/m00_couplers/auto_ds/inst/gen_downsizer.gen_cascaded_downsizer.first_downsizer_inst/USE_READ.read_addr_inst/cmd_queue/inst/fifo_gen_inst/inst_fifo_gen/gconvfifo.rf/grf.rf/gntv_or_sync_fifo.gl0.wr/wpntr/gcc0.gc0.count_d1_reg[2]/CLR,
crypto_soc_artyz7_i/axi_mem_intercon/m00_couplers/auto_ds/inst/gen_downsizer.gen_cascaded_downsizer.first_downsizer_inst/USE_READ.read_addr_inst/cmd_queue/inst/fifo_gen_inst/inst_fifo_gen/gconvfifo.rf/grf.rf/gntv_or_sync_fifo.gl0.wr/wpntr/gcc0.gc0.count_d1_reg[3]/CLR,
crypto_soc_artyz7_i/axi_mem_intercon/m00_couplers/auto_ds/inst/gen_downsizer.gen_cascaded_downsizer.first_downsizer_inst/USE_READ.read_addr_inst/cmd_queue/inst/fifo_gen_inst/inst_fifo_gen/gconvfifo.rf/grf.rf/gntv_or_sync_fifo.gl0.wr/wpntr/gcc0.gc0.count_d1_reg[4]/CLR,
crypto_soc_artyz7_i/axi_mem_intercon/m00_couplers/auto_ds/inst/gen_downsizer.gen_cascaded_downsizer.first_downsizer_inst/USE_READ.read_addr_inst/cmd_queue/inst/fifo_gen_inst/inst_fifo_gen/gconvfifo.rf/grf.rf/gntv_or_sync_fifo.gl0.wr/wpntr/gcc0.gc0.count_reg[0]/PRE,
crypto_soc_artyz7_i/axi_mem_intercon/m00_couplers/auto_ds/inst/gen_downsizer.gen_cascaded_downsizer.first_downsizer_inst/USE_READ.read_addr_inst/cmd_queue/inst/fifo_gen_inst/inst_fifo_gen/gconvfifo.rf/grf.rf/gntv_or_sync_fifo.gl0.wr/wpntr/gcc0.gc0.count_reg[1]/CLR,
crypto_soc_artyz7_i/axi_mem_intercon/m00_couplers/auto_ds/inst/gen_downsizer.gen_cascaded_downsizer.first_downsizer_inst/USE_READ.read_addr_inst/cmd_queue/inst/fifo_gen_inst/inst_fifo_gen/gconvfifo.rf/grf.rf/gntv_or_sync_fifo.gl0.wr/wpntr/gcc0.gc0.count_reg[2]/CLR,
crypto_soc_artyz7_i/axi_mem_intercon/m00_couplers/auto_ds/inst/gen_downsizer.gen_cascaded_downsizer.first_downsizer_inst/USE_READ.read_addr_inst/cmd_queue/inst/fifo_gen_inst/inst_fifo_gen/gconvfifo.rf/grf.rf/gntv_or_sync_fifo.gl0.wr/wpntr/gcc0.gc0.count_reg[3]/CLR,
crypto_soc_artyz7_i/axi_mem_intercon/m00_couplers/auto_ds/inst/gen_downsizer.gen_cascaded_downsizer.first_downsizer_inst/USE_READ.read_addr_inst/cmd_queue/inst/fifo_gen_inst/inst_fifo_gen/gconvfifo.rf/grf.rf/gntv_or_sync_fifo.gl0.wr/wpntr/gcc0.gc0.count_reg[4]/CLR
 (the first 15 of 32 listed). The LUT may glitch and trigger an unexpected reset, even if it is a properly timed path.
Related violations: <none>

LUTAR-1#2 Warning
LUT drives async reset alert  
LUT cell crypto_soc_artyz7_i/axi_mem_intercon/m00_couplers/auto_ds/inst/gen_downsizer.gen_cascaded_downsizer.first_downsizer_inst/USE_WRITE.write_addr_inst/USE_B_CHANNEL.cmd_b_queue/inst/fifo_gen_inst/inst_fifo_gen/gconvfifo.rf/grf.rf/rstblk/gpregsm1.curr_fwft_state[1]_i_2, with 2 or more inputs, drives asynchronous preset/clear pin(s) crypto_soc_artyz7_i/axi_mem_intercon/m00_couplers/auto_ds/inst/gen_downsizer.gen_cascaded_downsizer.first_downsizer_inst/USE_WRITE.write_addr_inst/USE_B_CHANNEL.cmd_b_queue/inst/fifo_gen_inst/inst_fifo_gen/gconvfifo.rf/grf.rf/gntv_or_sync_fifo.gl0.rd/rpntr/gc0.count_reg[2]/CLR,
crypto_soc_artyz7_i/axi_mem_intercon/m00_couplers/auto_ds/inst/gen_downsizer.gen_cascaded_downsizer.first_downsizer_inst/USE_WRITE.write_addr_inst/USE_B_CHANNEL.cmd_b_queue/inst/fifo_gen_inst/inst_fifo_gen/gconvfifo.rf/grf.rf/gntv_or_sync_fifo.gl0.rd/rpntr/gc0.count_reg[3]/CLR,
crypto_soc_artyz7_i/axi_mem_intercon/m00_couplers/auto_ds/inst/gen_downsizer.gen_cascaded_downsizer.first_downsizer_inst/USE_WRITE.write_addr_inst/USE_B_CHANNEL.cmd_b_queue/inst/fifo_gen_inst/inst_fifo_gen/gconvfifo.rf/grf.rf/gntv_or_sync_fifo.gl0.rd/rpntr/gc0.count_reg[4]/CLR,
crypto_soc_artyz7_i/axi_mem_intercon/m00_couplers/auto_ds/inst/gen_downsizer.gen_cascaded_downsizer.first_downsizer_inst/USE_WRITE.write_addr_inst/USE_B_CHANNEL.cmd_b_queue/inst/fifo_gen_inst/inst_fifo_gen/gconvfifo.rf/grf.rf/gntv_or_sync_fifo.gl0.wr/gwss.wsts/ram_full_fb_i_reg/CLR,
crypto_soc_artyz7_i/axi_mem_intercon/m00_couplers/auto_ds/inst/gen_downsizer.gen_cascaded_downsizer.first_downsizer_inst/USE_WRITE.write_addr_inst/USE_B_CHANNEL.cmd_b_queue/inst/fifo_gen_inst/inst_fifo_gen/gconvfifo.rf/grf.rf/gntv_or_sync_fifo.gl0.wr/gwss.wsts/ram_full_i_reg/CLR,
crypto_soc_artyz7_i/axi_mem_intercon/m00_couplers/auto_ds/inst/gen_downsizer.gen_cascaded_downsizer.first_downsizer_inst/USE_WRITE.write_addr_inst/USE_B_CHANNEL.cmd_b_queue/inst/fifo_gen_inst/inst_fifo_gen/gconvfifo.rf/grf.rf/gntv_or_sync_fifo.gl0.wr/wpntr/gcc0.gc0.count_d1_reg[0]/CLR,
crypto_soc_artyz7_i/axi_mem_intercon/m00_couplers/auto_ds/inst/gen_downsizer.gen_cascaded_downsizer.first_downsizer_inst/USE_WRITE.write_addr_inst/USE_B_CHANNEL.cmd_b_queue/inst/fifo_gen_inst/inst_fifo_gen/gconvfifo.rf/grf.rf/gntv_or_sync_fifo.gl0.wr/wpntr/gcc0.gc0.count_d1_reg[1]/CLR,
crypto_soc_artyz7_i/axi_mem_intercon/m00_couplers/auto_ds/inst/gen_downsizer.gen_cascaded_downsizer.first_downsizer_inst/USE_WRITE.write_addr_inst/USE_B_CHANNEL.cmd_b_queue/inst/fifo_gen_inst/inst_fifo_gen/gconvfifo.rf/grf.rf/gntv_or_sync_fifo.gl0.wr/wpntr/gcc0.gc0.count_d1_reg[2]/CLR,
crypto_soc_artyz7_i/axi_mem_intercon/m00_couplers/auto_ds/inst/gen_downsizer.gen_cascaded_downsizer.first_downsizer_inst/USE_WRITE.write_addr_inst/USE_B_CHANNEL.cmd_b_queue/inst/fifo_gen_inst/inst_fifo_gen/gconvfifo.rf/grf.rf/gntv_or_sync_fifo.gl0.wr/wpntr/gcc0.gc0.count_d1_reg[3]/CLR,
crypto_soc_artyz7_i/axi_mem_intercon/m00_couplers/auto_ds/inst/gen_downsizer.gen_cascaded_downsizer.first_downsizer_inst/USE_WRITE.write_addr_inst/USE_B_CHANNEL.cmd_b_queue/inst/fifo_gen_inst/inst_fifo_gen/gconvfifo.rf/grf.rf/gntv_or_sync_fifo.gl0.wr/wpntr/gcc0.gc0.count_d1_reg[4]/CLR,
crypto_soc_artyz7_i/axi_mem_intercon/m00_couplers/auto_ds/inst/gen_downsizer.gen_cascaded_downsizer.first_downsizer_inst/USE_WRITE.write_addr_inst/USE_B_CHANNEL.cmd_b_queue/inst/fifo_gen_inst/inst_fifo_gen/gconvfifo.rf/grf.rf/gntv_or_sync_fifo.gl0.wr/wpntr/gcc0.gc0.count_reg[0]/PRE,
crypto_soc_artyz7_i/axi_mem_intercon/m00_couplers/auto_ds/inst/gen_downsizer.gen_cascaded_downsizer.first_downsizer_inst/USE_WRITE.write_addr_inst/USE_B_CHANNEL.cmd_b_queue/inst/fifo_gen_inst/inst_fifo_gen/gconvfifo.rf/grf.rf/gntv_or_sync_fifo.gl0.wr/wpntr/gcc0.gc0.count_reg[1]/CLR,
crypto_soc_artyz7_i/axi_mem_intercon/m00_couplers/auto_ds/inst/gen_downsizer.gen_cascaded_downsizer.first_downsizer_inst/USE_WRITE.write_addr_inst/USE_B_CHANNEL.cmd_b_queue/inst/fifo_gen_inst/inst_fifo_gen/gconvfifo.rf/grf.rf/gntv_or_sync_fifo.gl0.wr/wpntr/gcc0.gc0.count_reg[2]/CLR,
crypto_soc_artyz7_i/axi_mem_intercon/m00_couplers/auto_ds/inst/gen_downsizer.gen_cascaded_downsizer.first_downsizer_inst/USE_WRITE.write_addr_inst/USE_B_CHANNEL.cmd_b_queue/inst/fifo_gen_inst/inst_fifo_gen/gconvfifo.rf/grf.rf/gntv_or_sync_fifo.gl0.wr/wpntr/gcc0.gc0.count_reg[3]/CLR,
crypto_soc_artyz7_i/axi_mem_intercon/m00_couplers/auto_ds/inst/gen_downsizer.gen_cascaded_downsizer.first_downsizer_inst/USE_WRITE.write_addr_inst/USE_B_CHANNEL.cmd_b_queue/inst/fifo_gen_inst/inst_fifo_gen/gconvfifo.rf/grf.rf/gntv_or_sync_fifo.gl0.wr/wpntr/gcc0.gc0.count_reg[4]/CLR
 (the first 15 of 32 listed). The LUT may glitch and trigger an unexpected reset, even if it is a properly timed path.
Related violations: <none>

LUTAR-1#3 Warning
LUT drives async reset alert  
LUT cell crypto_soc_artyz7_i/axi_mem_intercon/m00_couplers/auto_ds/inst/gen_downsizer.gen_cascaded_downsizer.first_downsizer_inst/USE_WRITE.write_addr_inst/cmd_queue/inst/fifo_gen_inst/inst_fifo_gen/gconvfifo.rf/grf.rf/rstblk/gpregsm1.curr_fwft_state[1]_i_2, with 2 or more inputs, drives asynchronous preset/clear pin(s) crypto_soc_artyz7_i/axi_mem_intercon/m00_couplers/auto_ds/inst/gen_downsizer.gen_cascaded_downsizer.first_downsizer_inst/USE_WRITE.write_addr_inst/cmd_queue/inst/fifo_gen_inst/inst_fifo_gen/gconvfifo.rf/grf.rf/gntv_or_sync_fifo.gl0.rd/rpntr/gc0.count_reg[2]/CLR,
crypto_soc_artyz7_i/axi_mem_intercon/m00_couplers/auto_ds/inst/gen_downsizer.gen_cascaded_downsizer.first_downsizer_inst/USE_WRITE.write_addr_inst/cmd_queue/inst/fifo_gen_inst/inst_fifo_gen/gconvfifo.rf/grf.rf/gntv_or_sync_fifo.gl0.rd/rpntr/gc0.count_reg[3]/CLR,
crypto_soc_artyz7_i/axi_mem_intercon/m00_couplers/auto_ds/inst/gen_downsizer.gen_cascaded_downsizer.first_downsizer_inst/USE_WRITE.write_addr_inst/cmd_queue/inst/fifo_gen_inst/inst_fifo_gen/gconvfifo.rf/grf.rf/gntv_or_sync_fifo.gl0.rd/rpntr/gc0.count_reg[4]/CLR,
crypto_soc_artyz7_i/axi_mem_intercon/m00_couplers/auto_ds/inst/gen_downsizer.gen_cascaded_downsizer.first_downsizer_inst/USE_WRITE.write_addr_inst/cmd_queue/inst/fifo_gen_inst/inst_fifo_gen/gconvfifo.rf/grf.rf/gntv_or_sync_fifo.gl0.wr/gwss.wsts/ram_full_fb_i_reg/CLR,
crypto_soc_artyz7_i/axi_mem_intercon/m00_couplers/auto_ds/inst/gen_downsizer.gen_cascaded_downsizer.first_downsizer_inst/USE_WRITE.write_addr_inst/cmd_queue/inst/fifo_gen_inst/inst_fifo_gen/gconvfifo.rf/grf.rf/gntv_or_sync_fifo.gl0.wr/gwss.wsts/ram_full_i_reg/CLR,
crypto_soc_artyz7_i/axi_mem_intercon/m00_couplers/auto_ds/inst/gen_downsizer.gen_cascaded_downsizer.first_downsizer_inst/USE_WRITE.write_addr_inst/cmd_queue/inst/fifo_gen_inst/inst_fifo_gen/gconvfifo.rf/grf.rf/gntv_or_sync_fifo.gl0.wr/wpntr/gcc0.gc0.count_d1_reg[0]/CLR,
crypto_soc_artyz7_i/axi_mem_intercon/m00_couplers/auto_ds/inst/gen_downsizer.gen_cascaded_downsizer.first_downsizer_inst/USE_WRITE.write_addr_inst/cmd_queue/inst/fifo_gen_inst/inst_fifo_gen/gconvfifo.rf/grf.rf/gntv_or_sync_fifo.gl0.wr/wpntr/gcc0.gc0.count_d1_reg[1]/CLR,
crypto_soc_artyz7_i/axi_mem_intercon/m00_couplers/auto_ds/inst/gen_downsizer.gen_cascaded_downsizer.first_downsizer_inst/USE_WRITE.write_addr_inst/cmd_queue/inst/fifo_gen_inst/inst_fifo_gen/gconvfifo.rf/grf.rf/gntv_or_sync_fifo.gl0.wr/wpntr/gcc0.gc0.count_d1_reg[2]/CLR,
crypto_soc_artyz7_i/axi_mem_intercon/m00_couplers/auto_ds/inst/gen_downsizer.gen_cascaded_downsizer.first_downsizer_inst/USE_WRITE.write_addr_inst/cmd_queue/inst/fifo_gen_inst/inst_fifo_gen/gconvfifo.rf/grf.rf/gntv_or_sync_fifo.gl0.wr/wpntr/gcc0.gc0.count_d1_reg[3]/CLR,
crypto_soc_artyz7_i/axi_mem_intercon/m00_couplers/auto_ds/inst/gen_downsizer.gen_cascaded_downsizer.first_downsizer_inst/USE_WRITE.write_addr_inst/cmd_queue/inst/fifo_gen_inst/inst_fifo_gen/gconvfifo.rf/grf.rf/gntv_or_sync_fifo.gl0.wr/wpntr/gcc0.gc0.count_d1_reg[4]/CLR,
crypto_soc_artyz7_i/axi_mem_intercon/m00_couplers/auto_ds/inst/gen_downsizer.gen_cascaded_downsizer.first_downsizer_inst/USE_WRITE.write_addr_inst/cmd_queue/inst/fifo_gen_inst/inst_fifo_gen/gconvfifo.rf/grf.rf/gntv_or_sync_fifo.gl0.wr/wpntr/gcc0.gc0.count_reg[0]/PRE,
crypto_soc_artyz7_i/axi_mem_intercon/m00_couplers/auto_ds/inst/gen_downsizer.gen_cascaded_downsizer.first_downsizer_inst/USE_WRITE.write_addr_inst/cmd_queue/inst/fifo_gen_inst/inst_fifo_gen/gconvfifo.rf/grf.rf/gntv_or_sync_fifo.gl0.wr/wpntr/gcc0.gc0.count_reg[1]/CLR,
crypto_soc_artyz7_i/axi_mem_intercon/m00_couplers/auto_ds/inst/gen_downsizer.gen_cascaded_downsizer.first_downsizer_inst/USE_WRITE.write_addr_inst/cmd_queue/inst/fifo_gen_inst/inst_fifo_gen/gconvfifo.rf/grf.rf/gntv_or_sync_fifo.gl0.wr/wpntr/gcc0.gc0.count_reg[2]/CLR,
crypto_soc_artyz7_i/axi_mem_intercon/m00_couplers/auto_ds/inst/gen_downsizer.gen_cascaded_downsizer.first_downsizer_inst/USE_WRITE.write_addr_inst/cmd_queue/inst/fifo_gen_inst/inst_fifo_gen/gconvfifo.rf/grf.rf/gntv_or_sync_fifo.gl0.wr/wpntr/gcc0.gc0.count_reg[3]/CLR,
crypto_soc_artyz7_i/axi_mem_intercon/m00_couplers/auto_ds/inst/gen_downsizer.gen_cascaded_downsizer.first_downsizer_inst/USE_WRITE.write_addr_inst/cmd_queue/inst/fifo_gen_inst/inst_fifo_gen/gconvfifo.rf/grf.rf/gntv_or_sync_fifo.gl0.wr/wpntr/gcc0.gc0.count_reg[4]/CLR
 (the first 15 of 32 listed). The LUT may glitch and trigger an unexpected reset, even if it is a properly timed path.
Related violations: <none>

LUTAR-1#4 Warning
LUT drives async reset alert  
LUT cell crypto_soc_artyz7_i/axi_mem_intercon/m00_couplers/auto_ds/inst/gen_downsizer.gen_cascaded_downsizer.gen_axi3_conv.axi3_conv_inst/gen_axi4_axi3.axi3_conv_inst/USE_READ.USE_SPLIT_R.read_addr_inst/USE_R_CHANNEL.cmd_queue/inst/fifo_gen_inst/inst_fifo_gen/gconvfifo.rf/grf.rf/rstblk/gpregsm1.curr_fwft_state[1]_i_2, with 2 or more inputs, drives asynchronous preset/clear pin(s) crypto_soc_artyz7_i/axi_mem_intercon/m00_couplers/auto_ds/inst/gen_downsizer.gen_cascaded_downsizer.gen_axi3_conv.axi3_conv_inst/gen_axi4_axi3.axi3_conv_inst/USE_READ.USE_SPLIT_R.read_addr_inst/USE_R_CHANNEL.cmd_queue/inst/fifo_gen_inst/inst_fifo_gen/gconvfifo.rf/grf.rf/gntv_or_sync_fifo.gl0.rd/rpntr/gc0.count_reg[2]/CLR,
crypto_soc_artyz7_i/axi_mem_intercon/m00_couplers/auto_ds/inst/gen_downsizer.gen_cascaded_downsizer.gen_axi3_conv.axi3_conv_inst/gen_axi4_axi3.axi3_conv_inst/USE_READ.USE_SPLIT_R.read_addr_inst/USE_R_CHANNEL.cmd_queue/inst/fifo_gen_inst/inst_fifo_gen/gconvfifo.rf/grf.rf/gntv_or_sync_fifo.gl0.rd/rpntr/gc0.count_reg[3]/CLR,
crypto_soc_artyz7_i/axi_mem_intercon/m00_couplers/auto_ds/inst/gen_downsizer.gen_cascaded_downsizer.gen_axi3_conv.axi3_conv_inst/gen_axi4_axi3.axi3_conv_inst/USE_READ.USE_SPLIT_R.read_addr_inst/USE_R_CHANNEL.cmd_queue/inst/fifo_gen_inst/inst_fifo_gen/gconvfifo.rf/grf.rf/gntv_or_sync_fifo.gl0.rd/rpntr/gc0.count_reg[4]/CLR,
crypto_soc_artyz7_i/axi_mem_intercon/m00_couplers/auto_ds/inst/gen_downsizer.gen_cascaded_downsizer.gen_axi3_conv.axi3_conv_inst/gen_axi4_axi3.axi3_conv_inst/USE_READ.USE_SPLIT_R.read_addr_inst/USE_R_CHANNEL.cmd_queue/inst/fifo_gen_inst/inst_fifo_gen/gconvfifo.rf/grf.rf/gntv_or_sync_fifo.gl0.wr/gwss.wsts/ram_full_fb_i_reg/CLR,
crypto_soc_artyz7_i/axi_mem_intercon/m00_couplers/auto_ds/inst/gen_downsizer.gen_cascaded_downsizer.gen_axi3_conv.axi3_conv_inst/gen_axi4_axi3.axi3_conv_inst/USE_READ.USE_SPLIT_R.read_addr_inst/USE_R_CHANNEL.cmd_queue/inst/fifo_gen_inst/inst_fifo_gen/gconvfifo.rf/grf.rf/gntv_or_sync_fifo.gl0.wr/gwss.wsts/ram_full_i_reg/CLR,
crypto_soc_artyz7_i/axi_mem_intercon/m00_couplers/auto_ds/inst/gen_downsizer.gen_cascaded_downsizer.gen_axi3_conv.axi3_conv_inst/gen_axi4_axi3.axi3_conv_inst/USE_READ.USE_SPLIT_R.read_addr_inst/USE_R_CHANNEL.cmd_queue/inst/fifo_gen_inst/inst_fifo_gen/gconvfifo.rf/grf.rf/gntv_or_sync_fifo.gl0.wr/wpntr/gcc0.gc0.count_d1_reg[0]/CLR,
crypto_soc_artyz7_i/axi_mem_intercon/m00_couplers/auto_ds/inst/gen_downsizer.gen_cascaded_downsizer.gen_axi3_conv.axi3_conv_inst/gen_axi4_axi3.axi3_conv_inst/USE_READ.USE_SPLIT_R.read_addr_inst/USE_R_CHANNEL.cmd_queue/inst/fifo_gen_inst/inst_fifo_gen/gconvfifo.rf/grf.rf/gntv_or_sync_fifo.gl0.wr/wpntr/gcc0.gc0.count_d1_reg[1]/CLR,
crypto_soc_artyz7_i/axi_mem_intercon/m00_couplers/auto_ds/inst/gen_downsizer.gen_cascaded_downsizer.gen_axi3_conv.axi3_conv_inst/gen_axi4_axi3.axi3_conv_inst/USE_READ.USE_SPLIT_R.read_addr_inst/USE_R_CHANNEL.cmd_queue/inst/fifo_gen_inst/inst_fifo_gen/gconvfifo.rf/grf.rf/gntv_or_sync_fifo.gl0.wr/wpntr/gcc0.gc0.count_d1_reg[2]/CLR,
crypto_soc_artyz7_i/axi_mem_intercon/m00_couplers/auto_ds/inst/gen_downsizer.gen_cascaded_downsizer.gen_axi3_conv.axi3_conv_inst/gen_axi4_axi3.axi3_conv_inst/USE_READ.USE_SPLIT_R.read_addr_inst/USE_R_CHANNEL.cmd_queue/inst/fifo_gen_inst/inst_fifo_gen/gconvfifo.rf/grf.rf/gntv_or_sync_fifo.gl0.wr/wpntr/gcc0.gc0.count_d1_reg[3]/CLR,
crypto_soc_artyz7_i/axi_mem_intercon/m00_couplers/auto_ds/inst/gen_downsizer.gen_cascaded_downsizer.gen_axi3_conv.axi3_conv_inst/gen_axi4_axi3.axi3_conv_inst/USE_READ.USE_SPLIT_R.read_addr_inst/USE_R_CHANNEL.cmd_queue/inst/fifo_gen_inst/inst_fifo_gen/gconvfifo.rf/grf.rf/gntv_or_sync_fifo.gl0.wr/wpntr/gcc0.gc0.count_d1_reg[4]/CLR,
crypto_soc_artyz7_i/axi_mem_intercon/m00_couplers/auto_ds/inst/gen_downsizer.gen_cascaded_downsizer.gen_axi3_conv.axi3_conv_inst/gen_axi4_axi3.axi3_conv_inst/USE_READ.USE_SPLIT_R.read_addr_inst/USE_R_CHANNEL.cmd_queue/inst/fifo_gen_inst/inst_fifo_gen/gconvfifo.rf/grf.rf/gntv_or_sync_fifo.gl0.wr/wpntr/gcc0.gc0.count_reg[0]/PRE,
crypto_soc_artyz7_i/axi_mem_intercon/m00_couplers/auto_ds/inst/gen_downsizer.gen_cascaded_downsizer.gen_axi3_conv.axi3_conv_inst/gen_axi4_axi3.axi3_conv_inst/USE_READ.USE_SPLIT_R.read_addr_inst/USE_R_CHANNEL.cmd_queue/inst/fifo_gen_inst/inst_fifo_gen/gconvfifo.rf/grf.rf/gntv_or_sync_fifo.gl0.wr/wpntr/gcc0.gc0.count_reg[1]/CLR,
crypto_soc_artyz7_i/axi_mem_intercon/m00_couplers/auto_ds/inst/gen_downsizer.gen_cascaded_downsizer.gen_axi3_conv.axi3_conv_inst/gen_axi4_axi3.axi3_conv_inst/USE_READ.USE_SPLIT_R.read_addr_inst/USE_R_CHANNEL.cmd_queue/inst/fifo_gen_inst/inst_fifo_gen/gconvfifo.rf/grf.rf/gntv_or_sync_fifo.gl0.wr/wpntr/gcc0.gc0.count_reg[2]/CLR,
crypto_soc_artyz7_i/axi_mem_intercon/m00_couplers/auto_ds/inst/gen_downsizer.gen_cascaded_downsizer.gen_axi3_conv.axi3_conv_inst/gen_axi4_axi3.axi3_conv_inst/USE_READ.USE_SPLIT_R.read_addr_inst/USE_R_CHANNEL.cmd_queue/inst/fifo_gen_inst/inst_fifo_gen/gconvfifo.rf/grf.rf/gntv_or_sync_fifo.gl0.wr/wpntr/gcc0.gc0.count_reg[3]/CLR,
crypto_soc_artyz7_i/axi_mem_intercon/m00_couplers/auto_ds/inst/gen_downsizer.gen_cascaded_downsizer.gen_axi3_conv.axi3_conv_inst/gen_axi4_axi3.axi3_conv_inst/USE_READ.USE_SPLIT_R.read_addr_inst/USE_R_CHANNEL.cmd_queue/inst/fifo_gen_inst/inst_fifo_gen/gconvfifo.rf/grf.rf/gntv_or_sync_fifo.gl0.wr/wpntr/gcc0.gc0.count_reg[4]/CLR
 (the first 15 of 32 listed). The LUT may glitch and trigger an unexpected reset, even if it is a properly timed path.
Related violations: <none>

LUTAR-1#5 Warning
LUT drives async reset alert  
LUT cell crypto_soc_artyz7_i/axi_mem_intercon/m00_couplers/auto_ds/inst/gen_downsizer.gen_cascaded_downsizer.gen_axi3_conv.axi3_conv_inst/gen_axi4_axi3.axi3_conv_inst/USE_WRITE.write_addr_inst/USE_BURSTS.cmd_queue/inst/fifo_gen_inst/inst_fifo_gen/gconvfifo.rf/grf.rf/rstblk/gpregsm1.curr_fwft_state[1]_i_2, with 2 or more inputs, drives asynchronous preset/clear pin(s) crypto_soc_artyz7_i/axi_mem_intercon/m00_couplers/auto_ds/inst/gen_downsizer.gen_cascaded_downsizer.gen_axi3_conv.axi3_conv_inst/gen_axi4_axi3.axi3_conv_inst/USE_WRITE.write_addr_inst/USE_BURSTS.cmd_queue/inst/fifo_gen_inst/inst_fifo_gen/gconvfifo.rf/grf.rf/gntv_or_sync_fifo.gl0.rd/rpntr/gc0.count_reg[2]/CLR,
crypto_soc_artyz7_i/axi_mem_intercon/m00_couplers/auto_ds/inst/gen_downsizer.gen_cascaded_downsizer.gen_axi3_conv.axi3_conv_inst/gen_axi4_axi3.axi3_conv_inst/USE_WRITE.write_addr_inst/USE_BURSTS.cmd_queue/inst/fifo_gen_inst/inst_fifo_gen/gconvfifo.rf/grf.rf/gntv_or_sync_fifo.gl0.rd/rpntr/gc0.count_reg[3]/CLR,
crypto_soc_artyz7_i/axi_mem_intercon/m00_couplers/auto_ds/inst/gen_downsizer.gen_cascaded_downsizer.gen_axi3_conv.axi3_conv_inst/gen_axi4_axi3.axi3_conv_inst/USE_WRITE.write_addr_inst/USE_BURSTS.cmd_queue/inst/fifo_gen_inst/inst_fifo_gen/gconvfifo.rf/grf.rf/gntv_or_sync_fifo.gl0.rd/rpntr/gc0.count_reg[4]/CLR,
crypto_soc_artyz7_i/axi_mem_intercon/m00_couplers/auto_ds/inst/gen_downsizer.gen_cascaded_downsizer.gen_axi3_conv.axi3_conv_inst/gen_axi4_axi3.axi3_conv_inst/USE_WRITE.write_addr_inst/USE_BURSTS.cmd_queue/inst/fifo_gen_inst/inst_fifo_gen/gconvfifo.rf/grf.rf/gntv_or_sync_fifo.gl0.wr/gwss.wsts/ram_full_fb_i_reg/CLR,
crypto_soc_artyz7_i/axi_mem_intercon/m00_couplers/auto_ds/inst/gen_downsizer.gen_cascaded_downsizer.gen_axi3_conv.axi3_conv_inst/gen_axi4_axi3.axi3_conv_inst/USE_WRITE.write_addr_inst/USE_BURSTS.cmd_queue/inst/fifo_gen_inst/inst_fifo_gen/gconvfifo.rf/grf.rf/gntv_or_sync_fifo.gl0.wr/gwss.wsts/ram_full_i_reg/CLR,
crypto_soc_artyz7_i/axi_mem_intercon/m00_couplers/auto_ds/inst/gen_downsizer.gen_cascaded_downsizer.gen_axi3_conv.axi3_conv_inst/gen_axi4_axi3.axi3_conv_inst/USE_WRITE.write_addr_inst/USE_BURSTS.cmd_queue/inst/fifo_gen_inst/inst_fifo_gen/gconvfifo.rf/grf.rf/gntv_or_sync_fifo.gl0.wr/wpntr/gcc0.gc0.count_d1_reg[0]/CLR,
crypto_soc_artyz7_i/axi_mem_intercon/m00_couplers/auto_ds/inst/gen_downsizer.gen_cascaded_downsizer.gen_axi3_conv.axi3_conv_inst/gen_axi4_axi3.axi3_conv_inst/USE_WRITE.write_addr_inst/USE_BURSTS.cmd_queue/inst/fifo_gen_inst/inst_fifo_gen/gconvfifo.rf/grf.rf/gntv_or_sync_fifo.gl0.wr/wpntr/gcc0.gc0.count_d1_reg[1]/CLR,
crypto_soc_artyz7_i/axi_mem_intercon/m00_couplers/auto_ds/inst/gen_downsizer.gen_cascaded_downsizer.gen_axi3_conv.axi3_conv_inst/gen_axi4_axi3.axi3_conv_inst/USE_WRITE.write_addr_inst/USE_BURSTS.cmd_queue/inst/fifo_gen_inst/inst_fifo_gen/gconvfifo.rf/grf.rf/gntv_or_sync_fifo.gl0.wr/wpntr/gcc0.gc0.count_d1_reg[2]/CLR,
crypto_soc_artyz7_i/axi_mem_intercon/m00_couplers/auto_ds/inst/gen_downsizer.gen_cascaded_downsizer.gen_axi3_conv.axi3_conv_inst/gen_axi4_axi3.axi3_conv_inst/USE_WRITE.write_addr_inst/USE_BURSTS.cmd_queue/inst/fifo_gen_inst/inst_fifo_gen/gconvfifo.rf/grf.rf/gntv_or_sync_fifo.gl0.wr/wpntr/gcc0.gc0.count_d1_reg[3]/CLR,
crypto_soc_artyz7_i/axi_mem_intercon/m00_couplers/auto_ds/inst/gen_downsizer.gen_cascaded_downsizer.gen_axi3_conv.axi3_conv_inst/gen_axi4_axi3.axi3_conv_inst/USE_WRITE.write_addr_inst/USE_BURSTS.cmd_queue/inst/fifo_gen_inst/inst_fifo_gen/gconvfifo.rf/grf.rf/gntv_or_sync_fifo.gl0.wr/wpntr/gcc0.gc0.count_d1_reg[4]/CLR,
crypto_soc_artyz7_i/axi_mem_intercon/m00_couplers/auto_ds/inst/gen_downsizer.gen_cascaded_downsizer.gen_axi3_conv.axi3_conv_inst/gen_axi4_axi3.axi3_conv_inst/USE_WRITE.write_addr_inst/USE_BURSTS.cmd_queue/inst/fifo_gen_inst/inst_fifo_gen/gconvfifo.rf/grf.rf/gntv_or_sync_fifo.gl0.wr/wpntr/gcc0.gc0.count_reg[0]/PRE,
crypto_soc_artyz7_i/axi_mem_intercon/m00_couplers/auto_ds/inst/gen_downsizer.gen_cascaded_downsizer.gen_axi3_conv.axi3_conv_inst/gen_axi4_axi3.axi3_conv_inst/USE_WRITE.write_addr_inst/USE_BURSTS.cmd_queue/inst/fifo_gen_inst/inst_fifo_gen/gconvfifo.rf/grf.rf/gntv_or_sync_fifo.gl0.wr/wpntr/gcc0.gc0.count_reg[1]/CLR,
crypto_soc_artyz7_i/axi_mem_intercon/m00_couplers/auto_ds/inst/gen_downsizer.gen_cascaded_downsizer.gen_axi3_conv.axi3_conv_inst/gen_axi4_axi3.axi3_conv_inst/USE_WRITE.write_addr_inst/USE_BURSTS.cmd_queue/inst/fifo_gen_inst/inst_fifo_gen/gconvfifo.rf/grf.rf/gntv_or_sync_fifo.gl0.wr/wpntr/gcc0.gc0.count_reg[2]/CLR,
crypto_soc_artyz7_i/axi_mem_intercon/m00_couplers/auto_ds/inst/gen_downsizer.gen_cascaded_downsizer.gen_axi3_conv.axi3_conv_inst/gen_axi4_axi3.axi3_conv_inst/USE_WRITE.write_addr_inst/USE_BURSTS.cmd_queue/inst/fifo_gen_inst/inst_fifo_gen/gconvfifo.rf/grf.rf/gntv_or_sync_fifo.gl0.wr/wpntr/gcc0.gc0.count_reg[3]/CLR,
crypto_soc_artyz7_i/axi_mem_intercon/m00_couplers/auto_ds/inst/gen_downsizer.gen_cascaded_downsizer.gen_axi3_conv.axi3_conv_inst/gen_axi4_axi3.axi3_conv_inst/USE_WRITE.write_addr_inst/USE_BURSTS.cmd_queue/inst/fifo_gen_inst/inst_fifo_gen/gconvfifo.rf/grf.rf/gntv_or_sync_fifo.gl0.wr/wpntr/gcc0.gc0.count_reg[4]/CLR
 (the first 15 of 32 listed). The LUT may glitch and trigger an unexpected reset, even if it is a properly timed path.
Related violations: <none>

LUTAR-1#6 Warning
LUT drives async reset alert  
LUT cell crypto_soc_artyz7_i/axi_mem_intercon/m00_couplers/auto_ds/inst/gen_downsizer.gen_cascaded_downsizer.gen_axi3_conv.axi3_conv_inst/gen_axi4_axi3.axi3_conv_inst/USE_WRITE.write_addr_inst/USE_B_CHANNEL.cmd_b_queue/inst/fifo_gen_inst/inst_fifo_gen/gconvfifo.rf/grf.rf/rstblk/gpregsm1.curr_fwft_state[1]_i_2, with 2 or more inputs, drives asynchronous preset/clear pin(s) crypto_soc_artyz7_i/axi_mem_intercon/m00_couplers/auto_ds/inst/gen_downsizer.gen_cascaded_downsizer.gen_axi3_conv.axi3_conv_inst/gen_axi4_axi3.axi3_conv_inst/USE_WRITE.write_addr_inst/USE_B_CHANNEL.cmd_b_queue/inst/fifo_gen_inst/inst_fifo_gen/gconvfifo.rf/grf.rf/gntv_or_sync_fifo.gl0.rd/rpntr/gc0.count_reg[2]/CLR,
crypto_soc_artyz7_i/axi_mem_intercon/m00_couplers/auto_ds/inst/gen_downsizer.gen_cascaded_downsizer.gen_axi3_conv.axi3_conv_inst/gen_axi4_axi3.axi3_conv_inst/USE_WRITE.write_addr_inst/USE_B_CHANNEL.cmd_b_queue/inst/fifo_gen_inst/inst_fifo_gen/gconvfifo.rf/grf.rf/gntv_or_sync_fifo.gl0.rd/rpntr/gc0.count_reg[3]/CLR,
crypto_soc_artyz7_i/axi_mem_intercon/m00_couplers/auto_ds/inst/gen_downsizer.gen_cascaded_downsizer.gen_axi3_conv.axi3_conv_inst/gen_axi4_axi3.axi3_conv_inst/USE_WRITE.write_addr_inst/USE_B_CHANNEL.cmd_b_queue/inst/fifo_gen_inst/inst_fifo_gen/gconvfifo.rf/grf.rf/gntv_or_sync_fifo.gl0.rd/rpntr/gc0.count_reg[4]/CLR,
crypto_soc_artyz7_i/axi_mem_intercon/m00_couplers/auto_ds/inst/gen_downsizer.gen_cascaded_downsizer.gen_axi3_conv.axi3_conv_inst/gen_axi4_axi3.axi3_conv_inst/USE_WRITE.write_addr_inst/USE_B_CHANNEL.cmd_b_queue/inst/fifo_gen_inst/inst_fifo_gen/gconvfifo.rf/grf.rf/gntv_or_sync_fifo.gl0.wr/gwss.wsts/ram_full_fb_i_reg/CLR,
crypto_soc_artyz7_i/axi_mem_intercon/m00_couplers/auto_ds/inst/gen_downsizer.gen_cascaded_downsizer.gen_axi3_conv.axi3_conv_inst/gen_axi4_axi3.axi3_conv_inst/USE_WRITE.write_addr_inst/USE_B_CHANNEL.cmd_b_queue/inst/fifo_gen_inst/inst_fifo_gen/gconvfifo.rf/grf.rf/gntv_or_sync_fifo.gl0.wr/gwss.wsts/ram_full_i_reg/CLR,
crypto_soc_artyz7_i/axi_mem_intercon/m00_couplers/auto_ds/inst/gen_downsizer.gen_cascaded_downsizer.gen_axi3_conv.axi3_conv_inst/gen_axi4_axi3.axi3_conv_inst/USE_WRITE.write_addr_inst/USE_B_CHANNEL.cmd_b_queue/inst/fifo_gen_inst/inst_fifo_gen/gconvfifo.rf/grf.rf/gntv_or_sync_fifo.gl0.wr/wpntr/gcc0.gc0.count_d1_reg[0]/CLR,
crypto_soc_artyz7_i/axi_mem_intercon/m00_couplers/auto_ds/inst/gen_downsizer.gen_cascaded_downsizer.gen_axi3_conv.axi3_conv_inst/gen_axi4_axi3.axi3_conv_inst/USE_WRITE.write_addr_inst/USE_B_CHANNEL.cmd_b_queue/inst/fifo_gen_inst/inst_fifo_gen/gconvfifo.rf/grf.rf/gntv_or_sync_fifo.gl0.wr/wpntr/gcc0.gc0.count_d1_reg[1]/CLR,
crypto_soc_artyz7_i/axi_mem_intercon/m00_couplers/auto_ds/inst/gen_downsizer.gen_cascaded_downsizer.gen_axi3_conv.axi3_conv_inst/gen_axi4_axi3.axi3_conv_inst/USE_WRITE.write_addr_inst/USE_B_CHANNEL.cmd_b_queue/inst/fifo_gen_inst/inst_fifo_gen/gconvfifo.rf/grf.rf/gntv_or_sync_fifo.gl0.wr/wpntr/gcc0.gc0.count_d1_reg[2]/CLR,
crypto_soc_artyz7_i/axi_mem_intercon/m00_couplers/auto_ds/inst/gen_downsizer.gen_cascaded_downsizer.gen_axi3_conv.axi3_conv_inst/gen_axi4_axi3.axi3_conv_inst/USE_WRITE.write_addr_inst/USE_B_CHANNEL.cmd_b_queue/inst/fifo_gen_inst/inst_fifo_gen/gconvfifo.rf/grf.rf/gntv_or_sync_fifo.gl0.wr/wpntr/gcc0.gc0.count_d1_reg[3]/CLR,
crypto_soc_artyz7_i/axi_mem_intercon/m00_couplers/auto_ds/inst/gen_downsizer.gen_cascaded_downsizer.gen_axi3_conv.axi3_conv_inst/gen_axi4_axi3.axi3_conv_inst/USE_WRITE.write_addr_inst/USE_B_CHANNEL.cmd_b_queue/inst/fifo_gen_inst/inst_fifo_gen/gconvfifo.rf/grf.rf/gntv_or_sync_fifo.gl0.wr/wpntr/gcc0.gc0.count_d1_reg[4]/CLR,
crypto_soc_artyz7_i/axi_mem_intercon/m00_couplers/auto_ds/inst/gen_downsizer.gen_cascaded_downsizer.gen_axi3_conv.axi3_conv_inst/gen_axi4_axi3.axi3_conv_inst/USE_WRITE.write_addr_inst/USE_B_CHANNEL.cmd_b_queue/inst/fifo_gen_inst/inst_fifo_gen/gconvfifo.rf/grf.rf/gntv_or_sync_fifo.gl0.wr/wpntr/gcc0.gc0.count_reg[0]/PRE,
crypto_soc_artyz7_i/axi_mem_intercon/m00_couplers/auto_ds/inst/gen_downsizer.gen_cascaded_downsizer.gen_axi3_conv.axi3_conv_inst/gen_axi4_axi3.axi3_conv_inst/USE_WRITE.write_addr_inst/USE_B_CHANNEL.cmd_b_queue/inst/fifo_gen_inst/inst_fifo_gen/gconvfifo.rf/grf.rf/gntv_or_sync_fifo.gl0.wr/wpntr/gcc0.gc0.count_reg[1]/CLR,
crypto_soc_artyz7_i/axi_mem_intercon/m00_couplers/auto_ds/inst/gen_downsizer.gen_cascaded_downsizer.gen_axi3_conv.axi3_conv_inst/gen_axi4_axi3.axi3_conv_inst/USE_WRITE.write_addr_inst/USE_B_CHANNEL.cmd_b_queue/inst/fifo_gen_inst/inst_fifo_gen/gconvfifo.rf/grf.rf/gntv_or_sync_fifo.gl0.wr/wpntr/gcc0.gc0.count_reg[2]/CLR,
crypto_soc_artyz7_i/axi_mem_intercon/m00_couplers/auto_ds/inst/gen_downsizer.gen_cascaded_downsizer.gen_axi3_conv.axi3_conv_inst/gen_axi4_axi3.axi3_conv_inst/USE_WRITE.write_addr_inst/USE_B_CHANNEL.cmd_b_queue/inst/fifo_gen_inst/inst_fifo_gen/gconvfifo.rf/grf.rf/gntv_or_sync_fifo.gl0.wr/wpntr/gcc0.gc0.count_reg[3]/CLR,
crypto_soc_artyz7_i/axi_mem_intercon/m00_couplers/auto_ds/inst/gen_downsizer.gen_cascaded_downsizer.gen_axi3_conv.axi3_conv_inst/gen_axi4_axi3.axi3_conv_inst/USE_WRITE.write_addr_inst/USE_B_CHANNEL.cmd_b_queue/inst/fifo_gen_inst/inst_fifo_gen/gconvfifo.rf/grf.rf/gntv_or_sync_fifo.gl0.wr/wpntr/gcc0.gc0.count_reg[4]/CLR
 (the first 15 of 32 listed). The LUT may glitch and trigger an unexpected reset, even if it is a properly timed path.
Related violations: <none>

LUTAR-1#7 Warning
LUT drives async reset alert  
LUT cell crypto_soc_artyz7_i/axi_mem_intercon/m00_couplers/auto_pc/inst/gen_axi4_axi3.axi3_conv_inst/USE_WRITE.write_addr_inst/USE_BURSTS.cmd_queue/inst/fifo_gen_inst/inst_fifo_gen/gconvfifo.rf/grf.rf/rstblk/gpregsm1.curr_fwft_state[1]_i_2, with 2 or more inputs, drives asynchronous preset/clear pin(s) crypto_soc_artyz7_i/axi_mem_intercon/m00_couplers/auto_pc/inst/gen_axi4_axi3.axi3_conv_inst/USE_WRITE.write_addr_inst/USE_BURSTS.cmd_queue/inst/fifo_gen_inst/inst_fifo_gen/gconvfifo.rf/grf.rf/gntv_or_sync_fifo.gl0.rd/rpntr/gc0.count_reg[2]/CLR,
crypto_soc_artyz7_i/axi_mem_intercon/m00_couplers/auto_pc/inst/gen_axi4_axi3.axi3_conv_inst/USE_WRITE.write_addr_inst/USE_BURSTS.cmd_queue/inst/fifo_gen_inst/inst_fifo_gen/gconvfifo.rf/grf.rf/gntv_or_sync_fifo.gl0.rd/rpntr/gc0.count_reg[3]/CLR,
crypto_soc_artyz7_i/axi_mem_intercon/m00_couplers/auto_pc/inst/gen_axi4_axi3.axi3_conv_inst/USE_WRITE.write_addr_inst/USE_BURSTS.cmd_queue/inst/fifo_gen_inst/inst_fifo_gen/gconvfifo.rf/grf.rf/gntv_or_sync_fifo.gl0.rd/rpntr/gc0.count_reg[4]/CLR,
crypto_soc_artyz7_i/axi_mem_intercon/m00_couplers/auto_pc/inst/gen_axi4_axi3.axi3_conv_inst/USE_WRITE.write_addr_inst/USE_BURSTS.cmd_queue/inst/fifo_gen_inst/inst_fifo_gen/gconvfifo.rf/grf.rf/gntv_or_sync_fifo.gl0.wr/gwss.wsts/ram_full_fb_i_reg/CLR,
crypto_soc_artyz7_i/axi_mem_intercon/m00_couplers/auto_pc/inst/gen_axi4_axi3.axi3_conv_inst/USE_WRITE.write_addr_inst/USE_BURSTS.cmd_queue/inst/fifo_gen_inst/inst_fifo_gen/gconvfifo.rf/grf.rf/gntv_or_sync_fifo.gl0.wr/gwss.wsts/ram_full_i_reg/CLR,
crypto_soc_artyz7_i/axi_mem_intercon/m00_couplers/auto_pc/inst/gen_axi4_axi3.axi3_conv_inst/USE_WRITE.write_addr_inst/USE_BURSTS.cmd_queue/inst/fifo_gen_inst/inst_fifo_gen/gconvfifo.rf/grf.rf/gntv_or_sync_fifo.gl0.wr/wpntr/gcc0.gc0.count_d1_reg[0]/CLR,
crypto_soc_artyz7_i/axi_mem_intercon/m00_couplers/auto_pc/inst/gen_axi4_axi3.axi3_conv_inst/USE_WRITE.write_addr_inst/USE_BURSTS.cmd_queue/inst/fifo_gen_inst/inst_fifo_gen/gconvfifo.rf/grf.rf/gntv_or_sync_fifo.gl0.wr/wpntr/gcc0.gc0.count_d1_reg[1]/CLR,
crypto_soc_artyz7_i/axi_mem_intercon/m00_couplers/auto_pc/inst/gen_axi4_axi3.axi3_conv_inst/USE_WRITE.write_addr_inst/USE_BURSTS.cmd_queue/inst/fifo_gen_inst/inst_fifo_gen/gconvfifo.rf/grf.rf/gntv_or_sync_fifo.gl0.wr/wpntr/gcc0.gc0.count_d1_reg[2]/CLR,
crypto_soc_artyz7_i/axi_mem_intercon/m00_couplers/auto_pc/inst/gen_axi4_axi3.axi3_conv_inst/USE_WRITE.write_addr_inst/USE_BURSTS.cmd_queue/inst/fifo_gen_inst/inst_fifo_gen/gconvfifo.rf/grf.rf/gntv_or_sync_fifo.gl0.wr/wpntr/gcc0.gc0.count_d1_reg[3]/CLR,
crypto_soc_artyz7_i/axi_mem_intercon/m00_couplers/auto_pc/inst/gen_axi4_axi3.axi3_conv_inst/USE_WRITE.write_addr_inst/USE_BURSTS.cmd_queue/inst/fifo_gen_inst/inst_fifo_gen/gconvfifo.rf/grf.rf/gntv_or_sync_fifo.gl0.wr/wpntr/gcc0.gc0.count_d1_reg[4]/CLR,
crypto_soc_artyz7_i/axi_mem_intercon/m00_couplers/auto_pc/inst/gen_axi4_axi3.axi3_conv_inst/USE_WRITE.write_addr_inst/USE_BURSTS.cmd_queue/inst/fifo_gen_inst/inst_fifo_gen/gconvfifo.rf/grf.rf/gntv_or_sync_fifo.gl0.wr/wpntr/gcc0.gc0.count_reg[0]/PRE,
crypto_soc_artyz7_i/axi_mem_intercon/m00_couplers/auto_pc/inst/gen_axi4_axi3.axi3_conv_inst/USE_WRITE.write_addr_inst/USE_BURSTS.cmd_queue/inst/fifo_gen_inst/inst_fifo_gen/gconvfifo.rf/grf.rf/gntv_or_sync_fifo.gl0.wr/wpntr/gcc0.gc0.count_reg[1]/CLR,
crypto_soc_artyz7_i/axi_mem_intercon/m00_couplers/auto_pc/inst/gen_axi4_axi3.axi3_conv_inst/USE_WRITE.write_addr_inst/USE_BURSTS.cmd_queue/inst/fifo_gen_inst/inst_fifo_gen/gconvfifo.rf/grf.rf/gntv_or_sync_fifo.gl0.wr/wpntr/gcc0.gc0.count_reg[2]/CLR,
crypto_soc_artyz7_i/axi_mem_intercon/m00_couplers/auto_pc/inst/gen_axi4_axi3.axi3_conv_inst/USE_WRITE.write_addr_inst/USE_BURSTS.cmd_queue/inst/fifo_gen_inst/inst_fifo_gen/gconvfifo.rf/grf.rf/gntv_or_sync_fifo.gl0.wr/wpntr/gcc0.gc0.count_reg[3]/CLR,
crypto_soc_artyz7_i/axi_mem_intercon/m00_couplers/auto_pc/inst/gen_axi4_axi3.axi3_conv_inst/USE_WRITE.write_addr_inst/USE_BURSTS.cmd_queue/inst/fifo_gen_inst/inst_fifo_gen/gconvfifo.rf/grf.rf/gntv_or_sync_fifo.gl0.wr/wpntr/gcc0.gc0.count_reg[4]/CLR
 (the first 15 of 32 listed). The LUT may glitch and trigger an unexpected reset, even if it is a properly timed path.
Related violations: <none>


