
*** Running vivado
    with args -log crypto_soc_artyz7_wrapper.vdi -applog -m64 -product Vivado -messageDb vivado.pb -mode batch -source crypto_soc_artyz7_wrapper.tcl -notrace


****** Vivado v2023.2 (64-bit)
  **** SW Build 4029153 on Fri Oct 13 20:13:54 MDT 2023
  **** IP Build 4028589 on Sat Oct 14 00:45:43 MDT 2023
  **** SharedData Build 4025554 on Tue Oct 10 17:18:54 MDT 2023
    ** Copyright 1986-2022 Xilinx, Inc. All Rights Reserved.
    ** Copyright 2022-2023 Advanced Micro Devices, Inc. All Rights Reserved.

source crypto_soc_artyz7_wrapper.tcl -notrace
INFO: [IP_Flow 19-234] Refreshing IP repositories
INFO: [IP_Flow 19-1700] Loaded user IP repository '/home/vinhphat-josh/Repos/Chaos_Based_Symmetric_Image_Encryption/vivado/ip_repo'.
INFO: [IP_Flow 19-2313] Loaded Vivado IP repository '/tools/Xilinx/Vivado/2023.2/data/ip'.
Command: link_design -top crypto_soc_artyz7_wrapper -part xc7z020clg400-1
Design is defaulting to srcset: sources_1
Design is defaulting to constrset: constrs_1
INFO: [Device 21-403] Loading part xc7z020clg400-1
INFO: [Project 1-454] Reading design checkpoint '/home/vinhphat-josh/Repos/Chaos_Based_Symmetric_Image_Encryption/vivado/Chaos_Based_Symmetric_Image_Encryptio_arty_z7/Chaos_Based_Symmetric_Image_Encryptio_arty_z7.gen/sources_1/bd/crypto_soc_artyz7/ip/crypto_soc_artyz7_axi_dma_0_0/crypto_soc_artyz7_axi_dma_0_0.dcp' for cell 'crypto_soc_artyz7_i/axi_dma_0'
INFO: [Project 1-454] Reading design checkpoint '/home/vinhphat-josh/Repos/Chaos_Based_Symmetric_Image_Encryption/vivado/Chaos_Based_Symmetric_Image_Encryptio_arty_z7/Chaos_Based_Symmetric_Image_Encryptio_arty_z7.gen/sources_1/bd/crypto_soc_artyz7/ip/crypto_soc_artyz7_crypto_engine_v1_0_0_4/crypto_soc_artyz7_crypto_engine_v1_0_0_4.dcp' for cell 'crypto_soc_artyz7_i/crypto_engine_v1_0_0'
INFO: [Project 1-454] Reading design checkpoint '/home/vinhphat-josh/Repos/Chaos_Based_Symmetric_Image_Encryption/vivado/Chaos_Based_Symmetric_Image_Encryptio_arty_z7/Chaos_Based_Symmetric_Image_Encryptio_arty_z7.gen/sources_1/bd/crypto_soc_artyz7/ip/crypto_soc_artyz7_processing_system7_0_0/crypto_soc_artyz7_processing_system7_0_0.dcp' for cell 'crypto_soc_artyz7_i/processing_system7_0'
INFO: [Project 1-454] Reading design checkpoint '/home/vinhphat-josh/Repos/Chaos_Based_Symmetric_Image_Encryption/vivado/Chaos_Based_Symmetric_Image_Encryptio_arty_z7/Chaos_Based_Symmetric_Image_Encryptio_arty_z7.gen/sources_1/bd/crypto_soc_artyz7/ip/crypto_soc_artyz7_rst_ps7_0_100M_0/crypto_soc_artyz7_rst_ps7_0_100M_0.dcp' for cell 'crypto_soc_artyz7_i/rst_ps7_0_100M'
INFO: [Project 1-454] Reading design checkpoint '/home/vinhphat-josh/Repos/Chaos_Based_Symmetric_Image_Encryption/vivado/Chaos_Based_Symmetric_Image_Encryptio_arty_z7/Chaos_Based_Symmetric_Image_Encryptio_arty_z7.gen/sources_1/bd/crypto_soc_artyz7/ip/crypto_soc_artyz7_xbar_1/crypto_soc_artyz7_xbar_1.dcp' for cell 'crypto_soc_artyz7_i/axi_mem_intercon/xbar'
INFO: [Project 1-454] Reading design checkpoint '/home/vinhphat-josh/Repos/Chaos_Based_Symmetric_Image_Encryption/vivado/Chaos_Based_Symmetric_Image_Encryptio_arty_z7/Chaos_Based_Symmetric_Image_Encryptio_arty_z7.gen/sources_1/bd/crypto_soc_artyz7/ip/crypto_soc_artyz7_auto_ds_0/crypto_soc_artyz7_auto_ds_0.dcp' for cell 'crypto_soc_artyz7_i/axi_mem_intercon/m00_couplers/auto_ds'
INFO: [Project 1-454] Reading design checkpoint '/home/vinhphat-josh/Repos/Chaos_Based_Symmetric_Image_Encryption/vivado/Chaos_Based_Symmetric_Image_Encryptio_arty_z7/Chaos_Based_Symmetric_Image_Encryptio_arty_z7.gen/sources_1/bd/crypto_soc_artyz7/ip/crypto_soc_artyz7_auto_pc_1/crypto_soc_artyz7_auto_pc_1.dcp' for cell 'crypto_soc_artyz7_i/axi_mem_intercon/m00_couplers/auto_pc'
INFO: [Project 1-454] Reading design checkpoint '/home/vinhphat-josh/Repos/Chaos_Based_Symmetric_Image_Encryption/vivado/Chaos_Based_Symmetric_Image_Encryptio_arty_z7/Chaos_Based_Symmetric_Image_Encryptio_arty_z7.gen/sources_1/bd/crypto_soc_artyz7/ip/crypto_soc_artyz7_xbar_0/crypto_soc_artyz7_xbar_0.dcp' for cell 'crypto_soc_artyz7_i/ps7_0_axi_periph/xbar'
INFO: [Project 1-454] Reading design checkpoint '/home/vinhphat-josh/Repos/Chaos_Based_Symmetric_Image_Encryption/vivado/Chaos_Based_Symmetric_Image_Encryptio_arty_z7/Chaos_Based_Symmetric_Image_Encryptio_arty_z7.gen/sources_1/bd/crypto_soc_artyz7/ip/crypto_soc_artyz7_auto_pc_0/crypto_soc_artyz7_auto_pc_0.dcp' for cell 'crypto_soc_artyz7_i/ps7_0_axi_periph/s00_couplers/auto_pc'
Netlist sorting complete. Time (s): cpu = 00:00:00.49 ; elapsed = 00:00:00.49 . Memory (MB): peak = 1773.363 ; gain = 0.000 ; free physical = 1268 ; free virtual = 4823
INFO: [Netlist 29-17] Analyzing 1532 Unisim elements for replacement
INFO: [Netlist 29-28] Unisim Transformation completed in 0 CPU seconds
INFO: [Project 1-479] Netlist was created with Vivado 2023.2
INFO: [Project 1-570] Preparing netlist for logic optimization
Parsing XDC File [/home/vinhphat-josh/Repos/Chaos_Based_Symmetric_Image_Encryption/vivado/Chaos_Based_Symmetric_Image_Encryptio_arty_z7/Chaos_Based_Symmetric_Image_Encryptio_arty_z7.gen/sources_1/bd/crypto_soc_artyz7/ip/crypto_soc_artyz7_processing_system7_0_0/crypto_soc_artyz7_processing_system7_0_0.xdc] for cell 'crypto_soc_artyz7_i/processing_system7_0/inst'
Finished Parsing XDC File [/home/vinhphat-josh/Repos/Chaos_Based_Symmetric_Image_Encryption/vivado/Chaos_Based_Symmetric_Image_Encryptio_arty_z7/Chaos_Based_Symmetric_Image_Encryptio_arty_z7.gen/sources_1/bd/crypto_soc_artyz7/ip/crypto_soc_artyz7_processing_system7_0_0/crypto_soc_artyz7_processing_system7_0_0.xdc] for cell 'crypto_soc_artyz7_i/processing_system7_0/inst'
Parsing XDC File [/home/vinhphat-josh/Repos/Chaos_Based_Symmetric_Image_Encryption/vivado/Chaos_Based_Symmetric_Image_Encryptio_arty_z7/Chaos_Based_Symmetric_Image_Encryptio_arty_z7.gen/sources_1/bd/crypto_soc_artyz7/ip/crypto_soc_artyz7_axi_dma_0_0/crypto_soc_artyz7_axi_dma_0_0.xdc] for cell 'crypto_soc_artyz7_i/axi_dma_0/U0'
WARNING: [Vivado_Tcl 4-921] Waiver ID 'CDC-1' -to list should not be empty. [/home/vinhphat-josh/Repos/Chaos_Based_Symmetric_Image_Encryption/vivado/Chaos_Based_Symmetric_Image_Encryptio_arty_z7/Chaos_Based_Symmetric_Image_Encryptio_arty_z7.gen/sources_1/bd/crypto_soc_artyz7/ip/crypto_soc_artyz7_axi_dma_0_0/crypto_soc_artyz7_axi_dma_0_0.xdc:52]
WARNING: [Vivado_Tcl 4-921] Waiver ID 'CDC-1' -to list should not be empty. [/home/vinhphat-josh/Repos/Chaos_Based_Symmetric_Image_Encryption/vivado/Chaos_Based_Symmetric_Image_Encryptio_arty_z7/Chaos_Based_Symmetric_Image_Encryptio_arty_z7.gen/sources_1/bd/crypto_soc_artyz7/ip/crypto_soc_artyz7_axi_dma_0_0/crypto_soc_artyz7_axi_dma_0_0.xdc:56]
WARNING: [Vivado_Tcl 4-919] Waiver ID 'CDC-1' -from list should not be empty. [/home/vinhphat-josh/Repos/Chaos_Based_Symmetric_Image_Encryption/vivado/Chaos_Based_Symmetric_Image_Encryptio_arty_z7/Chaos_Based_Symmetric_Image_Encryptio_arty_z7.gen/sources_1/bd/crypto_soc_artyz7/ip/crypto_soc_artyz7_axi_dma_0_0/crypto_soc_artyz7_axi_dma_0_0.xdc:61]
Finished Parsing XDC File [/home/vinhphat-josh/Repos/Chaos_Based_Symmetric_Image_Encryption/vivado/Chaos_Based_Symmetric_Image_Encryptio_arty_z7/Chaos_Based_Symmetric_Image_Encryptio_arty_z7.gen/sources_1/bd/crypto_soc_artyz7/ip/crypto_soc_artyz7_axi_dma_0_0/crypto_soc_artyz7_axi_dma_0_0.xdc] for cell 'crypto_soc_artyz7_i/axi_dma_0/U0'
Parsing XDC File [/home/vinhphat-josh/Repos/Chaos_Based_Symmetric_Image_Encryption/vivado/Chaos_Based_Symmetric_Image_Encryptio_arty_z7/Chaos_Based_Symmetric_Image_Encryptio_arty_z7.gen/sources_1/bd/crypto_soc_artyz7/ip/crypto_soc_artyz7_rst_ps7_0_100M_0/crypto_soc_artyz7_rst_ps7_0_100M_0_board.xdc] for cell 'crypto_soc_artyz7_i/rst_ps7_0_100M/U0'
Finished Parsing XDC File [/home/vinhphat-josh/Repos/Chaos_Based_Symmetric_Image_Encryption/vivado/Chaos_Based_Symmetric_Image_Encryptio_arty_z7/Chaos_Based_Symmetric_Image_Encryptio_arty_z7.gen/sources_1/bd/crypto_soc_artyz7/ip/crypto_soc_artyz7_rst_ps7_0_100M_0/crypto_soc_artyz7_rst_ps7_0_100M_0_board.xdc] for cell 'crypto_soc_artyz7_i/rst_ps7_0_100M/U0'
Parsing XDC File [/home/vinhphat-josh/Repos/Chaos_Based_Symmetric_Image_Encryption/vivado/Chaos_Based_Symmetric_Image_Encryptio_arty_z7/Chaos_Based_Symmetric_Image_Encryptio_arty_z7.gen/sources_1/bd/crypto_soc_artyz7/ip/crypto_soc_artyz7_rst_ps7_0_100M_0/crypto_soc_artyz7_rst_ps7_0_100M_0.xdc] for cell 'crypto_soc_artyz7_i/rst_ps7_0_100M/U0'
Finished Parsing XDC File [/home/vinhphat-josh/Repos/Chaos_Based_Symmetric_Image_Encryption/vivado/Chaos_Based_Symmetric_Image_Encryptio_arty_z7/Chaos_Based_Symmetric_Image_Encryptio_arty_z7.gen/sources_1/bd/crypto_soc_artyz7/ip/crypto_soc_artyz7_rst_ps7_0_100M_0/crypto_soc_artyz7_rst_ps7_0_100M_0.xdc] for cell 'crypto_soc_artyz7_i/rst_ps7_0_100M/U0'
Parsing XDC File [/home/vinhphat-josh/Repos/Chaos_Based_Symmetric_Image_Encryption/vivado/Chaos_Based_Symmetric_Image_Encryptio_arty_z7/Chaos_Based_Symmetric_Image_Encryptio_arty_z7.gen/sources_1/bd/crypto_soc_artyz7/ip/crypto_soc_artyz7_axi_dma_0_0/crypto_soc_artyz7_axi_dma_0_0_clocks.xdc] for cell 'crypto_soc_artyz7_i/axi_dma_0/U0'
Finished Parsing XDC File [/home/vinhphat-josh/Repos/Chaos_Based_Symmetric_Image_Encryption/vivado/Chaos_Based_Symmetric_Image_Encryptio_arty_z7/Chaos_Based_Symmetric_Image_Encryptio_arty_z7.gen/sources_1/bd/crypto_soc_artyz7/ip/crypto_soc_artyz7_axi_dma_0_0/crypto_soc_artyz7_axi_dma_0_0_clocks.xdc] for cell 'crypto_soc_artyz7_i/axi_dma_0/U0'
Parsing XDC File [/home/vinhphat-josh/Repos/Chaos_Based_Symmetric_Image_Encryption/vivado/Chaos_Based_Symmetric_Image_Encryptio_arty_z7/Chaos_Based_Symmetric_Image_Encryptio_arty_z7.gen/sources_1/bd/crypto_soc_artyz7/ip/crypto_soc_artyz7_auto_ds_0/crypto_soc_artyz7_auto_ds_0_clocks.xdc] for cell 'crypto_soc_artyz7_i/axi_mem_intercon/m00_couplers/auto_ds/inst'
WARNING: [Vivado_Tcl 4-921] Waiver ID 'CDC-1' -to list should not be empty. [/home/vinhphat-josh/Repos/Chaos_Based_Symmetric_Image_Encryption/vivado/Chaos_Based_Symmetric_Image_Encryptio_arty_z7/Chaos_Based_Symmetric_Image_Encryptio_arty_z7.gen/sources_1/bd/crypto_soc_artyz7/ip/crypto_soc_artyz7_auto_ds_0/crypto_soc_artyz7_auto_ds_0_clocks.xdc:9]
WARNING: [Vivado_Tcl 4-921] Waiver ID 'CDC-1' -to list should not be empty. [/home/vinhphat-josh/Repos/Chaos_Based_Symmetric_Image_Encryption/vivado/Chaos_Based_Symmetric_Image_Encryptio_arty_z7/Chaos_Based_Symmetric_Image_Encryptio_arty_z7.gen/sources_1/bd/crypto_soc_artyz7/ip/crypto_soc_artyz7_auto_ds_0/crypto_soc_artyz7_auto_ds_0_clocks.xdc:12]
WARNING: [Vivado_Tcl 4-921] Waiver ID 'CDC-1' -to list should not be empty. [/home/vinhphat-josh/Repos/Chaos_Based_Symmetric_Image_Encryption/vivado/Chaos_Based_Symmetric_Image_Encryptio_arty_z7/Chaos_Based_Symmetric_Image_Encryptio_arty_z7.gen/sources_1/bd/crypto_soc_artyz7/ip/crypto_soc_artyz7_auto_ds_0/crypto_soc_artyz7_auto_ds_0_clocks.xdc:15]
WARNING: [Vivado_Tcl 4-921] Waiver ID 'CDC-1' -to list should not be empty. [/home/vinhphat-josh/Repos/Chaos_Based_Symmetric_Image_Encryption/vivado/Chaos_Based_Symmetric_Image_Encryptio_arty_z7/Chaos_Based_Symmetric_Image_Encryptio_arty_z7.gen/sources_1/bd/crypto_soc_artyz7/ip/crypto_soc_artyz7_auto_ds_0/crypto_soc_artyz7_auto_ds_0_clocks.xdc:18]
WARNING: [Vivado_Tcl 4-921] Waiver ID 'CDC-1' -to list should not be empty. [/home/vinhphat-josh/Repos/Chaos_Based_Symmetric_Image_Encryption/vivado/Chaos_Based_Symmetric_Image_Encryptio_arty_z7/Chaos_Based_Symmetric_Image_Encryptio_arty_z7.gen/sources_1/bd/crypto_soc_artyz7/ip/crypto_soc_artyz7_auto_ds_0/crypto_soc_artyz7_auto_ds_0_clocks.xdc:21]
WARNING: [Vivado_Tcl 4-921] Waiver ID 'CDC-1' -to list should not be empty. [/home/vinhphat-josh/Repos/Chaos_Based_Symmetric_Image_Encryption/vivado/Chaos_Based_Symmetric_Image_Encryptio_arty_z7/Chaos_Based_Symmetric_Image_Encryptio_arty_z7.gen/sources_1/bd/crypto_soc_artyz7/ip/crypto_soc_artyz7_auto_ds_0/crypto_soc_artyz7_auto_ds_0_clocks.xdc:24]
WARNING: [Vivado_Tcl 4-921] Waiver ID 'CDC-1' -to list should not be empty. [/home/vinhphat-josh/Repos/Chaos_Based_Symmetric_Image_Encryption/vivado/Chaos_Based_Symmetric_Image_Encryptio_arty_z7/Chaos_Based_Symmetric_Image_Encryptio_arty_z7.gen/sources_1/bd/crypto_soc_artyz7/ip/crypto_soc_artyz7_auto_ds_0/crypto_soc_artyz7_auto_ds_0_clocks.xdc:27]
WARNING: [Vivado_Tcl 4-921] Waiver ID 'CDC-1' -to list should not be empty. [/home/vinhphat-josh/Repos/Chaos_Based_Symmetric_Image_Encryption/vivado/Chaos_Based_Symmetric_Image_Encryptio_arty_z7/Chaos_Based_Symmetric_Image_Encryptio_arty_z7.gen/sources_1/bd/crypto_soc_artyz7/ip/crypto_soc_artyz7_auto_ds_0/crypto_soc_artyz7_auto_ds_0_clocks.xdc:30]
WARNING: [Vivado_Tcl 4-921] Waiver ID 'CDC-1' -to list should not be empty. [/home/vinhphat-josh/Repos/Chaos_Based_Symmetric_Image_Encryption/vivado/Chaos_Based_Symmetric_Image_Encryptio_arty_z7/Chaos_Based_Symmetric_Image_Encryptio_arty_z7.gen/sources_1/bd/crypto_soc_artyz7/ip/crypto_soc_artyz7_auto_ds_0/crypto_soc_artyz7_auto_ds_0_clocks.xdc:33]
WARNING: [Vivado_Tcl 4-921] Waiver ID 'CDC-1' -to list should not be empty. [/home/vinhphat-josh/Repos/Chaos_Based_Symmetric_Image_Encryption/vivado/Chaos_Based_Symmetric_Image_Encryptio_arty_z7/Chaos_Based_Symmetric_Image_Encryptio_arty_z7.gen/sources_1/bd/crypto_soc_artyz7/ip/crypto_soc_artyz7_auto_ds_0/crypto_soc_artyz7_auto_ds_0_clocks.xdc:36]
WARNING: [Vivado_Tcl 4-921] Waiver ID 'CDC-10' -to list should not be empty. [/home/vinhphat-josh/Repos/Chaos_Based_Symmetric_Image_Encryption/vivado/Chaos_Based_Symmetric_Image_Encryptio_arty_z7/Chaos_Based_Symmetric_Image_Encryptio_arty_z7.gen/sources_1/bd/crypto_soc_artyz7/ip/crypto_soc_artyz7_auto_ds_0/crypto_soc_artyz7_auto_ds_0_clocks.xdc:39]
WARNING: [Vivado_Tcl 4-921] Waiver ID 'CDC-10' -to list should not be empty. [/home/vinhphat-josh/Repos/Chaos_Based_Symmetric_Image_Encryption/vivado/Chaos_Based_Symmetric_Image_Encryptio_arty_z7/Chaos_Based_Symmetric_Image_Encryptio_arty_z7.gen/sources_1/bd/crypto_soc_artyz7/ip/crypto_soc_artyz7_auto_ds_0/crypto_soc_artyz7_auto_ds_0_clocks.xdc:42]
WARNING: [Vivado_Tcl 4-921] Waiver ID 'CDC-10' -to list should not be empty. [/home/vinhphat-josh/Repos/Chaos_Based_Symmetric_Image_Encryption/vivado/Chaos_Based_Symmetric_Image_Encryptio_arty_z7/Chaos_Based_Symmetric_Image_Encryptio_arty_z7.gen/sources_1/bd/crypto_soc_artyz7/ip/crypto_soc_artyz7_auto_ds_0/crypto_soc_artyz7_auto_ds_0_clocks.xdc:45]
WARNING: [Vivado_Tcl 4-921] Waiver ID 'CDC-2' -to list should not be empty. [/home/vinhphat-josh/Repos/Chaos_Based_Symmetric_Image_Encryption/vivado/Chaos_Based_Symmetric_Image_Encryptio_arty_z7/Chaos_Based_Symmetric_Image_Encryptio_arty_z7.gen/sources_1/bd/crypto_soc_artyz7/ip/crypto_soc_artyz7_auto_ds_0/crypto_soc_artyz7_auto_ds_0_clocks.xdc:48]
WARNING: [Vivado_Tcl 4-921] Waiver ID 'CDC-11' -to list should not be empty. [/home/vinhphat-josh/Repos/Chaos_Based_Symmetric_Image_Encryption/vivado/Chaos_Based_Symmetric_Image_Encryptio_arty_z7/Chaos_Based_Symmetric_Image_Encryptio_arty_z7.gen/sources_1/bd/crypto_soc_artyz7/ip/crypto_soc_artyz7_auto_ds_0/crypto_soc_artyz7_auto_ds_0_clocks.xdc:51]
WARNING: [Vivado_Tcl 4-921] Waiver ID 'CDC-11' -to list should not be empty. [/home/vinhphat-josh/Repos/Chaos_Based_Symmetric_Image_Encryption/vivado/Chaos_Based_Symmetric_Image_Encryptio_arty_z7/Chaos_Based_Symmetric_Image_Encryptio_arty_z7.gen/sources_1/bd/crypto_soc_artyz7/ip/crypto_soc_artyz7_auto_ds_0/crypto_soc_artyz7_auto_ds_0_clocks.xdc:54]
Finished Parsing XDC File [/home/vinhphat-josh/Repos/Chaos_Based_Symmetric_Image_Encryption/vivado/Chaos_Based_Symmetric_Image_Encryptio_arty_z7/Chaos_Based_Symmetric_Image_Encryptio_arty_z7.gen/sources_1/bd/crypto_soc_artyz7/ip/crypto_soc_artyz7_auto_ds_0/crypto_soc_artyz7_auto_ds_0_clocks.xdc] for cell 'crypto_soc_artyz7_i/axi_mem_intercon/m00_couplers/auto_ds/inst'
INFO: [Project 1-1714] 11 XPM XDC files have been applied to the design.
INFO: [Opt 31-138] Pushed 0 inverter(s) to 0 load pin(s).
INFO: [Project 1-1687] 16 scoped IP constraints or related sub-commands were skipped due to synthesis logic optimizations usually triggered by constant connectivity or unconnected output pins. To review the skipped constraints and messages, run the command 'set_param netlist.IPMsgFiltering false' before opening the design.
Netlist sorting complete. Time (s): cpu = 00:00:00.01 ; elapsed = 00:00:00.01 . Memory (MB): peak = 2823.887 ; gain = 0.000 ; free physical = 623 ; free virtual = 4195
INFO: [Project 1-111] Unisim Transformation Summary:
  A total of 28 instances were transformed.
  RAM32M => RAM32M (RAMD32(x6), RAMS32(x2)): 23 instances
  RAM32X1D => RAM32X1D (RAMD32(x2)): 5 instances

21 Infos, 19 Warnings, 0 Critical Warnings and 0 Errors encountered.
link_design completed successfully
link_design: Time (s): cpu = 00:00:26 ; elapsed = 00:00:23 . Memory (MB): peak = 2823.887 ; gain = 1498.461 ; free physical = 623 ; free virtual = 4195
Command: opt_design
Attempting to get a license for feature 'Implementation' and/or device 'xc7z020'
INFO: [Common 17-349] Got license for feature 'Implementation' and/or device 'xc7z020'
Running DRC as a precondition to command opt_design

Starting DRC Task
INFO: [DRC 23-27] Running DRC with 8 threads
INFO: [Project 1-461] DRC finished with 0 Errors
INFO: [Project 1-462] Please refer to the DRC report (report_drc) for more information.

Time (s): cpu = 00:00:01 ; elapsed = 00:00:00.62 . Memory (MB): peak = 2823.887 ; gain = 0.000 ; free physical = 617 ; free virtual = 4189

Starting Cache Timing Information Task
INFO: [Timing 38-35] Done setting XDC timing constraints.
Ending Cache Timing Information Task | Checksum: b3d86790

Time (s): cpu = 00:00:04 ; elapsed = 00:00:01 . Memory (MB): peak = 2823.887 ; gain = 0.000 ; free physical = 597 ; free virtual = 4172

Starting Logic Optimization Task

Phase 1 Initialization

Phase 1.1 Core Generation And Design Setup
Phase 1.1 Core Generation And Design Setup | Checksum: b3d86790

Time (s): cpu = 00:00:00.01 ; elapsed = 00:00:00.01 . Memory (MB): peak = 2965.727 ; gain = 0.000 ; free physical = 287 ; free virtual = 3870

Phase 1.2 Setup Constraints And Sort Netlist
Phase 1.2 Setup Constraints And Sort Netlist | Checksum: b3d86790

Time (s): cpu = 00:00:00.04 ; elapsed = 00:00:00.04 . Memory (MB): peak = 2965.727 ; gain = 0.000 ; free physical = 287 ; free virtual = 3870
Phase 1 Initialization | Checksum: b3d86790

Time (s): cpu = 00:00:00.04 ; elapsed = 00:00:00.04 . Memory (MB): peak = 2965.727 ; gain = 0.000 ; free physical = 287 ; free virtual = 3870

Phase 2 Timer Update And Timing Data Collection

Phase 2.1 Timer Update
Phase 2.1 Timer Update | Checksum: b3d86790

Time (s): cpu = 00:00:02 ; elapsed = 00:00:00.52 . Memory (MB): peak = 2965.727 ; gain = 0.000 ; free physical = 287 ; free virtual = 3869

Phase 2.2 Timing Data Collection
Phase 2.2 Timing Data Collection | Checksum: b3d86790

Time (s): cpu = 00:00:02 ; elapsed = 00:00:00.65 . Memory (MB): peak = 2965.727 ; gain = 0.000 ; free physical = 275 ; free virtual = 3858
Phase 2 Timer Update And Timing Data Collection | Checksum: b3d86790

Time (s): cpu = 00:00:02 ; elapsed = 00:00:00.65 . Memory (MB): peak = 2965.727 ; gain = 0.000 ; free physical = 275 ; free virtual = 3858

Phase 3 Retarget
INFO: [Opt 31-1566] Pulled 2 inverters resulting in an inversion of 18 pins
INFO: [Opt 31-138] Pushed 18 inverter(s) to 237 load pin(s).
INFO: [Opt 31-49] Retargeted 0 cell(s).
Phase 3 Retarget | Checksum: 1692e6145

Time (s): cpu = 00:00:03 ; elapsed = 00:00:02 . Memory (MB): peak = 2965.727 ; gain = 0.000 ; free physical = 280 ; free virtual = 3859
Retarget | Checksum: 1692e6145
INFO: [Opt 31-389] Phase Retarget created 894 cells and removed 985 cells
INFO: [Opt 31-1021] In phase Retarget, 63 netlist objects are constrained preventing optimization. Please run opt_design with -debug_log to get more detail. 

Phase 4 Constant propagation
INFO: [Opt 31-138] Pushed 12 inverter(s) to 26 load pin(s).
Phase 4 Constant propagation | Checksum: 1807e83d5

Time (s): cpu = 00:00:04 ; elapsed = 00:00:02 . Memory (MB): peak = 2965.727 ; gain = 0.000 ; free physical = 274 ; free virtual = 3861
Constant propagation | Checksum: 1807e83d5
INFO: [Opt 31-389] Phase Constant propagation created 780 cells and removed 1297 cells
INFO: [Opt 31-1021] In phase Constant propagation, 63 netlist objects are constrained preventing optimization. Please run opt_design with -debug_log to get more detail. 

Phase 5 Sweep
Phase 5 Sweep | Checksum: 13fcdac08

Time (s): cpu = 00:00:05 ; elapsed = 00:00:03 . Memory (MB): peak = 2965.727 ; gain = 0.000 ; free physical = 277 ; free virtual = 3856
Sweep | Checksum: 13fcdac08
INFO: [Opt 31-389] Phase Sweep created 0 cells and removed 1361 cells
INFO: [Opt 31-1021] In phase Sweep, 225 netlist objects are constrained preventing optimization. Please run opt_design with -debug_log to get more detail. 

Phase 6 BUFG optimization
Phase 6 BUFG optimization | Checksum: 13fcdac08

Time (s): cpu = 00:00:06 ; elapsed = 00:00:04 . Memory (MB): peak = 2965.727 ; gain = 0.000 ; free physical = 276 ; free virtual = 3856
BUFG optimization | Checksum: 13fcdac08
INFO: [Opt 31-662] Phase BUFG optimization created 0 cells of which 0 are BUFGs and removed 0 cells.

Phase 7 Shift Register Optimization
WARNING: [Opt 31-1131] Can not pull register out from crypto_soc_artyz7_i/axi_mem_intercon/xbar/inst/gen_samd.crossbar_samd/gen_master_slots[0].gen_mi_write.wdata_mux_w/gen_wmux.wmux_aw_fifo/gen_srls[0].gen_rep[0].srl_nx1/gen_primitive_shifter.gen_srls[0].srl_inst due to none static srl address bits
WARNING: [Opt 31-1131] Can not pull register out from crypto_soc_artyz7_i/axi_mem_intercon/xbar/inst/gen_samd.crossbar_samd/gen_master_slots[1].gen_mi_write.wdata_mux_w/gen_wmux.wmux_aw_fifo/gen_srls[0].gen_rep[0].srl_nx1/gen_primitive_shifter.gen_srls[0].srl_inst due to none static srl address bits
WARNING: [Opt 31-1131] Can not pull register out from crypto_soc_artyz7_i/axi_mem_intercon/xbar/inst/gen_samd.crossbar_samd/gen_slave_slots[1].gen_si_write.wdata_router_w/wrouter_aw_fifo/gen_srls[0].gen_rep[0].srl_nx1/gen_primitive_shifter.gen_srls[0].srl_inst due to none static srl address bits
WARNING: [Opt 31-1131] Can not pull register out from crypto_soc_artyz7_i/ps7_0_axi_periph/s00_couplers/auto_pc/inst/gen_axilite.gen_b2s_conv.axilite_b2s/RD.r_channel_0/rd_data_fifo_0/memory_reg[31][0]_srl32 due to none static srl address bits
WARNING: [Opt 31-1131] Can not pull register out from crypto_soc_artyz7_i/ps7_0_axi_periph/s00_couplers/auto_pc/inst/gen_axilite.gen_b2s_conv.axilite_b2s/RD.r_channel_0/rd_data_fifo_0/memory_reg[31][10]_srl32 due to none static srl address bits
WARNING: [Opt 31-1131] Can not pull register out from crypto_soc_artyz7_i/ps7_0_axi_periph/s00_couplers/auto_pc/inst/gen_axilite.gen_b2s_conv.axilite_b2s/RD.r_channel_0/rd_data_fifo_0/memory_reg[31][11]_srl32 due to none static srl address bits
WARNING: [Opt 31-1131] Can not pull register out from crypto_soc_artyz7_i/ps7_0_axi_periph/s00_couplers/auto_pc/inst/gen_axilite.gen_b2s_conv.axilite_b2s/RD.r_channel_0/rd_data_fifo_0/memory_reg[31][12]_srl32 due to none static srl address bits
WARNING: [Opt 31-1131] Can not pull register out from crypto_soc_artyz7_i/ps7_0_axi_periph/s00_couplers/auto_pc/inst/gen_axilite.gen_b2s_conv.axilite_b2s/RD.r_channel_0/rd_data_fifo_0/memory_reg[31][13]_srl32 due to none static srl address bits
WARNING: [Opt 31-1131] Can not pull register out from crypto_soc_artyz7_i/ps7_0_axi_periph/s00_couplers/auto_pc/inst/gen_axilite.gen_b2s_conv.axilite_b2s/RD.r_channel_0/rd_data_fifo_0/memory_reg[31][14]_srl32 due to none static srl address bits
WARNING: [Opt 31-1131] Can not pull register out from crypto_soc_artyz7_i/ps7_0_axi_periph/s00_couplers/auto_pc/inst/gen_axilite.gen_b2s_conv.axilite_b2s/RD.r_channel_0/rd_data_fifo_0/memory_reg[31][15]_srl32 due to none static srl address bits
WARNING: [Opt 31-1131] Can not pull register out from crypto_soc_artyz7_i/ps7_0_axi_periph/s00_couplers/auto_pc/inst/gen_axilite.gen_b2s_conv.axilite_b2s/RD.r_channel_0/rd_data_fifo_0/memory_reg[31][16]_srl32 due to none static srl address bits
WARNING: [Opt 31-1131] Can not pull register out from crypto_soc_artyz7_i/ps7_0_axi_periph/s00_couplers/auto_pc/inst/gen_axilite.gen_b2s_conv.axilite_b2s/RD.r_channel_0/rd_data_fifo_0/memory_reg[31][17]_srl32 due to none static srl address bits
WARNING: [Opt 31-1131] Can not pull register out from crypto_soc_artyz7_i/ps7_0_axi_periph/s00_couplers/auto_pc/inst/gen_axilite.gen_b2s_conv.axilite_b2s/RD.r_channel_0/rd_data_fifo_0/memory_reg[31][18]_srl32 due to none static srl address bits
WARNING: [Opt 31-1131] Can not pull register out from crypto_soc_artyz7_i/ps7_0_axi_periph/s00_couplers/auto_pc/inst/gen_axilite.gen_b2s_conv.axilite_b2s/RD.r_channel_0/rd_data_fifo_0/memory_reg[31][19]_srl32 due to none static srl address bits
WARNING: [Opt 31-1131] Can not pull register out from crypto_soc_artyz7_i/ps7_0_axi_periph/s00_couplers/auto_pc/inst/gen_axilite.gen_b2s_conv.axilite_b2s/RD.r_channel_0/rd_data_fifo_0/memory_reg[31][1]_srl32 due to none static srl address bits
WARNING: [Opt 31-1131] Can not pull register out from crypto_soc_artyz7_i/ps7_0_axi_periph/s00_couplers/auto_pc/inst/gen_axilite.gen_b2s_conv.axilite_b2s/RD.r_channel_0/rd_data_fifo_0/memory_reg[31][20]_srl32 due to none static srl address bits
WARNING: [Opt 31-1131] Can not pull register out from crypto_soc_artyz7_i/ps7_0_axi_periph/s00_couplers/auto_pc/inst/gen_axilite.gen_b2s_conv.axilite_b2s/RD.r_channel_0/rd_data_fifo_0/memory_reg[31][21]_srl32 due to none static srl address bits
WARNING: [Opt 31-1131] Can not pull register out from crypto_soc_artyz7_i/ps7_0_axi_periph/s00_couplers/auto_pc/inst/gen_axilite.gen_b2s_conv.axilite_b2s/RD.r_channel_0/rd_data_fifo_0/memory_reg[31][22]_srl32 due to none static srl address bits
WARNING: [Opt 31-1131] Can not pull register out from crypto_soc_artyz7_i/ps7_0_axi_periph/s00_couplers/auto_pc/inst/gen_axilite.gen_b2s_conv.axilite_b2s/RD.r_channel_0/rd_data_fifo_0/memory_reg[31][23]_srl32 due to none static srl address bits
WARNING: [Opt 31-1131] Can not pull register out from crypto_soc_artyz7_i/ps7_0_axi_periph/s00_couplers/auto_pc/inst/gen_axilite.gen_b2s_conv.axilite_b2s/RD.r_channel_0/rd_data_fifo_0/memory_reg[31][24]_srl32 due to none static srl address bits
WARNING: [Opt 31-1131] Can not pull register out from crypto_soc_artyz7_i/ps7_0_axi_periph/s00_couplers/auto_pc/inst/gen_axilite.gen_b2s_conv.axilite_b2s/RD.r_channel_0/rd_data_fifo_0/memory_reg[31][25]_srl32 due to none static srl address bits
WARNING: [Opt 31-1131] Can not pull register out from crypto_soc_artyz7_i/ps7_0_axi_periph/s00_couplers/auto_pc/inst/gen_axilite.gen_b2s_conv.axilite_b2s/RD.r_channel_0/rd_data_fifo_0/memory_reg[31][26]_srl32 due to none static srl address bits
WARNING: [Opt 31-1131] Can not pull register out from crypto_soc_artyz7_i/ps7_0_axi_periph/s00_couplers/auto_pc/inst/gen_axilite.gen_b2s_conv.axilite_b2s/RD.r_channel_0/rd_data_fifo_0/memory_reg[31][27]_srl32 due to none static srl address bits
WARNING: [Opt 31-1131] Can not pull register out from crypto_soc_artyz7_i/ps7_0_axi_periph/s00_couplers/auto_pc/inst/gen_axilite.gen_b2s_conv.axilite_b2s/RD.r_channel_0/rd_data_fifo_0/memory_reg[31][28]_srl32 due to none static srl address bits
WARNING: [Opt 31-1131] Can not pull register out from crypto_soc_artyz7_i/ps7_0_axi_periph/s00_couplers/auto_pc/inst/gen_axilite.gen_b2s_conv.axilite_b2s/RD.r_channel_0/rd_data_fifo_0/memory_reg[31][29]_srl32 due to none static srl address bits
WARNING: [Opt 31-1131] Can not pull register out from crypto_soc_artyz7_i/ps7_0_axi_periph/s00_couplers/auto_pc/inst/gen_axilite.gen_b2s_conv.axilite_b2s/RD.r_channel_0/rd_data_fifo_0/memory_reg[31][2]_srl32 due to none static srl address bits
WARNING: [Opt 31-1131] Can not pull register out from crypto_soc_artyz7_i/ps7_0_axi_periph/s00_couplers/auto_pc/inst/gen_axilite.gen_b2s_conv.axilite_b2s/RD.r_channel_0/rd_data_fifo_0/memory_reg[31][30]_srl32 due to none static srl address bits
WARNING: [Opt 31-1131] Can not pull register out from crypto_soc_artyz7_i/ps7_0_axi_periph/s00_couplers/auto_pc/inst/gen_axilite.gen_b2s_conv.axilite_b2s/RD.r_channel_0/rd_data_fifo_0/memory_reg[31][31]_srl32 due to none static srl address bits
WARNING: [Opt 31-1131] Can not pull register out from crypto_soc_artyz7_i/ps7_0_axi_periph/s00_couplers/auto_pc/inst/gen_axilite.gen_b2s_conv.axilite_b2s/RD.r_channel_0/rd_data_fifo_0/memory_reg[31][32]_srl32 due to none static srl address bits
WARNING: [Opt 31-1131] Can not pull register out from crypto_soc_artyz7_i/ps7_0_axi_periph/s00_couplers/auto_pc/inst/gen_axilite.gen_b2s_conv.axilite_b2s/RD.r_channel_0/rd_data_fifo_0/memory_reg[31][33]_srl32 due to none static srl address bits
WARNING: [Opt 31-1131] Can not pull register out from crypto_soc_artyz7_i/ps7_0_axi_periph/s00_couplers/auto_pc/inst/gen_axilite.gen_b2s_conv.axilite_b2s/RD.r_channel_0/rd_data_fifo_0/memory_reg[31][3]_srl32 due to none static srl address bits
WARNING: [Opt 31-1131] Can not pull register out from crypto_soc_artyz7_i/ps7_0_axi_periph/s00_couplers/auto_pc/inst/gen_axilite.gen_b2s_conv.axilite_b2s/RD.r_channel_0/rd_data_fifo_0/memory_reg[31][4]_srl32 due to none static srl address bits
WARNING: [Opt 31-1131] Can not pull register out from crypto_soc_artyz7_i/ps7_0_axi_periph/s00_couplers/auto_pc/inst/gen_axilite.gen_b2s_conv.axilite_b2s/RD.r_channel_0/rd_data_fifo_0/memory_reg[31][5]_srl32 due to none static srl address bits
WARNING: [Opt 31-1131] Can not pull register out from crypto_soc_artyz7_i/ps7_0_axi_periph/s00_couplers/auto_pc/inst/gen_axilite.gen_b2s_conv.axilite_b2s/RD.r_channel_0/rd_data_fifo_0/memory_reg[31][6]_srl32 due to none static srl address bits
WARNING: [Opt 31-1131] Can not pull register out from crypto_soc_artyz7_i/ps7_0_axi_periph/s00_couplers/auto_pc/inst/gen_axilite.gen_b2s_conv.axilite_b2s/RD.r_channel_0/rd_data_fifo_0/memory_reg[31][7]_srl32 due to none static srl address bits
WARNING: [Opt 31-1131] Can not pull register out from crypto_soc_artyz7_i/ps7_0_axi_periph/s00_couplers/auto_pc/inst/gen_axilite.gen_b2s_conv.axilite_b2s/RD.r_channel_0/rd_data_fifo_0/memory_reg[31][8]_srl32 due to none static srl address bits
WARNING: [Opt 31-1131] Can not pull register out from crypto_soc_artyz7_i/ps7_0_axi_periph/s00_couplers/auto_pc/inst/gen_axilite.gen_b2s_conv.axilite_b2s/RD.r_channel_0/rd_data_fifo_0/memory_reg[31][9]_srl32 due to none static srl address bits
WARNING: [Opt 31-1131] Can not pull register out from crypto_soc_artyz7_i/ps7_0_axi_periph/s00_couplers/auto_pc/inst/gen_axilite.gen_b2s_conv.axilite_b2s/RD.r_channel_0/transaction_fifo_0/memory_reg[31][0]_srl32 due to none static srl address bits
WARNING: [Opt 31-1131] Can not pull register out from crypto_soc_artyz7_i/ps7_0_axi_periph/s00_couplers/auto_pc/inst/gen_axilite.gen_b2s_conv.axilite_b2s/RD.r_channel_0/transaction_fifo_0/memory_reg[31][10]_srl32 due to none static srl address bits
WARNING: [Opt 31-1131] Can not pull register out from crypto_soc_artyz7_i/ps7_0_axi_periph/s00_couplers/auto_pc/inst/gen_axilite.gen_b2s_conv.axilite_b2s/RD.r_channel_0/transaction_fifo_0/memory_reg[31][11]_srl32 due to none static srl address bits
WARNING: [Opt 31-1131] Can not pull register out from crypto_soc_artyz7_i/ps7_0_axi_periph/s00_couplers/auto_pc/inst/gen_axilite.gen_b2s_conv.axilite_b2s/RD.r_channel_0/transaction_fifo_0/memory_reg[31][12]_srl32 due to none static srl address bits
WARNING: [Opt 31-1131] Can not pull register out from crypto_soc_artyz7_i/ps7_0_axi_periph/s00_couplers/auto_pc/inst/gen_axilite.gen_b2s_conv.axilite_b2s/RD.r_channel_0/transaction_fifo_0/memory_reg[31][1]_srl32 due to none static srl address bits
WARNING: [Opt 31-1131] Can not pull register out from crypto_soc_artyz7_i/ps7_0_axi_periph/s00_couplers/auto_pc/inst/gen_axilite.gen_b2s_conv.axilite_b2s/RD.r_channel_0/transaction_fifo_0/memory_reg[31][2]_srl32 due to none static srl address bits
WARNING: [Opt 31-1131] Can not pull register out from crypto_soc_artyz7_i/ps7_0_axi_periph/s00_couplers/auto_pc/inst/gen_axilite.gen_b2s_conv.axilite_b2s/RD.r_channel_0/transaction_fifo_0/memory_reg[31][3]_srl32 due to none static srl address bits
WARNING: [Opt 31-1131] Can not pull register out from crypto_soc_artyz7_i/ps7_0_axi_periph/s00_couplers/auto_pc/inst/gen_axilite.gen_b2s_conv.axilite_b2s/RD.r_channel_0/transaction_fifo_0/memory_reg[31][4]_srl32 due to none static srl address bits
WARNING: [Opt 31-1131] Can not pull register out from crypto_soc_artyz7_i/ps7_0_axi_periph/s00_couplers/auto_pc/inst/gen_axilite.gen_b2s_conv.axilite_b2s/RD.r_channel_0/transaction_fifo_0/memory_reg[31][5]_srl32 due to none static srl address bits
WARNING: [Opt 31-1131] Can not pull register out from crypto_soc_artyz7_i/ps7_0_axi_periph/s00_couplers/auto_pc/inst/gen_axilite.gen_b2s_conv.axilite_b2s/RD.r_channel_0/transaction_fifo_0/memory_reg[31][6]_srl32 due to none static srl address bits
WARNING: [Opt 31-1131] Can not pull register out from crypto_soc_artyz7_i/ps7_0_axi_periph/s00_couplers/auto_pc/inst/gen_axilite.gen_b2s_conv.axilite_b2s/RD.r_channel_0/transaction_fifo_0/memory_reg[31][7]_srl32 due to none static srl address bits
WARNING: [Opt 31-1131] Can not pull register out from crypto_soc_artyz7_i/ps7_0_axi_periph/s00_couplers/auto_pc/inst/gen_axilite.gen_b2s_conv.axilite_b2s/RD.r_channel_0/transaction_fifo_0/memory_reg[31][8]_srl32 due to none static srl address bits
WARNING: [Opt 31-1131] Can not pull register out from crypto_soc_artyz7_i/ps7_0_axi_periph/s00_couplers/auto_pc/inst/gen_axilite.gen_b2s_conv.axilite_b2s/RD.r_channel_0/transaction_fifo_0/memory_reg[31][9]_srl32 due to none static srl address bits
WARNING: [Opt 31-1131] Can not pull register out from crypto_soc_artyz7_i/ps7_0_axi_periph/s00_couplers/auto_pc/inst/gen_axilite.gen_b2s_conv.axilite_b2s/WR.b_channel_0/bid_fifo_0/memory_reg[3][0]_srl4 due to none static srl address bits
WARNING: [Opt 31-1131] Can not pull register out from crypto_soc_artyz7_i/ps7_0_axi_periph/s00_couplers/auto_pc/inst/gen_axilite.gen_b2s_conv.axilite_b2s/WR.b_channel_0/bid_fifo_0/memory_reg[3][10]_srl4 due to none static srl address bits
WARNING: [Opt 31-1131] Can not pull register out from crypto_soc_artyz7_i/ps7_0_axi_periph/s00_couplers/auto_pc/inst/gen_axilite.gen_b2s_conv.axilite_b2s/WR.b_channel_0/bid_fifo_0/memory_reg[3][11]_srl4 due to none static srl address bits
WARNING: [Opt 31-1131] Can not pull register out from crypto_soc_artyz7_i/ps7_0_axi_periph/s00_couplers/auto_pc/inst/gen_axilite.gen_b2s_conv.axilite_b2s/WR.b_channel_0/bid_fifo_0/memory_reg[3][12]_srl4 due to none static srl address bits
WARNING: [Opt 31-1131] Can not pull register out from crypto_soc_artyz7_i/ps7_0_axi_periph/s00_couplers/auto_pc/inst/gen_axilite.gen_b2s_conv.axilite_b2s/WR.b_channel_0/bid_fifo_0/memory_reg[3][13]_srl4 due to none static srl address bits
WARNING: [Opt 31-1131] Can not pull register out from crypto_soc_artyz7_i/ps7_0_axi_periph/s00_couplers/auto_pc/inst/gen_axilite.gen_b2s_conv.axilite_b2s/WR.b_channel_0/bid_fifo_0/memory_reg[3][14]_srl4 due to none static srl address bits
WARNING: [Opt 31-1131] Can not pull register out from crypto_soc_artyz7_i/ps7_0_axi_periph/s00_couplers/auto_pc/inst/gen_axilite.gen_b2s_conv.axilite_b2s/WR.b_channel_0/bid_fifo_0/memory_reg[3][15]_srl4 due to none static srl address bits
WARNING: [Opt 31-1131] Can not pull register out from crypto_soc_artyz7_i/ps7_0_axi_periph/s00_couplers/auto_pc/inst/gen_axilite.gen_b2s_conv.axilite_b2s/WR.b_channel_0/bid_fifo_0/memory_reg[3][16]_srl4 due to none static srl address bits
WARNING: [Opt 31-1131] Can not pull register out from crypto_soc_artyz7_i/ps7_0_axi_periph/s00_couplers/auto_pc/inst/gen_axilite.gen_b2s_conv.axilite_b2s/WR.b_channel_0/bid_fifo_0/memory_reg[3][17]_srl4 due to none static srl address bits
WARNING: [Opt 31-1131] Can not pull register out from crypto_soc_artyz7_i/ps7_0_axi_periph/s00_couplers/auto_pc/inst/gen_axilite.gen_b2s_conv.axilite_b2s/WR.b_channel_0/bid_fifo_0/memory_reg[3][18]_srl4 due to none static srl address bits
WARNING: [Opt 31-1131] Can not pull register out from crypto_soc_artyz7_i/ps7_0_axi_periph/s00_couplers/auto_pc/inst/gen_axilite.gen_b2s_conv.axilite_b2s/WR.b_channel_0/bid_fifo_0/memory_reg[3][19]_srl4 due to none static srl address bits
WARNING: [Opt 31-1131] Can not pull register out from crypto_soc_artyz7_i/ps7_0_axi_periph/s00_couplers/auto_pc/inst/gen_axilite.gen_b2s_conv.axilite_b2s/WR.b_channel_0/bid_fifo_0/memory_reg[3][1]_srl4 due to none static srl address bits
WARNING: [Opt 31-1131] Can not pull register out from crypto_soc_artyz7_i/ps7_0_axi_periph/s00_couplers/auto_pc/inst/gen_axilite.gen_b2s_conv.axilite_b2s/WR.b_channel_0/bid_fifo_0/memory_reg[3][2]_srl4 due to none static srl address bits
WARNING: [Opt 31-1131] Can not pull register out from crypto_soc_artyz7_i/ps7_0_axi_periph/s00_couplers/auto_pc/inst/gen_axilite.gen_b2s_conv.axilite_b2s/WR.b_channel_0/bid_fifo_0/memory_reg[3][3]_srl4 due to none static srl address bits
WARNING: [Opt 31-1131] Can not pull register out from crypto_soc_artyz7_i/ps7_0_axi_periph/s00_couplers/auto_pc/inst/gen_axilite.gen_b2s_conv.axilite_b2s/WR.b_channel_0/bid_fifo_0/memory_reg[3][8]_srl4 due to none static srl address bits
WARNING: [Opt 31-1131] Can not pull register out from crypto_soc_artyz7_i/ps7_0_axi_periph/s00_couplers/auto_pc/inst/gen_axilite.gen_b2s_conv.axilite_b2s/WR.b_channel_0/bid_fifo_0/memory_reg[3][9]_srl4 due to none static srl address bits
WARNING: [Opt 31-1131] Can not pull register out from crypto_soc_artyz7_i/ps7_0_axi_periph/s00_couplers/auto_pc/inst/gen_axilite.gen_b2s_conv.axilite_b2s/WR.b_channel_0/bresp_fifo_0/memory_reg[3][0]_srl4 due to none static srl address bits
WARNING: [Opt 31-1131] Can not pull register out from crypto_soc_artyz7_i/ps7_0_axi_periph/s00_couplers/auto_pc/inst/gen_axilite.gen_b2s_conv.axilite_b2s/WR.b_channel_0/bresp_fifo_0/memory_reg[3][1]_srl4 due to none static srl address bits
WARNING: [Opt 31-1131] Can not pull register out from crypto_soc_artyz7_i/axi_dma_0/U0/I_PRMRY_DATAMOVER/GEN_MM2S_FULL.I_MM2S_FULL_WRAPPER/I_ADDR_CNTL/GEN_ADDR_FIFO.I_ADDR_QUAL_FIFO/USE_SRL_FIFO.I_SYNC_FIFO/I_SRL_FIFO_RBU_F/DYNSHREG_F_I/INFERRED_GEN.data_reg[3][11]_srl4 due to none static srl address bits
WARNING: [Opt 31-1131] Can not pull register out from crypto_soc_artyz7_i/axi_dma_0/U0/I_PRMRY_DATAMOVER/GEN_MM2S_FULL.I_MM2S_FULL_WRAPPER/I_ADDR_CNTL/GEN_ADDR_FIFO.I_ADDR_QUAL_FIFO/USE_SRL_FIFO.I_SYNC_FIFO/I_SRL_FIFO_RBU_F/DYNSHREG_F_I/INFERRED_GEN.data_reg[3][12]_srl4 due to none static srl address bits
WARNING: [Opt 31-1131] Can not pull register out from crypto_soc_artyz7_i/axi_dma_0/U0/I_PRMRY_DATAMOVER/GEN_MM2S_FULL.I_MM2S_FULL_WRAPPER/I_ADDR_CNTL/GEN_ADDR_FIFO.I_ADDR_QUAL_FIFO/USE_SRL_FIFO.I_SYNC_FIFO/I_SRL_FIFO_RBU_F/DYNSHREG_F_I/INFERRED_GEN.data_reg[3][14]_srl4 due to none static srl address bits
WARNING: [Opt 31-1131] Can not pull register out from crypto_soc_artyz7_i/axi_dma_0/U0/I_PRMRY_DATAMOVER/GEN_MM2S_FULL.I_MM2S_FULL_WRAPPER/I_ADDR_CNTL/GEN_ADDR_FIFO.I_ADDR_QUAL_FIFO/USE_SRL_FIFO.I_SYNC_FIFO/I_SRL_FIFO_RBU_F/DYNSHREG_F_I/INFERRED_GEN.data_reg[3][22]_srl4 due to none static srl address bits
WARNING: [Opt 31-1131] Can not pull register out from crypto_soc_artyz7_i/axi_dma_0/U0/I_PRMRY_DATAMOVER/GEN_MM2S_FULL.I_MM2S_FULL_WRAPPER/I_ADDR_CNTL/GEN_ADDR_FIFO.I_ADDR_QUAL_FIFO/USE_SRL_FIFO.I_SYNC_FIFO/I_SRL_FIFO_RBU_F/DYNSHREG_F_I/INFERRED_GEN.data_reg[3][23]_srl4 due to none static srl address bits
WARNING: [Opt 31-1131] Can not pull register out from crypto_soc_artyz7_i/axi_dma_0/U0/I_PRMRY_DATAMOVER/GEN_MM2S_FULL.I_MM2S_FULL_WRAPPER/I_ADDR_CNTL/GEN_ADDR_FIFO.I_ADDR_QUAL_FIFO/USE_SRL_FIFO.I_SYNC_FIFO/I_SRL_FIFO_RBU_F/DYNSHREG_F_I/INFERRED_GEN.data_reg[3][24]_srl4 due to none static srl address bits
WARNING: [Opt 31-1131] Can not pull register out from crypto_soc_artyz7_i/axi_dma_0/U0/I_PRMRY_DATAMOVER/GEN_MM2S_FULL.I_MM2S_FULL_WRAPPER/I_ADDR_CNTL/GEN_ADDR_FIFO.I_ADDR_QUAL_FIFO/USE_SRL_FIFO.I_SYNC_FIFO/I_SRL_FIFO_RBU_F/DYNSHREG_F_I/INFERRED_GEN.data_reg[3][25]_srl4 due to none static srl address bits
WARNING: [Opt 31-1131] Can not pull register out from crypto_soc_artyz7_i/axi_dma_0/U0/I_PRMRY_DATAMOVER/GEN_MM2S_FULL.I_MM2S_FULL_WRAPPER/I_ADDR_CNTL/GEN_ADDR_FIFO.I_ADDR_QUAL_FIFO/USE_SRL_FIFO.I_SYNC_FIFO/I_SRL_FIFO_RBU_F/DYNSHREG_F_I/INFERRED_GEN.data_reg[3][26]_srl4 due to none static srl address bits
WARNING: [Opt 31-1131] Can not pull register out from crypto_soc_artyz7_i/axi_dma_0/U0/I_PRMRY_DATAMOVER/GEN_MM2S_FULL.I_MM2S_FULL_WRAPPER/I_ADDR_CNTL/GEN_ADDR_FIFO.I_ADDR_QUAL_FIFO/USE_SRL_FIFO.I_SYNC_FIFO/I_SRL_FIFO_RBU_F/DYNSHREG_F_I/INFERRED_GEN.data_reg[3][27]_srl4 due to none static srl address bits
WARNING: [Opt 31-1131] Can not pull register out from crypto_soc_artyz7_i/axi_dma_0/U0/I_PRMRY_DATAMOVER/GEN_MM2S_FULL.I_MM2S_FULL_WRAPPER/I_ADDR_CNTL/GEN_ADDR_FIFO.I_ADDR_QUAL_FIFO/USE_SRL_FIFO.I_SYNC_FIFO/I_SRL_FIFO_RBU_F/DYNSHREG_F_I/INFERRED_GEN.data_reg[3][28]_srl4 due to none static srl address bits
WARNING: [Opt 31-1131] Can not pull register out from crypto_soc_artyz7_i/axi_dma_0/U0/I_PRMRY_DATAMOVER/GEN_MM2S_FULL.I_MM2S_FULL_WRAPPER/I_ADDR_CNTL/GEN_ADDR_FIFO.I_ADDR_QUAL_FIFO/USE_SRL_FIFO.I_SYNC_FIFO/I_SRL_FIFO_RBU_F/DYNSHREG_F_I/INFERRED_GEN.data_reg[3][29]_srl4 due to none static srl address bits
WARNING: [Opt 31-1131] Can not pull register out from crypto_soc_artyz7_i/axi_dma_0/U0/I_PRMRY_DATAMOVER/GEN_MM2S_FULL.I_MM2S_FULL_WRAPPER/I_ADDR_CNTL/GEN_ADDR_FIFO.I_ADDR_QUAL_FIFO/USE_SRL_FIFO.I_SYNC_FIFO/I_SRL_FIFO_RBU_F/DYNSHREG_F_I/INFERRED_GEN.data_reg[3][30]_srl4 due to none static srl address bits
WARNING: [Opt 31-1131] Can not pull register out from crypto_soc_artyz7_i/axi_dma_0/U0/I_PRMRY_DATAMOVER/GEN_MM2S_FULL.I_MM2S_FULL_WRAPPER/I_ADDR_CNTL/GEN_ADDR_FIFO.I_ADDR_QUAL_FIFO/USE_SRL_FIFO.I_SYNC_FIFO/I_SRL_FIFO_RBU_F/DYNSHREG_F_I/INFERRED_GEN.data_reg[3][31]_srl4 due to none static srl address bits
WARNING: [Opt 31-1131] Can not pull register out from crypto_soc_artyz7_i/axi_dma_0/U0/I_PRMRY_DATAMOVER/GEN_MM2S_FULL.I_MM2S_FULL_WRAPPER/I_ADDR_CNTL/GEN_ADDR_FIFO.I_ADDR_QUAL_FIFO/USE_SRL_FIFO.I_SYNC_FIFO/I_SRL_FIFO_RBU_F/DYNSHREG_F_I/INFERRED_GEN.data_reg[3][32]_srl4 due to none static srl address bits
WARNING: [Opt 31-1131] Can not pull register out from crypto_soc_artyz7_i/axi_dma_0/U0/I_PRMRY_DATAMOVER/GEN_MM2S_FULL.I_MM2S_FULL_WRAPPER/I_ADDR_CNTL/GEN_ADDR_FIFO.I_ADDR_QUAL_FIFO/USE_SRL_FIFO.I_SYNC_FIFO/I_SRL_FIFO_RBU_F/DYNSHREG_F_I/INFERRED_GEN.data_reg[3][33]_srl4 due to none static srl address bits
WARNING: [Opt 31-1131] Can not pull register out from crypto_soc_artyz7_i/axi_dma_0/U0/I_PRMRY_DATAMOVER/GEN_MM2S_FULL.I_MM2S_FULL_WRAPPER/I_ADDR_CNTL/GEN_ADDR_FIFO.I_ADDR_QUAL_FIFO/USE_SRL_FIFO.I_SYNC_FIFO/I_SRL_FIFO_RBU_F/DYNSHREG_F_I/INFERRED_GEN.data_reg[3][34]_srl4 due to none static srl address bits
WARNING: [Opt 31-1131] Can not pull register out from crypto_soc_artyz7_i/axi_dma_0/U0/I_PRMRY_DATAMOVER/GEN_MM2S_FULL.I_MM2S_FULL_WRAPPER/I_ADDR_CNTL/GEN_ADDR_FIFO.I_ADDR_QUAL_FIFO/USE_SRL_FIFO.I_SYNC_FIFO/I_SRL_FIFO_RBU_F/DYNSHREG_F_I/INFERRED_GEN.data_reg[3][35]_srl4 due to none static srl address bits
WARNING: [Opt 31-1131] Can not pull register out from crypto_soc_artyz7_i/axi_dma_0/U0/I_PRMRY_DATAMOVER/GEN_MM2S_FULL.I_MM2S_FULL_WRAPPER/I_ADDR_CNTL/GEN_ADDR_FIFO.I_ADDR_QUAL_FIFO/USE_SRL_FIFO.I_SYNC_FIFO/I_SRL_FIFO_RBU_F/DYNSHREG_F_I/INFERRED_GEN.data_reg[3][36]_srl4 due to none static srl address bits
WARNING: [Opt 31-1131] Can not pull register out from crypto_soc_artyz7_i/axi_dma_0/U0/I_PRMRY_DATAMOVER/GEN_MM2S_FULL.I_MM2S_FULL_WRAPPER/I_ADDR_CNTL/GEN_ADDR_FIFO.I_ADDR_QUAL_FIFO/USE_SRL_FIFO.I_SYNC_FIFO/I_SRL_FIFO_RBU_F/DYNSHREG_F_I/INFERRED_GEN.data_reg[3][37]_srl4 due to none static srl address bits
WARNING: [Opt 31-1131] Can not pull register out from crypto_soc_artyz7_i/axi_dma_0/U0/I_PRMRY_DATAMOVER/GEN_MM2S_FULL.I_MM2S_FULL_WRAPPER/I_ADDR_CNTL/GEN_ADDR_FIFO.I_ADDR_QUAL_FIFO/USE_SRL_FIFO.I_SYNC_FIFO/I_SRL_FIFO_RBU_F/DYNSHREG_F_I/INFERRED_GEN.data_reg[3][38]_srl4 due to none static srl address bits
WARNING: [Opt 31-1131] Can not pull register out from crypto_soc_artyz7_i/axi_dma_0/U0/I_PRMRY_DATAMOVER/GEN_MM2S_FULL.I_MM2S_FULL_WRAPPER/I_ADDR_CNTL/GEN_ADDR_FIFO.I_ADDR_QUAL_FIFO/USE_SRL_FIFO.I_SYNC_FIFO/I_SRL_FIFO_RBU_F/DYNSHREG_F_I/INFERRED_GEN.data_reg[3][39]_srl4 due to none static srl address bits
WARNING: [Opt 31-1131] Can not pull register out from crypto_soc_artyz7_i/axi_dma_0/U0/I_PRMRY_DATAMOVER/GEN_MM2S_FULL.I_MM2S_FULL_WRAPPER/I_ADDR_CNTL/GEN_ADDR_FIFO.I_ADDR_QUAL_FIFO/USE_SRL_FIFO.I_SYNC_FIFO/I_SRL_FIFO_RBU_F/DYNSHREG_F_I/INFERRED_GEN.data_reg[3][40]_srl4 due to none static srl address bits
WARNING: [Opt 31-1131] Can not pull register out from crypto_soc_artyz7_i/axi_dma_0/U0/I_PRMRY_DATAMOVER/GEN_MM2S_FULL.I_MM2S_FULL_WRAPPER/I_ADDR_CNTL/GEN_ADDR_FIFO.I_ADDR_QUAL_FIFO/USE_SRL_FIFO.I_SYNC_FIFO/I_SRL_FIFO_RBU_F/DYNSHREG_F_I/INFERRED_GEN.data_reg[3][41]_srl4 due to none static srl address bits
WARNING: [Opt 31-1131] Can not pull register out from crypto_soc_artyz7_i/axi_dma_0/U0/I_PRMRY_DATAMOVER/GEN_MM2S_FULL.I_MM2S_FULL_WRAPPER/I_ADDR_CNTL/GEN_ADDR_FIFO.I_ADDR_QUAL_FIFO/USE_SRL_FIFO.I_SYNC_FIFO/I_SRL_FIFO_RBU_F/DYNSHREG_F_I/INFERRED_GEN.data_reg[3][42]_srl4 due to none static srl address bits
WARNING: [Opt 31-1131] Can not pull register out from crypto_soc_artyz7_i/axi_dma_0/U0/I_PRMRY_DATAMOVER/GEN_MM2S_FULL.I_MM2S_FULL_WRAPPER/I_ADDR_CNTL/GEN_ADDR_FIFO.I_ADDR_QUAL_FIFO/USE_SRL_FIFO.I_SYNC_FIFO/I_SRL_FIFO_RBU_F/DYNSHREG_F_I/INFERRED_GEN.data_reg[3][43]_srl4 due to none static srl address bits
WARNING: [Opt 31-1131] Can not pull register out from crypto_soc_artyz7_i/axi_dma_0/U0/I_PRMRY_DATAMOVER/GEN_MM2S_FULL.I_MM2S_FULL_WRAPPER/I_ADDR_CNTL/GEN_ADDR_FIFO.I_ADDR_QUAL_FIFO/USE_SRL_FIFO.I_SYNC_FIFO/I_SRL_FIFO_RBU_F/DYNSHREG_F_I/INFERRED_GEN.data_reg[3][44]_srl4 due to none static srl address bits
WARNING: [Opt 31-1131] Can not pull register out from crypto_soc_artyz7_i/axi_dma_0/U0/I_PRMRY_DATAMOVER/GEN_MM2S_FULL.I_MM2S_FULL_WRAPPER/I_ADDR_CNTL/GEN_ADDR_FIFO.I_ADDR_QUAL_FIFO/USE_SRL_FIFO.I_SYNC_FIFO/I_SRL_FIFO_RBU_F/DYNSHREG_F_I/INFERRED_GEN.data_reg[3][45]_srl4 due to none static srl address bits
WARNING: [Opt 31-1131] Can not pull register out from crypto_soc_artyz7_i/axi_dma_0/U0/I_PRMRY_DATAMOVER/GEN_MM2S_FULL.I_MM2S_FULL_WRAPPER/I_ADDR_CNTL/GEN_ADDR_FIFO.I_ADDR_QUAL_FIFO/USE_SRL_FIFO.I_SYNC_FIFO/I_SRL_FIFO_RBU_F/DYNSHREG_F_I/INFERRED_GEN.data_reg[3][46]_srl4 due to none static srl address bits
WARNING: [Opt 31-1131] Can not pull register out from crypto_soc_artyz7_i/axi_dma_0/U0/I_PRMRY_DATAMOVER/GEN_MM2S_FULL.I_MM2S_FULL_WRAPPER/I_ADDR_CNTL/GEN_ADDR_FIFO.I_ADDR_QUAL_FIFO/USE_SRL_FIFO.I_SYNC_FIFO/I_SRL_FIFO_RBU_F/DYNSHREG_F_I/INFERRED_GEN.data_reg[3][47]_srl4 due to none static srl address bits
WARNING: [Opt 31-1131] Can not pull register out from crypto_soc_artyz7_i/axi_dma_0/U0/I_PRMRY_DATAMOVER/GEN_MM2S_FULL.I_MM2S_FULL_WRAPPER/I_ADDR_CNTL/GEN_ADDR_FIFO.I_ADDR_QUAL_FIFO/USE_SRL_FIFO.I_SYNC_FIFO/I_SRL_FIFO_RBU_F/DYNSHREG_F_I/INFERRED_GEN.data_reg[3][48]_srl4 due to none static srl address bits
WARNING: [Opt 31-1131] Can not pull register out from crypto_soc_artyz7_i/axi_dma_0/U0/I_PRMRY_DATAMOVER/GEN_MM2S_FULL.I_MM2S_FULL_WRAPPER/I_ADDR_CNTL/GEN_ADDR_FIFO.I_ADDR_QUAL_FIFO/USE_SRL_FIFO.I_SYNC_FIFO/I_SRL_FIFO_RBU_F/DYNSHREG_F_I/INFERRED_GEN.data_reg[3][49]_srl4 due to none static srl address bits
WARNING: [Opt 31-1131] Can not pull register out from crypto_soc_artyz7_i/axi_dma_0/U0/I_PRMRY_DATAMOVER/GEN_MM2S_FULL.I_MM2S_FULL_WRAPPER/I_ADDR_CNTL/GEN_ADDR_FIFO.I_ADDR_QUAL_FIFO/USE_SRL_FIFO.I_SYNC_FIFO/I_SRL_FIFO_RBU_F/DYNSHREG_F_I/INFERRED_GEN.data_reg[3][50]_srl4 due to none static srl address bits
INFO: [Common 17-14] Message 'Opt 31-1131' appears 100 times and further instances of the messages will be disabled. Use the Tcl command set_msg_config to change the current settings.
INFO: [Opt 31-1064] SRL Remap converted 0 SRLs to 0 registers and converted 0 registers of register chains to 0 SRLs
Phase 7 Shift Register Optimization | Checksum: 13fcdac08

Time (s): cpu = 00:00:06 ; elapsed = 00:00:04 . Memory (MB): peak = 2965.727 ; gain = 0.000 ; free physical = 276 ; free virtual = 3856
Shift Register Optimization | Checksum: 13fcdac08
INFO: [Opt 31-389] Phase Shift Register Optimization created 0 cells and removed 0 cells

Phase 8 Post Processing Netlist
Phase 8 Post Processing Netlist | Checksum: 1ef6c9f59

Time (s): cpu = 00:00:06 ; elapsed = 00:00:04 . Memory (MB): peak = 2965.727 ; gain = 0.000 ; free physical = 275 ; free virtual = 3856
Post Processing Netlist | Checksum: 1ef6c9f59
INFO: [Opt 31-389] Phase Post Processing Netlist created 0 cells and removed 0 cells
INFO: [Opt 31-1021] In phase Post Processing Netlist, 77 netlist objects are constrained preventing optimization. Please run opt_design with -debug_log to get more detail. 

Phase 9 Finalization

Phase 9.1 Finalizing Design Cores and Updating Shapes
Phase 9.1 Finalizing Design Cores and Updating Shapes | Checksum: 1f7c7779c

Time (s): cpu = 00:00:07 ; elapsed = 00:00:05 . Memory (MB): peak = 2965.727 ; gain = 0.000 ; free physical = 278 ; free virtual = 3857

Phase 9.2 Verifying Netlist Connectivity

Starting Connectivity Check Task

Time (s): cpu = 00:00:00.06 ; elapsed = 00:00:00.05 . Memory (MB): peak = 2965.727 ; gain = 0.000 ; free physical = 278 ; free virtual = 3857
Phase 9.2 Verifying Netlist Connectivity | Checksum: 1f7c7779c

Time (s): cpu = 00:00:07 ; elapsed = 00:00:05 . Memory (MB): peak = 2965.727 ; gain = 0.000 ; free physical = 278 ; free virtual = 3857
Phase 9 Finalization | Checksum: 1f7c7779c

Time (s): cpu = 00:00:07 ; elapsed = 00:00:05 . Memory (MB): peak = 2965.727 ; gain = 0.000 ; free physical = 278 ; free virtual = 3857
Opt_design Change Summary
=========================


-------------------------------------------------------------------------------------------------------------------------
|  Phase                        |  #Cells created  |  #Cells Removed  |  #Constrained objects preventing optimizations  |
-------------------------------------------------------------------------------------------------------------------------
|  Retarget                     |             894  |             985  |                                             63  |
|  Constant propagation         |             780  |            1297  |                                             63  |
|  Sweep                        |               0  |            1361  |                                            225  |
|  BUFG optimization            |               0  |               0  |                                              0  |
|  Shift Register Optimization  |               0  |               0  |                                              0  |
|  Post Processing Netlist      |               0  |               0  |                                             77  |
-------------------------------------------------------------------------------------------------------------------------


Ending Logic Optimization Task | Checksum: 1f7c7779c

Time (s): cpu = 00:00:07 ; elapsed = 00:00:05 . Memory (MB): peak = 2965.727 ; gain = 0.000 ; free physical = 278 ; free virtual = 3857
INFO: [Constraints 18-11670] Building netlist checker database with flags, 0x8
Done building netlist checker database: Time (s): cpu = 00:00:00.01 ; elapsed = 00:00:00.01 . Memory (MB): peak = 2965.727 ; gain = 0.000 ; free physical = 278 ; free virtual = 3857

Starting Power Optimization Task
INFO: [Pwropt 34-132] Skipping clock gating for clocks with a period < 2.00 ns.
INFO: [Timing 38-35] Done setting XDC timing constraints.
Running Vector-less Activity Propagation...
INFO: [Pwropt 34-9] Applying IDT optimizations ...
INFO: [Pwropt 34-10] Applying ODC optimizations ...

Finished Running Vector-less Activity Propagation


Starting PowerOpt Patch Enables Task
INFO: [Pwropt 34-162] WRITE_MODE attribute of 0 BRAM(s) out of a total of 106 has been updated to save power. Run report_power_opt to get a complete listing of the BRAMs updated.
INFO: [Pwropt 34-201] Structural ODC has moved 2 WE to EN ports
Number of BRAM Ports augmented: 207 newly gated: 2 Total Ports: 212
Ending PowerOpt Patch Enables Task | Checksum: 1e4784ea5

Time (s): cpu = 00:00:00.45 ; elapsed = 00:00:00.35 . Memory (MB): peak = 3428.320 ; gain = 0.000 ; free physical = 169 ; free virtual = 3618
Ending Power Optimization Task | Checksum: 1e4784ea5

Time (s): cpu = 00:00:19 ; elapsed = 00:00:09 . Memory (MB): peak = 3428.320 ; gain = 462.594 ; free physical = 169 ; free virtual = 3618

Starting Final Cleanup Task

Starting Logic Optimization Task
INFO: [Timing 38-35] Done setting XDC timing constraints.
Ending Logic Optimization Task | Checksum: 19e914129

Time (s): cpu = 00:00:06 ; elapsed = 00:00:02 . Memory (MB): peak = 3428.320 ; gain = 0.000 ; free physical = 157 ; free virtual = 3607
INFO: [Constraints 18-11670] Building netlist checker database with flags, 0x8
Done building netlist checker database: Time (s): cpu = 00:00:00.01 ; elapsed = 00:00:00.02 . Memory (MB): peak = 3428.320 ; gain = 0.000 ; free physical = 157 ; free virtual = 3607
Ending Final Cleanup Task | Checksum: 19e914129

Time (s): cpu = 00:00:08 ; elapsed = 00:00:04 . Memory (MB): peak = 3428.320 ; gain = 0.000 ; free physical = 157 ; free virtual = 3607

Starting Netlist Obfuscation Task
Netlist sorting complete. Time (s): cpu = 00:00:00 ; elapsed = 00:00:00.01 . Memory (MB): peak = 3428.320 ; gain = 0.000 ; free physical = 157 ; free virtual = 3607
Ending Netlist Obfuscation Task | Checksum: 19e914129

Time (s): cpu = 00:00:00.01 ; elapsed = 00:00:00.02 . Memory (MB): peak = 3428.320 ; gain = 0.000 ; free physical = 157 ; free virtual = 3607
INFO: [Common 17-83] Releasing license: Implementation
52 Infos, 119 Warnings, 0 Critical Warnings and 0 Errors encountered.
opt_design completed successfully
opt_design: Time (s): cpu = 00:00:41 ; elapsed = 00:00:22 . Memory (MB): peak = 3428.320 ; gain = 604.434 ; free physical = 157 ; free virtual = 3607
INFO: [runtcl-4] Executing : report_drc -file crypto_soc_artyz7_wrapper_drc_opted.rpt -pb crypto_soc_artyz7_wrapper_drc_opted.pb -rpx crypto_soc_artyz7_wrapper_drc_opted.rpx
Command: report_drc -file crypto_soc_artyz7_wrapper_drc_opted.rpt -pb crypto_soc_artyz7_wrapper_drc_opted.pb -rpx crypto_soc_artyz7_wrapper_drc_opted.rpx
INFO: [IP_Flow 19-1839] IP Catalog is up to date.
INFO: [DRC 23-27] Running DRC with 8 threads
INFO: [Vivado_Tcl 2-168] The results of DRC are in file /home/vinhphat-josh/Repos/Chaos_Based_Symmetric_Image_Encryption/vivado/Chaos_Based_Symmetric_Image_Encryptio_arty_z7/Chaos_Based_Symmetric_Image_Encryptio_arty_z7.runs/impl_1/crypto_soc_artyz7_wrapper_drc_opted.rpt.
report_drc completed successfully
INFO: [Timing 38-480] Writing timing data to binary archive.
Wrote PlaceDB: Time (s): cpu = 00:00:00.07 ; elapsed = 00:00:00.01 . Memory (MB): peak = 3428.320 ; gain = 0.000 ; free physical = 154 ; free virtual = 3605
Wrote PulsedLatchDB: Time (s): cpu = 00:00:00 ; elapsed = 00:00:00 . Memory (MB): peak = 3428.320 ; gain = 0.000 ; free physical = 154 ; free virtual = 3605
Writing XDEF routing.
Writing XDEF routing logical nets.
Write ShapeDB Complete: Time (s): cpu = 00:00:00.46 ; elapsed = 00:00:00.1 . Memory (MB): peak = 3428.320 ; gain = 0.000 ; free physical = 149 ; free virtual = 3605
Writing XDEF routing special nets.
Wrote RouteStorage: Time (s): cpu = 00:00:00.55 ; elapsed = 00:00:00.12 . Memory (MB): peak = 3428.320 ; gain = 0.000 ; free physical = 149 ; free virtual = 3605
Wrote Netlist Cache: Time (s): cpu = 00:00:00 ; elapsed = 00:00:00 . Memory (MB): peak = 3428.320 ; gain = 0.000 ; free physical = 149 ; free virtual = 3605
Wrote Device Cache: Time (s): cpu = 00:00:00.03 ; elapsed = 00:00:00.01 . Memory (MB): peak = 3428.320 ; gain = 0.000 ; free physical = 148 ; free virtual = 3606
Write Physdb Complete: Time (s): cpu = 00:00:00.66 ; elapsed = 00:00:00.15 . Memory (MB): peak = 3428.320 ; gain = 0.000 ; free physical = 148 ; free virtual = 3606
INFO: [Common 17-1381] The checkpoint '/home/vinhphat-josh/Repos/Chaos_Based_Symmetric_Image_Encryption/vivado/Chaos_Based_Symmetric_Image_Encryptio_arty_z7/Chaos_Based_Symmetric_Image_Encryptio_arty_z7.runs/impl_1/crypto_soc_artyz7_wrapper_opt.dcp' has been generated.
Command: place_design
Attempting to get a license for feature 'Implementation' and/or device 'xc7z020'
INFO: [Common 17-349] Got license for feature 'Implementation' and/or device 'xc7z020'
INFO: [Common 17-83] Releasing license: Implementation
INFO: [DRC 23-27] Running DRC with 8 threads
INFO: [Vivado_Tcl 4-198] DRC finished with 0 Errors
INFO: [Vivado_Tcl 4-199] Please refer to the DRC report (report_drc) for more information.
Running DRC as a precondition to command place_design
INFO: [DRC 23-27] Running DRC with 8 threads
INFO: [Vivado_Tcl 4-198] DRC finished with 0 Errors, 21 Warnings, 15 Advisories
INFO: [Vivado_Tcl 4-199] Please refer to the DRC report (report_drc) for more information.
INFO: [Place 30-611] Multithreading enabled for place_design using a maximum of 8 CPUs

Starting Placer Task

Phase 1 Placer Initialization

Phase 1.1 Placer Initialization Netlist Sorting
Netlist sorting complete. Time (s): cpu = 00:00:00.01 ; elapsed = 00:00:00.01 . Memory (MB): peak = 3428.320 ; gain = 0.000 ; free physical = 166 ; free virtual = 3555
Phase 1.1 Placer Initialization Netlist Sorting | Checksum: e3f9086d

Time (s): cpu = 00:00:00.02 ; elapsed = 00:00:00.03 . Memory (MB): peak = 3428.320 ; gain = 0.000 ; free physical = 166 ; free virtual = 3555
Netlist sorting complete. Time (s): cpu = 00:00:00.01 ; elapsed = 00:00:00.01 . Memory (MB): peak = 3428.320 ; gain = 0.000 ; free physical = 166 ; free virtual = 3555

Phase 1.2 IO Placement/ Clock Placement/ Build Placer Device
INFO: [Timing 38-35] Done setting XDC timing constraints.
Phase 1.2 IO Placement/ Clock Placement/ Build Placer Device | Checksum: 0407698f

Time (s): cpu = 00:00:06 ; elapsed = 00:00:03 . Memory (MB): peak = 3428.320 ; gain = 0.000 ; free physical = 164 ; free virtual = 3557

Phase 1.3 Build Placer Netlist Model
Phase 1.3 Build Placer Netlist Model | Checksum: dccb81a4

Time (s): cpu = 00:00:19 ; elapsed = 00:00:08 . Memory (MB): peak = 3428.320 ; gain = 0.000 ; free physical = 154 ; free virtual = 3555

Phase 1.4 Constrain Clocks/Macros
Phase 1.4 Constrain Clocks/Macros | Checksum: dccb81a4

Time (s): cpu = 00:00:19 ; elapsed = 00:00:08 . Memory (MB): peak = 3428.320 ; gain = 0.000 ; free physical = 154 ; free virtual = 3555
Phase 1 Placer Initialization | Checksum: dccb81a4

Time (s): cpu = 00:00:19 ; elapsed = 00:00:08 . Memory (MB): peak = 3428.320 ; gain = 0.000 ; free physical = 154 ; free virtual = 3556

Phase 2 Global Placement

Phase 2.1 Floorplanning
Phase 2.1 Floorplanning | Checksum: 10c531ee2

Time (s): cpu = 00:00:24 ; elapsed = 00:00:09 . Memory (MB): peak = 3428.320 ; gain = 0.000 ; free physical = 212 ; free virtual = 3567

Phase 2.2 Update Timing before SLR Path Opt
Phase 2.2 Update Timing before SLR Path Opt | Checksum: a4e55e4f

Time (s): cpu = 00:00:28 ; elapsed = 00:00:10 . Memory (MB): peak = 3428.320 ; gain = 0.000 ; free physical = 209 ; free virtual = 3565

Phase 2.3 Post-Processing in Floorplanning
Phase 2.3 Post-Processing in Floorplanning | Checksum: a4e55e4f

Time (s): cpu = 00:00:28 ; elapsed = 00:00:10 . Memory (MB): peak = 3428.320 ; gain = 0.000 ; free physical = 209 ; free virtual = 3565

Phase 2.4 Global Placement Core

Phase 2.4.1 UpdateTiming Before Physical Synthesis
Phase 2.4.1 UpdateTiming Before Physical Synthesis | Checksum: c49bc623

Time (s): cpu = 00:01:26 ; elapsed = 00:00:26 . Memory (MB): peak = 3428.320 ; gain = 0.000 ; free physical = 322 ; free virtual = 3495

Phase 2.4.2 Physical Synthesis In Placer
INFO: [Physopt 32-1035] Found 0 LUTNM shape to break, 1667 LUT instances to create LUTNM shape
INFO: [Physopt 32-1044] Break lutnm for timing: one critical 0, two critical 0, total 0, new lutff created 0
INFO: [Physopt 32-1138] End 1 Pass. Optimized 758 nets or LUTs. Breaked 0 LUT, combined 758 existing LUTs and moved 0 existing LUT
INFO: [Physopt 32-65] No nets found for high-fanout optimization.
INFO: [Physopt 32-232] Optimized 0 net. Created 0 new instance.
INFO: [Physopt 32-775] End 1 Pass. Optimized 0 net or cell. Created 0 new cell, deleted 0 existing cell and moved 0 existing cell
INFO: [Physopt 32-456] No candidate cells for DSP register optimization found in the design.
INFO: [Physopt 32-775] End 2 Pass. Optimized 0 net or cell. Created 0 new cell, deleted 0 existing cell and moved 0 existing cell
INFO: [Physopt 32-1123] No candidate cells found for Shift Register to Pipeline optimization
INFO: [Physopt 32-775] End 2 Pass. Optimized 0 net or cell. Created 0 new cell, deleted 0 existing cell and moved 0 existing cell
INFO: [Physopt 32-1401] No candidate cells found for Shift Register optimization.
INFO: [Physopt 32-677] No candidate cells for Shift Register optimization found in the design
INFO: [Physopt 32-775] End 1 Pass. Optimized 0 net or cell. Created 0 new cell, deleted 0 existing cell and moved 0 existing cell
INFO: [Physopt 32-526] No candidate cells for BRAM register optimization found in the design
INFO: [Physopt 32-775] End 1 Pass. Optimized 0 net or cell. Created 0 new cell, deleted 0 existing cell and moved 0 existing cell
INFO: [Physopt 32-846] No candidate cells for URAM register optimization found in the design
INFO: [Physopt 32-775] End 1 Pass. Optimized 0 net or cell. Created 0 new cell, deleted 0 existing cell and moved 0 existing cell
INFO: [Physopt 32-846] No candidate cells for URAM register optimization found in the design
INFO: [Physopt 32-775] End 1 Pass. Optimized 0 net or cell. Created 0 new cell, deleted 0 existing cell and moved 0 existing cell
INFO: [Physopt 32-949] No candidate nets found for dynamic/static region interface net replication
INFO: [Physopt 32-775] End 1 Pass. Optimized 0 net or cell. Created 0 new cell, deleted 0 existing cell and moved 0 existing cell
Netlist sorting complete. Time (s): cpu = 00:00:00.01 ; elapsed = 00:00:00.01 . Memory (MB): peak = 3428.320 ; gain = 0.000 ; free physical = 320 ; free virtual = 3495

Summary of Physical Synthesis Optimizations
============================================


-----------------------------------------------------------------------------------------------------------------------------------------------------------
|  Optimization                                     |  Added Cells  |  Removed Cells  |  Optimized Cells/Nets  |  Dont Touch  |  Iterations  |  Elapsed   |
-----------------------------------------------------------------------------------------------------------------------------------------------------------
|  LUT Combining                                    |            0  |            758  |                   758  |           0  |           1  |  00:00:01  |
|  Retime                                           |            0  |              0  |                     0  |           0  |           1  |  00:00:00  |
|  Very High Fanout                                 |            0  |              0  |                     0  |           0  |           1  |  00:00:00  |
|  DSP Register                                     |            0  |              0  |                     0  |           0  |           1  |  00:00:00  |
|  Shift Register to Pipeline                       |            0  |              0  |                     0  |           0  |           1  |  00:00:00  |
|  Shift Register                                   |            0  |              0  |                     0  |           0  |           1  |  00:00:00  |
|  BRAM Register                                    |            0  |              0  |                     0  |           0  |           1  |  00:00:00  |
|  URAM Register                                    |            0  |              0  |                     0  |           0  |           1  |  00:00:00  |
|  Dynamic/Static Region Interface Net Replication  |            0  |              0  |                     0  |           0  |           1  |  00:00:00  |
|  Total                                            |            0  |            758  |                   758  |           0  |           9  |  00:00:01  |
-----------------------------------------------------------------------------------------------------------------------------------------------------------


Phase 2.4.2 Physical Synthesis In Placer | Checksum: 3b22c209

Time (s): cpu = 00:01:37 ; elapsed = 00:00:30 . Memory (MB): peak = 3428.320 ; gain = 0.000 ; free physical = 318 ; free virtual = 3496
Phase 2.4 Global Placement Core | Checksum: 12686e8e2

Time (s): cpu = 00:01:40 ; elapsed = 00:00:31 . Memory (MB): peak = 3428.320 ; gain = 0.000 ; free physical = 318 ; free virtual = 3497
Phase 2 Global Placement | Checksum: 12686e8e2

Time (s): cpu = 00:01:40 ; elapsed = 00:00:31 . Memory (MB): peak = 3428.320 ; gain = 0.000 ; free physical = 318 ; free virtual = 3497

Phase 3 Detail Placement

Phase 3.1 Commit Multi Column Macros
Phase 3.1 Commit Multi Column Macros | Checksum: 125346f64

Time (s): cpu = 00:01:53 ; elapsed = 00:00:33 . Memory (MB): peak = 3428.320 ; gain = 0.000 ; free physical = 307 ; free virtual = 3495

Phase 3.2 Commit Most Macros & LUTRAMs
Phase 3.2 Commit Most Macros & LUTRAMs | Checksum: 74a70038

Time (s): cpu = 00:02:05 ; elapsed = 00:00:38 . Memory (MB): peak = 3428.320 ; gain = 0.000 ; free physical = 277 ; free virtual = 3490

Phase 3.3 Area Swap Optimization
Phase 3.3 Area Swap Optimization | Checksum: a94bad26

Time (s): cpu = 00:02:06 ; elapsed = 00:00:38 . Memory (MB): peak = 3428.320 ; gain = 0.000 ; free physical = 277 ; free virtual = 3491

Phase 3.4 Pipeline Register Optimization
Phase 3.4 Pipeline Register Optimization | Checksum: a9d1f934

Time (s): cpu = 00:02:06 ; elapsed = 00:00:38 . Memory (MB): peak = 3428.320 ; gain = 0.000 ; free physical = 277 ; free virtual = 3491

Phase 3.5 Fast Optimization
Phase 3.5 Fast Optimization | Checksum: 10b981408

Time (s): cpu = 00:02:26 ; elapsed = 00:00:41 . Memory (MB): peak = 3428.320 ; gain = 0.000 ; free physical = 274 ; free virtual = 3490

Phase 3.6 Small Shape Detail Placement
Phase 3.6 Small Shape Detail Placement | Checksum: 13e0a6bd0

Time (s): cpu = 00:02:34 ; elapsed = 00:00:48 . Memory (MB): peak = 3428.320 ; gain = 0.000 ; free physical = 267 ; free virtual = 3488

Phase 3.7 Re-assign LUT pins
Phase 3.7 Re-assign LUT pins | Checksum: 1aa19bab6

Time (s): cpu = 00:02:35 ; elapsed = 00:00:50 . Memory (MB): peak = 3428.320 ; gain = 0.000 ; free physical = 267 ; free virtual = 3488

Phase 3.8 Pipeline Register Optimization
Phase 3.8 Pipeline Register Optimization | Checksum: 12bd9d9ca

Time (s): cpu = 00:02:35 ; elapsed = 00:00:50 . Memory (MB): peak = 3428.320 ; gain = 0.000 ; free physical = 267 ; free virtual = 3488
Phase 3 Detail Placement | Checksum: 12bd9d9ca

Time (s): cpu = 00:02:35 ; elapsed = 00:00:50 . Memory (MB): peak = 3428.320 ; gain = 0.000 ; free physical = 269 ; free virtual = 3488

Phase 4 Post Placement Optimization and Clean-Up

Phase 4.1 Post Commit Optimization
INFO: [Timing 38-35] Done setting XDC timing constraints.

Phase 4.1.1 Post Placement Optimization
Post Placement Optimization Initialization | Checksum: 7865039e

Phase 4.1.1.1 BUFG Insertion

Starting Physical Synthesis Task

Phase 1 Physical Synthesis Initialization
INFO: [Physopt 32-721] Multithreading enabled for phys_opt_design using a maximum of 8 CPUs
INFO: [Physopt 32-619] Estimated Timing Summary | WNS=-0.172 | TNS=-1.463 |
Phase 1 Physical Synthesis Initialization | Checksum: 1304aa979

Time (s): cpu = 00:00:04 ; elapsed = 00:00:01 . Memory (MB): peak = 3428.320 ; gain = 0.000 ; free physical = 247 ; free virtual = 3469
INFO: [Place 46-33] Processed net crypto_soc_artyz7_i/crypto_engine_v1_0_0/inst/crypto_engine_v1_0_S00_AXI_inst/my_crypto_core_inst/u_encryptor/feistel_encrypt_u/ROUND_LOGIC[4].f_inst/u_mix/s00_axi_aresetn_0, BUFG insertion was skipped due to placement/routing conflicts.
INFO: [Place 46-33] Processed net crypto_soc_artyz7_i/axi_dma_0/U0/I_PRMRY_DATAMOVER/GEN_S2MM_FULL.I_S2MM_FULL_WRAPPER/I_RESET/sig_stream_rst, BUFG insertion was skipped due to placement/routing conflicts.
INFO: [Place 46-56] BUFG insertion identified 2 candidate nets. Inserted BUFG: 0, Replicated BUFG Driver: 0, Skipped due to Placement/Routing Conflicts: 2, Skipped due to Timing Degradation: 0, Skipped due to netlist editing failed: 0.
Ending Physical Synthesis Task | Checksum: 1304aa979

Time (s): cpu = 00:00:05 ; elapsed = 00:00:02 . Memory (MB): peak = 3428.320 ; gain = 0.000 ; free physical = 247 ; free virtual = 3469
Phase 4.1.1.1 BUFG Insertion | Checksum: 7865039e

Time (s): cpu = 00:03:08 ; elapsed = 00:01:00 . Memory (MB): peak = 3428.320 ; gain = 0.000 ; free physical = 247 ; free virtual = 3469

Phase 4.1.1.2 Post Placement Timing Optimization
INFO: [Place 30-746] Post Placement Timing Summary WNS=0.605. For the most accurate timing information please run report_timing.
Phase 4.1.1.2 Post Placement Timing Optimization | Checksum: b15149d9

Time (s): cpu = 00:03:10 ; elapsed = 00:01:02 . Memory (MB): peak = 3428.320 ; gain = 0.000 ; free physical = 246 ; free virtual = 3467

Time (s): cpu = 00:03:10 ; elapsed = 00:01:02 . Memory (MB): peak = 3428.320 ; gain = 0.000 ; free physical = 246 ; free virtual = 3467
Phase 4.1 Post Commit Optimization | Checksum: b15149d9

Time (s): cpu = 00:03:10 ; elapsed = 00:01:02 . Memory (MB): peak = 3428.320 ; gain = 0.000 ; free physical = 246 ; free virtual = 3467

Phase 4.2 Post Placement Cleanup
Phase 4.2 Post Placement Cleanup | Checksum: b15149d9

Time (s): cpu = 00:03:10 ; elapsed = 00:01:02 . Memory (MB): peak = 3428.320 ; gain = 0.000 ; free physical = 247 ; free virtual = 3467

Phase 4.3 Placer Reporting

Phase 4.3.1 Print Estimated Congestion
INFO: [Place 30-612] Post-Placement Estimated Congestion 
 ____________________________________________________
|           | Global Congestion | Short Congestion  |
| Direction | Region Size       | Region Size       |
|___________|___________________|___________________|
|      North|                1x1|                4x4|
|___________|___________________|___________________|
|      South|                1x1|                2x2|
|___________|___________________|___________________|
|       East|                1x1|                2x2|
|___________|___________________|___________________|
|       West|                1x1|                2x2|
|___________|___________________|___________________|

Phase 4.3.1 Print Estimated Congestion | Checksum: b15149d9

Time (s): cpu = 00:03:11 ; elapsed = 00:01:02 . Memory (MB): peak = 3428.320 ; gain = 0.000 ; free physical = 246 ; free virtual = 3466
Phase 4.3 Placer Reporting | Checksum: b15149d9

Time (s): cpu = 00:03:11 ; elapsed = 00:01:02 . Memory (MB): peak = 3428.320 ; gain = 0.000 ; free physical = 246 ; free virtual = 3466

Phase 4.4 Final Placement Cleanup
Netlist sorting complete. Time (s): cpu = 00:00:00.01 ; elapsed = 00:00:00.01 . Memory (MB): peak = 3428.320 ; gain = 0.000 ; free physical = 246 ; free virtual = 3466

Time (s): cpu = 00:03:11 ; elapsed = 00:01:03 . Memory (MB): peak = 3428.320 ; gain = 0.000 ; free physical = 246 ; free virtual = 3466
Phase 4 Post Placement Optimization and Clean-Up | Checksum: a2567c84

Time (s): cpu = 00:03:11 ; elapsed = 00:01:03 . Memory (MB): peak = 3428.320 ; gain = 0.000 ; free physical = 246 ; free virtual = 3466
Ending Placer Task | Checksum: 184b8421

Time (s): cpu = 00:03:11 ; elapsed = 00:01:03 . Memory (MB): peak = 3428.320 ; gain = 0.000 ; free physical = 246 ; free virtual = 3466
97 Infos, 119 Warnings, 0 Critical Warnings and 0 Errors encountered.
place_design completed successfully
place_design: Time (s): cpu = 00:03:15 ; elapsed = 00:01:04 . Memory (MB): peak = 3428.320 ; gain = 0.000 ; free physical = 246 ; free virtual = 3466
INFO: [runtcl-4] Executing : report_io -file crypto_soc_artyz7_wrapper_io_placed.rpt
report_io: Time (s): cpu = 00:00:00.06 ; elapsed = 00:00:00.16 . Memory (MB): peak = 3428.320 ; gain = 0.000 ; free physical = 245 ; free virtual = 3466
INFO: [runtcl-4] Executing : report_utilization -file crypto_soc_artyz7_wrapper_utilization_placed.rpt -pb crypto_soc_artyz7_wrapper_utilization_placed.pb
INFO: [runtcl-4] Executing : report_control_sets -verbose -file crypto_soc_artyz7_wrapper_control_sets_placed.rpt
report_control_sets: Time (s): cpu = 00:00:00.1 ; elapsed = 00:00:00.18 . Memory (MB): peak = 3428.320 ; gain = 0.000 ; free physical = 243 ; free virtual = 3466
INFO: [Timing 38-480] Writing timing data to binary archive.
Write ShapeDB Complete: Time (s): cpu = 00:00:00.67 ; elapsed = 00:00:00.14 . Memory (MB): peak = 3428.320 ; gain = 0.000 ; free physical = 223 ; free virtual = 3461
Wrote PlaceDB: Time (s): cpu = 00:00:06 ; elapsed = 00:00:02 . Memory (MB): peak = 3428.320 ; gain = 0.000 ; free physical = 175 ; free virtual = 3454
Wrote PulsedLatchDB: Time (s): cpu = 00:00:00 ; elapsed = 00:00:00 . Memory (MB): peak = 3428.320 ; gain = 0.000 ; free physical = 175 ; free virtual = 3454
Writing XDEF routing.
Writing XDEF routing logical nets.
Writing XDEF routing special nets.
Wrote RouteStorage: Time (s): cpu = 00:00:00.29 ; elapsed = 00:00:00.1 . Memory (MB): peak = 3428.320 ; gain = 0.000 ; free physical = 175 ; free virtual = 3454
Wrote Netlist Cache: Time (s): cpu = 00:00:00.1 ; elapsed = 00:00:00.04 . Memory (MB): peak = 3428.320 ; gain = 0.000 ; free physical = 170 ; free virtual = 3453
Wrote Device Cache: Time (s): cpu = 00:00:00.03 ; elapsed = 00:00:00.01 . Memory (MB): peak = 3428.320 ; gain = 0.000 ; free physical = 183 ; free virtual = 3462
Write Physdb Complete: Time (s): cpu = 00:00:06 ; elapsed = 00:00:02 . Memory (MB): peak = 3428.320 ; gain = 0.000 ; free physical = 211 ; free virtual = 3478
INFO: [Common 17-1381] The checkpoint '/home/vinhphat-josh/Repos/Chaos_Based_Symmetric_Image_Encryption/vivado/Chaos_Based_Symmetric_Image_Encryptio_arty_z7/Chaos_Based_Symmetric_Image_Encryptio_arty_z7.runs/impl_1/crypto_soc_artyz7_wrapper_placed.dcp' has been generated.
write_checkpoint: Time (s): cpu = 00:00:14 ; elapsed = 00:00:07 . Memory (MB): peak = 3428.320 ; gain = 0.000 ; free physical = 256 ; free virtual = 3465
Command: phys_opt_design
Attempting to get a license for feature 'Implementation' and/or device 'xc7z020'
INFO: [Common 17-349] Got license for feature 'Implementation' and/or device 'xc7z020'

Starting Initial Update Timing Task

Time (s): cpu = 00:00:22 ; elapsed = 00:00:05 . Memory (MB): peak = 3428.320 ; gain = 0.000 ; free physical = 246 ; free virtual = 3458
INFO: [Vivado_Tcl 4-383] Design worst setup slack (WNS) is greater than or equal to 0.000 ns. Skipping all physical synthesis optimizations.
INFO: [Vivado_Tcl 4-232] No setup violation found. The netlist was not modified.
INFO: [Common 17-83] Releasing license: Implementation
106 Infos, 119 Warnings, 0 Critical Warnings and 0 Errors encountered.
phys_opt_design completed successfully
phys_opt_design: Time (s): cpu = 00:00:23 ; elapsed = 00:00:05 . Memory (MB): peak = 3428.320 ; gain = 0.000 ; free physical = 246 ; free virtual = 3458
INFO: [Timing 38-480] Writing timing data to binary archive.
Write ShapeDB Complete: Time (s): cpu = 00:00:00.65 ; elapsed = 00:00:00.13 . Memory (MB): peak = 3428.320 ; gain = 0.000 ; free physical = 228 ; free virtual = 3453
Wrote PlaceDB: Time (s): cpu = 00:00:06 ; elapsed = 00:00:02 . Memory (MB): peak = 3428.320 ; gain = 0.000 ; free physical = 190 ; free virtual = 3460
Wrote PulsedLatchDB: Time (s): cpu = 00:00:00 ; elapsed = 00:00:00 . Memory (MB): peak = 3428.320 ; gain = 0.000 ; free physical = 190 ; free virtual = 3460
Writing XDEF routing.
Writing XDEF routing logical nets.
Writing XDEF routing special nets.
Wrote RouteStorage: Time (s): cpu = 00:00:00.28 ; elapsed = 00:00:00.09 . Memory (MB): peak = 3428.320 ; gain = 0.000 ; free physical = 188 ; free virtual = 3458
Wrote Netlist Cache: Time (s): cpu = 00:00:00.09 ; elapsed = 00:00:00.04 . Memory (MB): peak = 3428.320 ; gain = 0.000 ; free physical = 180 ; free virtual = 3454
Wrote Device Cache: Time (s): cpu = 00:00:00.02 ; elapsed = 00:00:00.01 . Memory (MB): peak = 3428.320 ; gain = 0.000 ; free physical = 180 ; free virtual = 3455
Write Physdb Complete: Time (s): cpu = 00:00:06 ; elapsed = 00:00:02 . Memory (MB): peak = 3428.320 ; gain = 0.000 ; free physical = 180 ; free virtual = 3455
INFO: [Common 17-1381] The checkpoint '/home/vinhphat-josh/Repos/Chaos_Based_Symmetric_Image_Encryption/vivado/Chaos_Based_Symmetric_Image_Encryptio_arty_z7/Chaos_Based_Symmetric_Image_Encryptio_arty_z7.runs/impl_1/crypto_soc_artyz7_wrapper_physopt.dcp' has been generated.
Command: route_design
Attempting to get a license for feature 'Implementation' and/or device 'xc7z020'
INFO: [Common 17-349] Got license for feature 'Implementation' and/or device 'xc7z020'
Running DRC as a precondition to command route_design
INFO: [DRC 23-27] Running DRC with 8 threads
INFO: [Vivado_Tcl 4-198] DRC finished with 0 Errors
INFO: [Vivado_Tcl 4-199] Please refer to the DRC report (report_drc) for more information.


Starting Routing Task
INFO: [Route 35-254] Multithreading enabled for route_design using a maximum of 8 CPUs

Phase 1 Build RT Design
Checksum: PlaceDB: d80e644 ConstDB: 0 ShapeSum: aca9ddd RouteDB: 0
Post Restoration Checksum: NetGraph: 847c770b | NumContArr: aa95b0ee | Constraints: c2a8fa9d | Timing: c2a8fa9d
Phase 1 Build RT Design | Checksum: 2b4641d33

Time (s): cpu = 00:00:44 ; elapsed = 00:00:19 . Memory (MB): peak = 3428.320 ; gain = 0.000 ; free physical = 223 ; free virtual = 3465

Phase 2 Router Initialization

Phase 2.1 Fix Topology Constraints
Phase 2.1 Fix Topology Constraints | Checksum: 2b4641d33

Time (s): cpu = 00:00:45 ; elapsed = 00:00:20 . Memory (MB): peak = 3428.320 ; gain = 0.000 ; free physical = 223 ; free virtual = 3465

Phase 2.2 Pre Route Cleanup
Phase 2.2 Pre Route Cleanup | Checksum: 2b4641d33

Time (s): cpu = 00:00:45 ; elapsed = 00:00:20 . Memory (MB): peak = 3428.320 ; gain = 0.000 ; free physical = 223 ; free virtual = 3466
 Number of Nodes with overlaps = 0

Phase 2.3 Update Timing
Phase 2.3 Update Timing | Checksum: 1862eea76

Time (s): cpu = 00:01:16 ; elapsed = 00:00:28 . Memory (MB): peak = 3428.320 ; gain = 0.000 ; free physical = 189 ; free virtual = 3434
INFO: [Route 35-416] Intermediate Timing Summary | WNS=0.875  | TNS=0.000  | WHS=-0.358 | THS=-728.932|


Router Utilization Summary
  Global Vertical Routing Utilization    = 0 %
  Global Horizontal Routing Utilization  = 0 %
  Routable Net Status*
  *Does not include unroutable nets such as driverless and loadless.
  Run report_route_status for detailed report.
  Number of Failed Nets               = 43448
    (Failed Nets is the sum of unrouted and partially routed nets)
  Number of Unrouted Nets             = 43448
  Number of Partially Routed Nets     = 0
  Number of Node Overlaps             = 0

Phase 2 Router Initialization | Checksum: 269ca8934

Time (s): cpu = 00:01:32 ; elapsed = 00:00:32 . Memory (MB): peak = 3428.320 ; gain = 0.000 ; free physical = 194 ; free virtual = 3407

Phase 3 Initial Routing

Phase 3.1 Global Routing
Phase 3.1 Global Routing | Checksum: 269ca8934

Time (s): cpu = 00:01:32 ; elapsed = 00:00:32 . Memory (MB): peak = 3428.320 ; gain = 0.000 ; free physical = 194 ; free virtual = 3407

Phase 3.2 Initial Net Routing
Phase 3.2 Initial Net Routing | Checksum: 268254e87

Time (s): cpu = 00:02:08 ; elapsed = 00:00:39 . Memory (MB): peak = 3428.320 ; gain = 0.000 ; free physical = 195 ; free virtual = 3406
Phase 3 Initial Routing | Checksum: 268254e87

Time (s): cpu = 00:02:09 ; elapsed = 00:00:39 . Memory (MB): peak = 3428.320 ; gain = 0.000 ; free physical = 195 ; free virtual = 3406

Phase 4 Rip-up And Reroute

Phase 4.1 Global Iteration 0
 Number of Nodes with overlaps = 2235
 Number of Nodes with overlaps = 222
 Number of Nodes with overlaps = 31
 Number of Nodes with overlaps = 11
 Number of Nodes with overlaps = 2
 Number of Nodes with overlaps = 3
 Number of Nodes with overlaps = 0
INFO: [Route 35-416] Intermediate Timing Summary | WNS=0.471  | TNS=0.000  | WHS=N/A    | THS=N/A    |

Phase 4.1 Global Iteration 0 | Checksum: 263ebbb60

Time (s): cpu = 00:02:41 ; elapsed = 00:00:53 . Memory (MB): peak = 3428.320 ; gain = 0.000 ; free physical = 187 ; free virtual = 3401

Phase 4.2 Global Iteration 1
 Number of Nodes with overlaps = 4
 Number of Nodes with overlaps = 4
 Number of Nodes with overlaps = 2
 Number of Nodes with overlaps = 5
 Number of Nodes with overlaps = 1
 Number of Nodes with overlaps = 0
INFO: [Route 35-416] Intermediate Timing Summary | WNS=0.502  | TNS=0.000  | WHS=N/A    | THS=N/A    |

Phase 4.2 Global Iteration 1 | Checksum: 2d3c7041b

Time (s): cpu = 00:02:47 ; elapsed = 00:00:58 . Memory (MB): peak = 3428.320 ; gain = 0.000 ; free physical = 178 ; free virtual = 3401
Phase 4 Rip-up And Reroute | Checksum: 2d3c7041b

Time (s): cpu = 00:02:47 ; elapsed = 00:00:58 . Memory (MB): peak = 3428.320 ; gain = 0.000 ; free physical = 178 ; free virtual = 3401

Phase 5 Delay and Skew Optimization

Phase 5.1 Delay CleanUp
Phase 5.1 Delay CleanUp | Checksum: 2d3c7041b

Time (s): cpu = 00:02:48 ; elapsed = 00:00:58 . Memory (MB): peak = 3428.320 ; gain = 0.000 ; free physical = 178 ; free virtual = 3401

Phase 5.2 Clock Skew Optimization
Phase 5.2 Clock Skew Optimization | Checksum: 2d3c7041b

Time (s): cpu = 00:02:48 ; elapsed = 00:00:58 . Memory (MB): peak = 3428.320 ; gain = 0.000 ; free physical = 178 ; free virtual = 3401
Phase 5 Delay and Skew Optimization | Checksum: 2d3c7041b

Time (s): cpu = 00:02:48 ; elapsed = 00:00:58 . Memory (MB): peak = 3428.320 ; gain = 0.000 ; free physical = 178 ; free virtual = 3401

Phase 6 Post Hold Fix

Phase 6.1 Hold Fix Iter

Phase 6.1.1 Update Timing
Phase 6.1.1 Update Timing | Checksum: 34c91b962

Time (s): cpu = 00:02:53 ; elapsed = 00:01:00 . Memory (MB): peak = 3428.320 ; gain = 0.000 ; free physical = 178 ; free virtual = 3401
INFO: [Route 35-416] Intermediate Timing Summary | WNS=0.562  | TNS=0.000  | WHS=0.011  | THS=0.000  |

Phase 6.1 Hold Fix Iter | Checksum: 302085c05

Time (s): cpu = 00:02:53 ; elapsed = 00:01:00 . Memory (MB): peak = 3428.320 ; gain = 0.000 ; free physical = 178 ; free virtual = 3401
Phase 6 Post Hold Fix | Checksum: 302085c05

Time (s): cpu = 00:02:54 ; elapsed = 00:01:00 . Memory (MB): peak = 3428.320 ; gain = 0.000 ; free physical = 178 ; free virtual = 3401

Phase 7 Route finalize

Router Utilization Summary
  Global Vertical Routing Utilization    = 9.26245 %
  Global Horizontal Routing Utilization  = 12.5749 %
  Routable Net Status*
  *Does not include unroutable nets such as driverless and loadless.
  Run report_route_status for detailed report.
  Number of Failed Nets               = 0
    (Failed Nets is the sum of unrouted and partially routed nets)
  Number of Unrouted Nets             = 0
  Number of Partially Routed Nets     = 0
  Number of Node Overlaps             = 0

Phase 7 Route finalize | Checksum: 302085c05

Time (s): cpu = 00:02:54 ; elapsed = 00:01:00 . Memory (MB): peak = 3428.320 ; gain = 0.000 ; free physical = 178 ; free virtual = 3401

Phase 8 Verifying routed nets

 Verification completed successfully
Phase 8 Verifying routed nets | Checksum: 302085c05

Time (s): cpu = 00:02:54 ; elapsed = 00:01:00 . Memory (MB): peak = 3428.320 ; gain = 0.000 ; free physical = 176 ; free virtual = 3399

Phase 9 Depositing Routes
Phase 9 Depositing Routes | Checksum: 2958b6eb6

Time (s): cpu = 00:02:58 ; elapsed = 00:01:02 . Memory (MB): peak = 3428.320 ; gain = 0.000 ; free physical = 173 ; free virtual = 3399

Phase 10 Post Router Timing
INFO: [Route 35-57] Estimated Timing Summary | WNS=0.562  | TNS=0.000  | WHS=0.011  | THS=0.000  |

INFO: [Route 35-327] The final timing numbers are based on the router estimated timing analysis. For a complete and accurate timing signoff, please run report_timing_summary.
Phase 10 Post Router Timing | Checksum: 2958b6eb6

Time (s): cpu = 00:03:02 ; elapsed = 00:01:03 . Memory (MB): peak = 3428.320 ; gain = 0.000 ; free physical = 174 ; free virtual = 3398
INFO: [Route 35-16] Router Completed Successfully

Phase 11 Post-Route Event Processing
Phase 11 Post-Route Event Processing | Checksum: 11bb348e1

Time (s): cpu = 00:03:03 ; elapsed = 00:01:04 . Memory (MB): peak = 3428.320 ; gain = 0.000 ; free physical = 173 ; free virtual = 3398
Ending Routing Task | Checksum: 11bb348e1

Time (s): cpu = 00:03:04 ; elapsed = 00:01:05 . Memory (MB): peak = 3428.320 ; gain = 0.000 ; free physical = 173 ; free virtual = 3398

Routing Is Done.
INFO: [Common 17-83] Releasing license: Implementation
121 Infos, 119 Warnings, 0 Critical Warnings and 0 Errors encountered.
route_design completed successfully
route_design: Time (s): cpu = 00:03:08 ; elapsed = 00:01:07 . Memory (MB): peak = 3428.320 ; gain = 0.000 ; free physical = 174 ; free virtual = 3398
INFO: [runtcl-4] Executing : report_drc -file crypto_soc_artyz7_wrapper_drc_routed.rpt -pb crypto_soc_artyz7_wrapper_drc_routed.pb -rpx crypto_soc_artyz7_wrapper_drc_routed.rpx
Command: report_drc -file crypto_soc_artyz7_wrapper_drc_routed.rpt -pb crypto_soc_artyz7_wrapper_drc_routed.pb -rpx crypto_soc_artyz7_wrapper_drc_routed.rpx
INFO: [IP_Flow 19-1839] IP Catalog is up to date.
INFO: [DRC 23-27] Running DRC with 8 threads
INFO: [Vivado_Tcl 2-168] The results of DRC are in file /home/vinhphat-josh/Repos/Chaos_Based_Symmetric_Image_Encryption/vivado/Chaos_Based_Symmetric_Image_Encryptio_arty_z7/Chaos_Based_Symmetric_Image_Encryptio_arty_z7.runs/impl_1/crypto_soc_artyz7_wrapper_drc_routed.rpt.
report_drc completed successfully
INFO: [runtcl-4] Executing : report_methodology -file crypto_soc_artyz7_wrapper_methodology_drc_routed.rpt -pb crypto_soc_artyz7_wrapper_methodology_drc_routed.pb -rpx crypto_soc_artyz7_wrapper_methodology_drc_routed.rpx
Command: report_methodology -file crypto_soc_artyz7_wrapper_methodology_drc_routed.rpt -pb crypto_soc_artyz7_wrapper_methodology_drc_routed.pb -rpx crypto_soc_artyz7_wrapper_methodology_drc_routed.rpx
INFO: [Timing 38-35] Done setting XDC timing constraints.
INFO: [DRC 23-133] Running Methodology with 8 threads
INFO: [Vivado_Tcl 2-1520] The results of Report Methodology are in file /home/vinhphat-josh/Repos/Chaos_Based_Symmetric_Image_Encryption/vivado/Chaos_Based_Symmetric_Image_Encryptio_arty_z7/Chaos_Based_Symmetric_Image_Encryptio_arty_z7.runs/impl_1/crypto_soc_artyz7_wrapper_methodology_drc_routed.rpt.
report_methodology completed successfully
report_methodology: Time (s): cpu = 00:00:38 ; elapsed = 00:00:10 . Memory (MB): peak = 3489.008 ; gain = 0.000 ; free physical = 268 ; free virtual = 3589
INFO: [runtcl-4] Executing : report_power -file crypto_soc_artyz7_wrapper_power_routed.rpt -pb crypto_soc_artyz7_wrapper_power_summary_routed.pb -rpx crypto_soc_artyz7_wrapper_power_routed.rpx
Command: report_power -file crypto_soc_artyz7_wrapper_power_routed.rpt -pb crypto_soc_artyz7_wrapper_power_summary_routed.pb -rpx crypto_soc_artyz7_wrapper_power_routed.rpx
INFO: [Timing 38-35] Done setting XDC timing constraints.
Running Vector-less Activity Propagation...

Finished Running Vector-less Activity Propagation
WARNING: [Power 33-332] Found switching activity that implies high-fanout reset nets being asserted for excessive periods of time which may result in inaccurate power analysis.
Resolution: To review and fix problems, please run Power Constraints Advisor in the GUI from Tools > Power Constraints Advisor or run report_power with the -advisory option to generate a text report.
131 Infos, 120 Warnings, 0 Critical Warnings and 0 Errors encountered.
report_power completed successfully
report_power: Time (s): cpu = 00:00:21 ; elapsed = 00:00:07 . Memory (MB): peak = 3515.836 ; gain = 26.828 ; free physical = 278 ; free virtual = 3557
INFO: [runtcl-4] Executing : report_route_status -file crypto_soc_artyz7_wrapper_route_status.rpt -pb crypto_soc_artyz7_wrapper_route_status.pb
INFO: [runtcl-4] Executing : report_timing_summary -max_paths 10 -report_unconstrained -file crypto_soc_artyz7_wrapper_timing_summary_routed.rpt -pb crypto_soc_artyz7_wrapper_timing_summary_routed.pb -rpx crypto_soc_artyz7_wrapper_timing_summary_routed.rpx -warn_on_violation 
INFO: [Timing 38-91] UpdateTimingParams: Speed grade: -1, Delay Type: min_max.
INFO: [Timing 38-191] Multithreading enabled for timing update using a maximum of 8 CPUs
INFO: [runtcl-4] Executing : report_incremental_reuse -file crypto_soc_artyz7_wrapper_incremental_reuse_routed.rpt
INFO: [Vivado_Tcl 4-1062] Incremental flow is disabled. No incremental reuse Info to report.
INFO: [runtcl-4] Executing : report_clock_utilization -file crypto_soc_artyz7_wrapper_clock_utilization_routed.rpt
INFO: [runtcl-4] Executing : report_bus_skew -warn_on_violation -file crypto_soc_artyz7_wrapper_bus_skew_routed.rpt -pb crypto_soc_artyz7_wrapper_bus_skew_routed.pb -rpx crypto_soc_artyz7_wrapper_bus_skew_routed.rpx
INFO: [Timing 38-91] UpdateTimingParams: Speed grade: -1, Delay Type: min_max.
INFO: [Timing 38-191] Multithreading enabled for timing update using a maximum of 8 CPUs
INFO: [Timing 38-480] Writing timing data to binary archive.
Write ShapeDB Complete: Time (s): cpu = 00:00:00.63 ; elapsed = 00:00:00.13 . Memory (MB): peak = 3515.836 ; gain = 0.000 ; free physical = 306 ; free virtual = 3484
Wrote PlaceDB: Time (s): cpu = 00:00:06 ; elapsed = 00:00:02 . Memory (MB): peak = 3515.836 ; gain = 0.000 ; free physical = 310 ; free virtual = 3524
Wrote PulsedLatchDB: Time (s): cpu = 00:00:00 ; elapsed = 00:00:00 . Memory (MB): peak = 3515.836 ; gain = 0.000 ; free physical = 310 ; free virtual = 3524
Writing XDEF routing.
Writing XDEF routing logical nets.
Writing XDEF routing special nets.
Wrote RouteStorage: Time (s): cpu = 00:00:01 ; elapsed = 00:00:00.53 . Memory (MB): peak = 3515.836 ; gain = 0.000 ; free physical = 314 ; free virtual = 3493
Wrote Netlist Cache: Time (s): cpu = 00:00:00.09 ; elapsed = 00:00:00.05 . Memory (MB): peak = 3515.836 ; gain = 0.000 ; free physical = 313 ; free virtual = 3495
Wrote Device Cache: Time (s): cpu = 00:00:00.01 ; elapsed = 00:00:00 . Memory (MB): peak = 3515.836 ; gain = 0.000 ; free physical = 312 ; free virtual = 3496
Write Physdb Complete: Time (s): cpu = 00:00:08 ; elapsed = 00:00:03 . Memory (MB): peak = 3515.836 ; gain = 0.000 ; free physical = 314 ; free virtual = 3498
INFO: [Common 17-1381] The checkpoint '/home/vinhphat-josh/Repos/Chaos_Based_Symmetric_Image_Encryption/vivado/Chaos_Based_Symmetric_Image_Encryptio_arty_z7/Chaos_Based_Symmetric_Image_Encryptio_arty_z7.runs/impl_1/crypto_soc_artyz7_wrapper_routed.dcp' has been generated.
write_checkpoint: Time (s): cpu = 00:00:12 ; elapsed = 00:00:07 . Memory (MB): peak = 3515.836 ; gain = 0.000 ; free physical = 256 ; free virtual = 3159
INFO: [Memdata 28-167] Found XPM memory block crypto_soc_artyz7_i/axi_dma_0/U0/I_PRMRY_DATAMOVER/GEN_S2MM_FULL.I_S2MM_FULL_WRAPPER/GEN_INCLUDE_REALIGNER.I_S2MM_REALIGNER/GEN_INCLUDE_SCATTER.I_S2MM_SCATTER/I_TSTRB_FIFO/USE_SYNC_FIFO.I_SYNC_FIFO/NON_BLK_MEM.I_SYNC_FIFOGEN_FIFO/xpm_fifo_instance.xpm_fifo_sync_inst/xpm_fifo_base_inst/gen_sdpram.xpm_memory_base_inst with a P_MEMORY_PRIMITIVE property set to auto. A value of block is required. You will not be able to use the updatemem program to update the bitstream with new data for the crypto_soc_artyz7_i/axi_dma_0/U0/I_PRMRY_DATAMOVER/GEN_S2MM_FULL.I_S2MM_FULL_WRAPPER/GEN_INCLUDE_REALIGNER.I_S2MM_REALIGNER/GEN_INCLUDE_SCATTER.I_S2MM_SCATTER/I_TSTRB_FIFO/USE_SYNC_FIFO.I_SYNC_FIFO/NON_BLK_MEM.I_SYNC_FIFOGEN_FIFO/xpm_fifo_instance.xpm_fifo_sync_inst/xpm_fifo_base_inst/gen_sdpram.xpm_memory_base_inst block.
INFO: [Memdata 28-167] Found XPM memory block crypto_soc_artyz7_i/axi_dma_0/U0/I_PRMRY_DATAMOVER/GEN_S2MM_FULL.I_S2MM_FULL_WRAPPER/GEN_ENABLE_INDET_BTT_SF.I_INDET_BTT/I_XD_FIFO/NON_BLK_MEM.I_SYNC_FIFOGEN_FIFO/xpm_fifo_instance.xpm_fifo_sync_inst/xpm_fifo_base_inst/gen_sdpram.xpm_memory_base_inst with a P_MEMORY_PRIMITIVE property set to auto. A value of block is required. You will not be able to use the updatemem program to update the bitstream with new data for the crypto_soc_artyz7_i/axi_dma_0/U0/I_PRMRY_DATAMOVER/GEN_S2MM_FULL.I_S2MM_FULL_WRAPPER/GEN_ENABLE_INDET_BTT_SF.I_INDET_BTT/I_XD_FIFO/NON_BLK_MEM.I_SYNC_FIFOGEN_FIFO/xpm_fifo_instance.xpm_fifo_sync_inst/xpm_fifo_base_inst/gen_sdpram.xpm_memory_base_inst block.
INFO: [Memdata 28-208] The XPM instance: <crypto_soc_artyz7_i/axi_dma_0/U0/I_PRMRY_DATAMOVER/GEN_S2MM_FULL.I_S2MM_FULL_WRAPPER/GEN_ENABLE_INDET_BTT_SF.I_INDET_BTT/I_DATA_FIFO/BLK_MEM.I_SYNC_FIFOGEN_FIFO/xpm_fifo_instance.xpm_fifo_sync_inst/xpm_fifo_base_inst/gen_sdpram.xpm_memory_base_inst> is part of IP: <crypto_soc_artyz7_i/axi_dma_0>. This XPM instance will be excluded from the .mmi because updatemem is prohibited from making changes to an XPM that is part of an IP.
INFO: [Memdata 28-208] The XPM instance: <crypto_soc_artyz7_i/axi_dma_0/U0/I_PRMRY_DATAMOVER/GEN_MM2S_FULL.I_MM2S_FULL_WRAPPER/GEN_INCLUDE_MM2S_SF.I_RD_SF/I_DATA_FIFO/BLK_MEM.I_SYNC_FIFOGEN_FIFO/xpm_fifo_instance.xpm_fifo_sync_inst/xpm_fifo_base_inst/gen_sdpram.xpm_memory_base_inst> is part of IP: <crypto_soc_artyz7_i/axi_dma_0>. This XPM instance will be excluded from the .mmi because updatemem is prohibited from making changes to an XPM that is part of an IP.
Command: write_bitstream -force crypto_soc_artyz7_wrapper.bit
Attempting to get a license for feature 'Implementation' and/or device 'xc7z020'
INFO: [Common 17-349] Got license for feature 'Implementation' and/or device 'xc7z020'
Running DRC as a precondition to command write_bitstream
INFO: [IP_Flow 19-1839] IP Catalog is up to date.
INFO: [DRC 23-27] Running DRC with 8 threads
WARNING: [DRC CHECK-3] Report rule limit reached: REQP-1840 rule limit reached: 20 violations have been found.
WARNING: [DRC DPIP-1] Input pipelining: DSP crypto_soc_artyz7_i/crypto_engine_v1_0_0/inst/crypto_engine_v1_0_S00_AXI_inst/my_crypto_core_inst/u_sbox_gen/extractor/p_0_out input crypto_soc_artyz7_i/crypto_engine_v1_0_0/inst/crypto_engine_v1_0_S00_AXI_inst/my_crypto_core_inst/u_sbox_gen/extractor/p_0_out/B[17:0] is not pipelined. Pipelining DSP48 input will improve performance.
WARNING: [DRC DPIP-1] Input pipelining: DSP crypto_soc_artyz7_i/crypto_engine_v1_0_0/inst/crypto_engine_v1_0_S00_AXI_inst/my_crypto_core_inst/u_sbox_gen/extractor/p_0_out__0 input crypto_soc_artyz7_i/crypto_engine_v1_0_0/inst/crypto_engine_v1_0_S00_AXI_inst/my_crypto_core_inst/u_sbox_gen/extractor/p_0_out__0/B[17:0] is not pipelined. Pipelining DSP48 input will improve performance.
WARNING: [DRC DPIP-1] Input pipelining: DSP crypto_soc_artyz7_i/crypto_engine_v1_0_0/inst/crypto_engine_v1_0_S00_AXI_inst/my_crypto_core_inst/u_sbox_gen/extractor/p_0_out__1 input crypto_soc_artyz7_i/crypto_engine_v1_0_0/inst/crypto_engine_v1_0_S00_AXI_inst/my_crypto_core_inst/u_sbox_gen/extractor/p_0_out__1/B[17:0] is not pipelined. Pipelining DSP48 input will improve performance.
WARNING: [DRC DPIP-1] Input pipelining: DSP crypto_soc_artyz7_i/crypto_engine_v1_0_0/inst/crypto_engine_v1_0_S00_AXI_inst/my_crypto_core_inst/u_sbox_gen/extractor/p_0_out__2 input crypto_soc_artyz7_i/crypto_engine_v1_0_0/inst/crypto_engine_v1_0_S00_AXI_inst/my_crypto_core_inst/u_sbox_gen/extractor/p_0_out__2/B[17:0] is not pipelined. Pipelining DSP48 input will improve performance.
WARNING: [DRC DPIP-1] Input pipelining: DSP crypto_soc_artyz7_i/crypto_engine_v1_0_0/inst/crypto_engine_v1_0_S00_AXI_inst/my_crypto_core_inst/u_sbox_gen/extractor/p_0_out__3 input crypto_soc_artyz7_i/crypto_engine_v1_0_0/inst/crypto_engine_v1_0_S00_AXI_inst/my_crypto_core_inst/u_sbox_gen/extractor/p_0_out__3/B[17:0] is not pipelined. Pipelining DSP48 input will improve performance.
WARNING: [DRC DPIP-1] Input pipelining: DSP crypto_soc_artyz7_i/crypto_engine_v1_0_0/inst/crypto_engine_v1_0_S00_AXI_inst/my_crypto_core_inst/u_sbox_gen/extractor/p_0_out__4 input crypto_soc_artyz7_i/crypto_engine_v1_0_0/inst/crypto_engine_v1_0_S00_AXI_inst/my_crypto_core_inst/u_sbox_gen/extractor/p_0_out__4/B[17:0] is not pipelined. Pipelining DSP48 input will improve performance.
WARNING: [DRC DPOP-2] MREG Output pipelining: DSP crypto_soc_artyz7_i/crypto_engine_v1_0_0/inst/crypto_engine_v1_0_S00_AXI_inst/my_crypto_core_inst/u_sbox_gen/extractor/p_0_out__0 multiplier stage crypto_soc_artyz7_i/crypto_engine_v1_0_0/inst/crypto_engine_v1_0_S00_AXI_inst/my_crypto_core_inst/u_sbox_gen/extractor/p_0_out__0/P[47:0] is not pipelined (MREG=0). Pipelining the multiplier function will improve performance and will save significant power so it is suggested whenever possible to fully pipeline this function.  If this multiplier was inferred, it is suggested to describe an additional register stage after this function.  If there is no registered adder/accumulator following the multiply function, two pipeline stages are suggested to allow both the MREG and PREG registers to be used.  If the DSP48 was instantiated in the design, it is suggested to set both the MREG and PREG attributes to 1 when performing multiply functions.
WARNING: [DRC DPOP-2] MREG Output pipelining: DSP crypto_soc_artyz7_i/crypto_engine_v1_0_0/inst/crypto_engine_v1_0_S00_AXI_inst/my_crypto_core_inst/u_sbox_gen/extractor/p_0_out__2 multiplier stage crypto_soc_artyz7_i/crypto_engine_v1_0_0/inst/crypto_engine_v1_0_S00_AXI_inst/my_crypto_core_inst/u_sbox_gen/extractor/p_0_out__2/P[47:0] is not pipelined (MREG=0). Pipelining the multiplier function will improve performance and will save significant power so it is suggested whenever possible to fully pipeline this function.  If this multiplier was inferred, it is suggested to describe an additional register stage after this function.  If there is no registered adder/accumulator following the multiply function, two pipeline stages are suggested to allow both the MREG and PREG registers to be used.  If the DSP48 was instantiated in the design, it is suggested to set both the MREG and PREG attributes to 1 when performing multiply functions.
WARNING: [DRC DPOP-2] MREG Output pipelining: DSP crypto_soc_artyz7_i/crypto_engine_v1_0_0/inst/crypto_engine_v1_0_S00_AXI_inst/my_crypto_core_inst/u_sbox_gen/extractor/p_0_out__4 multiplier stage crypto_soc_artyz7_i/crypto_engine_v1_0_0/inst/crypto_engine_v1_0_S00_AXI_inst/my_crypto_core_inst/u_sbox_gen/extractor/p_0_out__4/P[47:0] is not pipelined (MREG=0). Pipelining the multiplier function will improve performance and will save significant power so it is suggested whenever possible to fully pipeline this function.  If this multiplier was inferred, it is suggested to describe an additional register stage after this function.  If there is no registered adder/accumulator following the multiply function, two pipeline stages are suggested to allow both the MREG and PREG registers to be used.  If the DSP48 was instantiated in the design, it is suggested to set both the MREG and PREG attributes to 1 when performing multiply functions.
WARNING: [DRC PDCN-1569] LUT equation term check: Used physical LUT pin 'A1' of cell crypto_soc_artyz7_i/axi_mem_intercon/m00_couplers/auto_ds/inst/gen_downsizer.gen_cascaded_downsizer.first_downsizer_inst/USE_WRITE.write_addr_inst/USE_B_CHANNEL.cmd_b_queue/inst/fifo_gen_inst/inst_fifo_gen/gconvfifo.rf/grf.rf/gntv_or_sync_fifo.gl0.rd/gr1.gr1_int.rfwft/gpregsm1.user_valid_i_1 (pin crypto_soc_artyz7_i/axi_mem_intercon/m00_couplers/auto_ds/inst/gen_downsizer.gen_cascaded_downsizer.first_downsizer_inst/USE_WRITE.write_addr_inst/USE_B_CHANNEL.cmd_b_queue/inst/fifo_gen_inst/inst_fifo_gen/gconvfifo.rf/grf.rf/gntv_or_sync_fifo.gl0.rd/gr1.gr1_int.rfwft/gpregsm1.user_valid_i_1/I1) is not included in the LUT equation: 'O6=(A5)+((~A5)*(~A6)*A3)'. If this cell is a user instantiated LUT in the design, please remove connectivity to the pin or change the equation and/or INIT string of the LUT to prevent this issue. If the cell is inferred or IP created LUT, please regenerate the IP and/or resynthesize the design to attempt to correct the issue.
WARNING: [DRC PDCN-1569] LUT equation term check: Used physical LUT pin 'A1' of cell crypto_soc_artyz7_i/axi_mem_intercon/m00_couplers/auto_ds/inst/gen_downsizer.gen_cascaded_downsizer.first_downsizer_inst/USE_WRITE.write_addr_inst/cmd_queue/inst/fifo_gen_inst/inst_fifo_gen/gconvfifo.rf/grf.rf/gntv_or_sync_fifo.gl0.rd/gr1.gr1_int.rfwft/gpregsm1.user_valid_i_1 (pin crypto_soc_artyz7_i/axi_mem_intercon/m00_couplers/auto_ds/inst/gen_downsizer.gen_cascaded_downsizer.first_downsizer_inst/USE_WRITE.write_addr_inst/cmd_queue/inst/fifo_gen_inst/inst_fifo_gen/gconvfifo.rf/grf.rf/gntv_or_sync_fifo.gl0.rd/gr1.gr1_int.rfwft/gpregsm1.user_valid_i_1/I1) is not included in the LUT equation: 'O6=(A5)+((~A5)*(~A6)*A2)'. If this cell is a user instantiated LUT in the design, please remove connectivity to the pin or change the equation and/or INIT string of the LUT to prevent this issue. If the cell is inferred or IP created LUT, please regenerate the IP and/or resynthesize the design to attempt to correct the issue.
WARNING: [DRC PDCN-1569] LUT equation term check: Used physical LUT pin 'A1' of cell crypto_soc_artyz7_i/axi_mem_intercon/m00_couplers/auto_ds/inst/gen_downsizer.gen_cascaded_downsizer.gen_axi3_conv.axi3_conv_inst/gen_axi4_axi3.axi3_conv_inst/USE_WRITE.write_addr_inst/USE_B_CHANNEL.cmd_b_queue/inst/fifo_gen_inst/inst_fifo_gen/gconvfifo.rf/grf.rf/gntv_or_sync_fifo.gl0.rd/gr1.gr1_int.rfwft/gpregsm1.user_valid_i_1 (pin crypto_soc_artyz7_i/axi_mem_intercon/m00_couplers/auto_ds/inst/gen_downsizer.gen_cascaded_downsizer.gen_axi3_conv.axi3_conv_inst/gen_axi4_axi3.axi3_conv_inst/USE_WRITE.write_addr_inst/USE_B_CHANNEL.cmd_b_queue/inst/fifo_gen_inst/inst_fifo_gen/gconvfifo.rf/grf.rf/gntv_or_sync_fifo.gl0.rd/gr1.gr1_int.rfwft/gpregsm1.user_valid_i_1/I1) is not included in the LUT equation: 'O6=(A5)+((~A5)*(~A2)*A3)'. If this cell is a user instantiated LUT in the design, please remove connectivity to the pin or change the equation and/or INIT string of the LUT to prevent this issue. If the cell is inferred or IP created LUT, please regenerate the IP and/or resynthesize the design to attempt to correct the issue.
WARNING: [DRC PDCN-1569] LUT equation term check: Used physical LUT pin 'A2' of cell crypto_soc_artyz7_i/axi_mem_intercon/m00_couplers/auto_ds/inst/gen_downsizer.gen_cascaded_downsizer.gen_axi3_conv.axi3_conv_inst/gen_axi4_axi3.axi3_conv_inst/USE_READ.USE_SPLIT_R.read_addr_inst/USE_R_CHANNEL.cmd_queue/inst/fifo_gen_inst/inst_fifo_gen/gconvfifo.rf/grf.rf/gntv_or_sync_fifo.gl0.rd/gr1.gr1_int.rfwft/gpregsm1.user_valid_i_1 (pin crypto_soc_artyz7_i/axi_mem_intercon/m00_couplers/auto_ds/inst/gen_downsizer.gen_cascaded_downsizer.gen_axi3_conv.axi3_conv_inst/gen_axi4_axi3.axi3_conv_inst/USE_READ.USE_SPLIT_R.read_addr_inst/USE_R_CHANNEL.cmd_queue/inst/fifo_gen_inst/inst_fifo_gen/gconvfifo.rf/grf.rf/gntv_or_sync_fifo.gl0.rd/gr1.gr1_int.rfwft/gpregsm1.user_valid_i_1/I1) is not included in the LUT equation: 'O6=(A1)+((~A1)*(~A6)*A5)'. If this cell is a user instantiated LUT in the design, please remove connectivity to the pin or change the equation and/or INIT string of the LUT to prevent this issue. If the cell is inferred or IP created LUT, please regenerate the IP and/or resynthesize the design to attempt to correct the issue.
WARNING: [DRC PDCN-1569] LUT equation term check: Used physical LUT pin 'A2' of cell crypto_soc_artyz7_i/axi_mem_intercon/m00_couplers/auto_pc/inst/gen_axi4_axi3.axi3_conv_inst/USE_WRITE.write_addr_inst/USE_BURSTS.cmd_queue/inst/fifo_gen_inst/inst_fifo_gen/gconvfifo.rf/grf.rf/gntv_or_sync_fifo.gl0.rd/gr1.gr1_int.rfwft/gpregsm1.user_valid_i_1 (pin crypto_soc_artyz7_i/axi_mem_intercon/m00_couplers/auto_pc/inst/gen_axi4_axi3.axi3_conv_inst/USE_WRITE.write_addr_inst/USE_BURSTS.cmd_queue/inst/fifo_gen_inst/inst_fifo_gen/gconvfifo.rf/grf.rf/gntv_or_sync_fifo.gl0.rd/gr1.gr1_int.rfwft/gpregsm1.user_valid_i_1/I1) is not included in the LUT equation: 'O6=(A1)+((~A1)*(~A6)*A3)'. If this cell is a user instantiated LUT in the design, please remove connectivity to the pin or change the equation and/or INIT string of the LUT to prevent this issue. If the cell is inferred or IP created LUT, please regenerate the IP and/or resynthesize the design to attempt to correct the issue.
WARNING: [DRC PDCN-1569] LUT equation term check: Used physical LUT pin 'A3' of cell crypto_soc_artyz7_i/axi_mem_intercon/m00_couplers/auto_ds/inst/gen_downsizer.gen_cascaded_downsizer.first_downsizer_inst/USE_READ.read_addr_inst/cmd_queue/inst/fifo_gen_inst/inst_fifo_gen/gconvfifo.rf/grf.rf/gntv_or_sync_fifo.gl0.rd/gr1.gr1_int.rfwft/gpregsm1.user_valid_i_1 (pin crypto_soc_artyz7_i/axi_mem_intercon/m00_couplers/auto_ds/inst/gen_downsizer.gen_cascaded_downsizer.first_downsizer_inst/USE_READ.read_addr_inst/cmd_queue/inst/fifo_gen_inst/inst_fifo_gen/gconvfifo.rf/grf.rf/gntv_or_sync_fifo.gl0.rd/gr1.gr1_int.rfwft/gpregsm1.user_valid_i_1/I1) is not included in the LUT equation: 'O6=(A5)+((~A5)*(~A6)*A4)'. If this cell is a user instantiated LUT in the design, please remove connectivity to the pin or change the equation and/or INIT string of the LUT to prevent this issue. If the cell is inferred or IP created LUT, please regenerate the IP and/or resynthesize the design to attempt to correct the issue.
WARNING: [DRC PDCN-1569] LUT equation term check: Used physical LUT pin 'A3' of cell crypto_soc_artyz7_i/axi_mem_intercon/m00_couplers/auto_ds/inst/gen_downsizer.gen_cascaded_downsizer.gen_axi3_conv.axi3_conv_inst/gen_axi4_axi3.axi3_conv_inst/USE_WRITE.write_addr_inst/USE_BURSTS.cmd_queue/inst/fifo_gen_inst/inst_fifo_gen/gconvfifo.rf/grf.rf/gntv_or_sync_fifo.gl0.rd/gr1.gr1_int.rfwft/gpregsm1.user_valid_i_1 (pin crypto_soc_artyz7_i/axi_mem_intercon/m00_couplers/auto_ds/inst/gen_downsizer.gen_cascaded_downsizer.gen_axi3_conv.axi3_conv_inst/gen_axi4_axi3.axi3_conv_inst/USE_WRITE.write_addr_inst/USE_BURSTS.cmd_queue/inst/fifo_gen_inst/inst_fifo_gen/gconvfifo.rf/grf.rf/gntv_or_sync_fifo.gl0.rd/gr1.gr1_int.rfwft/gpregsm1.user_valid_i_1/I1) is not included in the LUT equation: 'O6=(A5)+((~A5)*(~A6)*A4)'. If this cell is a user instantiated LUT in the design, please remove connectivity to the pin or change the equation and/or INIT string of the LUT to prevent this issue. If the cell is inferred or IP created LUT, please regenerate the IP and/or resynthesize the design to attempt to correct the issue.
WARNING: [DRC REQP-1840] RAMB18 async control check: The RAMB18E1 crypto_soc_artyz7_i/crypto_engine_v1_0_0/inst/crypto_engine_v1_0_S00_AXI_inst/my_crypto_core_inst/u_encryptor/feistel_encrypt_u/ROUND_LOGIC[2].f_inst/u_sub/MEM_WRITE[0].sbox_slice_reg[0][197] has an input control pin crypto_soc_artyz7_i/crypto_engine_v1_0_0/inst/crypto_engine_v1_0_S00_AXI_inst/my_crypto_core_inst/u_encryptor/feistel_encrypt_u/ROUND_LOGIC[2].f_inst/u_sub/MEM_WRITE[0].sbox_slice_reg[0][197]/ADDRARDADDR[10] (net: crypto_soc_artyz7_i/crypto_engine_v1_0_0/inst/crypto_engine_v1_0_S00_AXI_inst/my_crypto_core_inst/u_encryptor/feistel_encrypt_u/ROUND_LOGIC[2].f_inst/u_sub/index_reg[6]) which is driven by a register (crypto_soc_artyz7_i/crypto_engine_v1_0_0/inst/crypto_engine_v1_0_S00_AXI_inst/my_crypto_core_inst/u_encryptor/feistel_encrypt_u/ROUND_LOGIC[2].f_inst/u_sub/index_reg[6]) that has an active asychronous set or reset. This may cause corruption of the memory contents and/or read values when the set/reset is asserted and is not analyzed by the default static timing analysis. It is suggested to eliminate the use of a set/reset to registers driving this RAMB pin or else use a synchronous reset in which the assertion of the reset is timed by default.
WARNING: [DRC REQP-1840] RAMB18 async control check: The RAMB18E1 crypto_soc_artyz7_i/crypto_engine_v1_0_0/inst/crypto_engine_v1_0_S00_AXI_inst/my_crypto_core_inst/u_encryptor/feistel_encrypt_u/ROUND_LOGIC[2].f_inst/u_sub/MEM_WRITE[0].sbox_slice_reg[0][197] has an input control pin crypto_soc_artyz7_i/crypto_engine_v1_0_0/inst/crypto_engine_v1_0_S00_AXI_inst/my_crypto_core_inst/u_encryptor/feistel_encrypt_u/ROUND_LOGIC[2].f_inst/u_sub/MEM_WRITE[0].sbox_slice_reg[0][197]/ADDRARDADDR[11] (net: crypto_soc_artyz7_i/crypto_engine_v1_0_0/inst/crypto_engine_v1_0_S00_AXI_inst/my_crypto_core_inst/u_encryptor/feistel_encrypt_u/ROUND_LOGIC[2].f_inst/u_sub/index_reg[7]) which is driven by a register (crypto_soc_artyz7_i/crypto_engine_v1_0_0/inst/crypto_engine_v1_0_S00_AXI_inst/my_crypto_core_inst/u_encryptor/feistel_encrypt_u/ROUND_LOGIC[2].f_inst/u_sub/index_reg[7]) that has an active asychronous set or reset. This may cause corruption of the memory contents and/or read values when the set/reset is asserted and is not analyzed by the default static timing analysis. It is suggested to eliminate the use of a set/reset to registers driving this RAMB pin or else use a synchronous reset in which the assertion of the reset is timed by default.
WARNING: [DRC REQP-1840] RAMB18 async control check: The RAMB18E1 crypto_soc_artyz7_i/crypto_engine_v1_0_0/inst/crypto_engine_v1_0_S00_AXI_inst/my_crypto_core_inst/u_encryptor/feistel_encrypt_u/ROUND_LOGIC[2].f_inst/u_sub/MEM_WRITE[0].sbox_slice_reg[0][197] has an input control pin crypto_soc_artyz7_i/crypto_engine_v1_0_0/inst/crypto_engine_v1_0_S00_AXI_inst/my_crypto_core_inst/u_encryptor/feistel_encrypt_u/ROUND_LOGIC[2].f_inst/u_sub/MEM_WRITE[0].sbox_slice_reg[0][197]/ADDRARDADDR[4] (net: crypto_soc_artyz7_i/crypto_engine_v1_0_0/inst/crypto_engine_v1_0_S00_AXI_inst/my_crypto_core_inst/u_encryptor/feistel_encrypt_u/ROUND_LOGIC[2].f_inst/u_sub/index_reg[0]) which is driven by a register (crypto_soc_artyz7_i/crypto_engine_v1_0_0/inst/crypto_engine_v1_0_S00_AXI_inst/my_crypto_core_inst/u_encryptor/feistel_encrypt_u/ROUND_LOGIC[2].f_inst/u_sub/index_reg[0]) that has an active asychronous set or reset. This may cause corruption of the memory contents and/or read values when the set/reset is asserted and is not analyzed by the default static timing analysis. It is suggested to eliminate the use of a set/reset to registers driving this RAMB pin or else use a synchronous reset in which the assertion of the reset is timed by default.
WARNING: [DRC REQP-1840] RAMB18 async control check: The RAMB18E1 crypto_soc_artyz7_i/crypto_engine_v1_0_0/inst/crypto_engine_v1_0_S00_AXI_inst/my_crypto_core_inst/u_encryptor/feistel_encrypt_u/ROUND_LOGIC[2].f_inst/u_sub/MEM_WRITE[0].sbox_slice_reg[0][197] has an input control pin crypto_soc_artyz7_i/crypto_engine_v1_0_0/inst/crypto_engine_v1_0_S00_AXI_inst/my_crypto_core_inst/u_encryptor/feistel_encrypt_u/ROUND_LOGIC[2].f_inst/u_sub/MEM_WRITE[0].sbox_slice_reg[0][197]/ADDRARDADDR[5] (net: crypto_soc_artyz7_i/crypto_engine_v1_0_0/inst/crypto_engine_v1_0_S00_AXI_inst/my_crypto_core_inst/u_encryptor/feistel_encrypt_u/ROUND_LOGIC[2].f_inst/u_sub/index_reg[1]) which is driven by a register (crypto_soc_artyz7_i/crypto_engine_v1_0_0/inst/crypto_engine_v1_0_S00_AXI_inst/my_crypto_core_inst/u_encryptor/feistel_encrypt_u/ROUND_LOGIC[2].f_inst/u_sub/index_reg[1]) that has an active asychronous set or reset. This may cause corruption of the memory contents and/or read values when the set/reset is asserted and is not analyzed by the default static timing analysis. It is suggested to eliminate the use of a set/reset to registers driving this RAMB pin or else use a synchronous reset in which the assertion of the reset is timed by default.
WARNING: [DRC REQP-1840] RAMB18 async control check: The RAMB18E1 crypto_soc_artyz7_i/crypto_engine_v1_0_0/inst/crypto_engine_v1_0_S00_AXI_inst/my_crypto_core_inst/u_encryptor/feistel_encrypt_u/ROUND_LOGIC[2].f_inst/u_sub/MEM_WRITE[0].sbox_slice_reg[0][197] has an input control pin crypto_soc_artyz7_i/crypto_engine_v1_0_0/inst/crypto_engine_v1_0_S00_AXI_inst/my_crypto_core_inst/u_encryptor/feistel_encrypt_u/ROUND_LOGIC[2].f_inst/u_sub/MEM_WRITE[0].sbox_slice_reg[0][197]/ADDRARDADDR[6] (net: crypto_soc_artyz7_i/crypto_engine_v1_0_0/inst/crypto_engine_v1_0_S00_AXI_inst/my_crypto_core_inst/u_encryptor/feistel_encrypt_u/ROUND_LOGIC[2].f_inst/u_sub/index_reg[2]) which is driven by a register (crypto_soc_artyz7_i/crypto_engine_v1_0_0/inst/crypto_engine_v1_0_S00_AXI_inst/my_crypto_core_inst/u_encryptor/feistel_encrypt_u/ROUND_LOGIC[2].f_inst/u_sub/index_reg[2]) that has an active asychronous set or reset. This may cause corruption of the memory contents and/or read values when the set/reset is asserted and is not analyzed by the default static timing analysis. It is suggested to eliminate the use of a set/reset to registers driving this RAMB pin or else use a synchronous reset in which the assertion of the reset is timed by default.
WARNING: [DRC REQP-1840] RAMB18 async control check: The RAMB18E1 crypto_soc_artyz7_i/crypto_engine_v1_0_0/inst/crypto_engine_v1_0_S00_AXI_inst/my_crypto_core_inst/u_encryptor/feistel_encrypt_u/ROUND_LOGIC[2].f_inst/u_sub/MEM_WRITE[0].sbox_slice_reg[0][197] has an input control pin crypto_soc_artyz7_i/crypto_engine_v1_0_0/inst/crypto_engine_v1_0_S00_AXI_inst/my_crypto_core_inst/u_encryptor/feistel_encrypt_u/ROUND_LOGIC[2].f_inst/u_sub/MEM_WRITE[0].sbox_slice_reg[0][197]/ADDRARDADDR[7] (net: crypto_soc_artyz7_i/crypto_engine_v1_0_0/inst/crypto_engine_v1_0_S00_AXI_inst/my_crypto_core_inst/u_encryptor/feistel_encrypt_u/ROUND_LOGIC[2].f_inst/u_sub/index_reg[3]) which is driven by a register (crypto_soc_artyz7_i/crypto_engine_v1_0_0/inst/crypto_engine_v1_0_S00_AXI_inst/my_crypto_core_inst/u_encryptor/feistel_encrypt_u/ROUND_LOGIC[2].f_inst/u_sub/index_reg[3]) that has an active asychronous set or reset. This may cause corruption of the memory contents and/or read values when the set/reset is asserted and is not analyzed by the default static timing analysis. It is suggested to eliminate the use of a set/reset to registers driving this RAMB pin or else use a synchronous reset in which the assertion of the reset is timed by default.
WARNING: [DRC REQP-1840] RAMB18 async control check: The RAMB18E1 crypto_soc_artyz7_i/crypto_engine_v1_0_0/inst/crypto_engine_v1_0_S00_AXI_inst/my_crypto_core_inst/u_encryptor/feistel_encrypt_u/ROUND_LOGIC[2].f_inst/u_sub/MEM_WRITE[0].sbox_slice_reg[0][197] has an input control pin crypto_soc_artyz7_i/crypto_engine_v1_0_0/inst/crypto_engine_v1_0_S00_AXI_inst/my_crypto_core_inst/u_encryptor/feistel_encrypt_u/ROUND_LOGIC[2].f_inst/u_sub/MEM_WRITE[0].sbox_slice_reg[0][197]/ADDRARDADDR[8] (net: crypto_soc_artyz7_i/crypto_engine_v1_0_0/inst/crypto_engine_v1_0_S00_AXI_inst/my_crypto_core_inst/u_encryptor/feistel_encrypt_u/ROUND_LOGIC[2].f_inst/u_sub/index_reg[4]) which is driven by a register (crypto_soc_artyz7_i/crypto_engine_v1_0_0/inst/crypto_engine_v1_0_S00_AXI_inst/my_crypto_core_inst/u_encryptor/feistel_encrypt_u/ROUND_LOGIC[2].f_inst/u_sub/index_reg[4]) that has an active asychronous set or reset. This may cause corruption of the memory contents and/or read values when the set/reset is asserted and is not analyzed by the default static timing analysis. It is suggested to eliminate the use of a set/reset to registers driving this RAMB pin or else use a synchronous reset in which the assertion of the reset is timed by default.
WARNING: [DRC REQP-1840] RAMB18 async control check: The RAMB18E1 crypto_soc_artyz7_i/crypto_engine_v1_0_0/inst/crypto_engine_v1_0_S00_AXI_inst/my_crypto_core_inst/u_encryptor/feistel_encrypt_u/ROUND_LOGIC[2].f_inst/u_sub/MEM_WRITE[0].sbox_slice_reg[0][197] has an input control pin crypto_soc_artyz7_i/crypto_engine_v1_0_0/inst/crypto_engine_v1_0_S00_AXI_inst/my_crypto_core_inst/u_encryptor/feistel_encrypt_u/ROUND_LOGIC[2].f_inst/u_sub/MEM_WRITE[0].sbox_slice_reg[0][197]/ADDRARDADDR[9] (net: crypto_soc_artyz7_i/crypto_engine_v1_0_0/inst/crypto_engine_v1_0_S00_AXI_inst/my_crypto_core_inst/u_encryptor/feistel_encrypt_u/ROUND_LOGIC[2].f_inst/u_sub/index_reg[5]) which is driven by a register (crypto_soc_artyz7_i/crypto_engine_v1_0_0/inst/crypto_engine_v1_0_S00_AXI_inst/my_crypto_core_inst/u_encryptor/feistel_encrypt_u/ROUND_LOGIC[2].f_inst/u_sub/index_reg[5]) that has an active asychronous set or reset. This may cause corruption of the memory contents and/or read values when the set/reset is asserted and is not analyzed by the default static timing analysis. It is suggested to eliminate the use of a set/reset to registers driving this RAMB pin or else use a synchronous reset in which the assertion of the reset is timed by default.
WARNING: [DRC REQP-1840] RAMB18 async control check: The RAMB18E1 crypto_soc_artyz7_i/crypto_engine_v1_0_0/inst/crypto_engine_v1_0_S00_AXI_inst/my_crypto_core_inst/u_encryptor/feistel_encrypt_u/ROUND_LOGIC[2].f_inst/u_sub/MEM_WRITE[0].sbox_slice_reg[0][197] has an input control pin crypto_soc_artyz7_i/crypto_engine_v1_0_0/inst/crypto_engine_v1_0_S00_AXI_inst/my_crypto_core_inst/u_encryptor/feistel_encrypt_u/ROUND_LOGIC[2].f_inst/u_sub/MEM_WRITE[0].sbox_slice_reg[0][197]/ENARDEN (net: crypto_soc_artyz7_i/crypto_engine_v1_0_0/inst/crypto_engine_v1_0_S00_AXI_inst/my_crypto_core_inst/u_encryptor/feistel_encrypt_u/ROUND_LOGIC[2].f_inst/u_sub/MEM_WRITE[0].sbox_slice_reg[0][197]_ENARDEN_cooolgate_en_sig_75) which is driven by a register (crypto_soc_artyz7_i/crypto_engine_v1_0_0/inst/crypto_engine_v1_0_S00_AXI_inst/my_crypto_core_inst/u_encryptor/feistel_encrypt_u/ROUND_LOGIC[2].f_inst/u_sub/sbox_ready_reg) that has an active asychronous set or reset. This may cause corruption of the memory contents and/or read values when the set/reset is asserted and is not analyzed by the default static timing analysis. It is suggested to eliminate the use of a set/reset to registers driving this RAMB pin or else use a synchronous reset in which the assertion of the reset is timed by default.
WARNING: [DRC REQP-1840] RAMB18 async control check: The RAMB18E1 crypto_soc_artyz7_i/crypto_engine_v1_0_0/inst/crypto_engine_v1_0_S00_AXI_inst/my_crypto_core_inst/u_encryptor/feistel_encrypt_u/ROUND_LOGIC[2].f_inst/u_sub/MEM_WRITE[0].sbox_slice_reg[0][197] has an input control pin crypto_soc_artyz7_i/crypto_engine_v1_0_0/inst/crypto_engine_v1_0_S00_AXI_inst/my_crypto_core_inst/u_encryptor/feistel_encrypt_u/ROUND_LOGIC[2].f_inst/u_sub/MEM_WRITE[0].sbox_slice_reg[0][197]/ENARDEN (net: crypto_soc_artyz7_i/crypto_engine_v1_0_0/inst/crypto_engine_v1_0_S00_AXI_inst/my_crypto_core_inst/u_encryptor/feistel_encrypt_u/ROUND_LOGIC[2].f_inst/u_sub/MEM_WRITE[0].sbox_slice_reg[0][197]_ENARDEN_cooolgate_en_sig_75) which is driven by a register (crypto_soc_artyz7_i/crypto_engine_v1_0_0/inst/crypto_engine_v1_0_S00_AXI_inst/my_crypto_core_inst/u_sbox_gen/valid_reg_rep__1) that has an active asychronous set or reset. This may cause corruption of the memory contents and/or read values when the set/reset is asserted and is not analyzed by the default static timing analysis. It is suggested to eliminate the use of a set/reset to registers driving this RAMB pin or else use a synchronous reset in which the assertion of the reset is timed by default.
WARNING: [DRC REQP-1840] RAMB18 async control check: The RAMB18E1 crypto_soc_artyz7_i/crypto_engine_v1_0_0/inst/crypto_engine_v1_0_S00_AXI_inst/my_crypto_core_inst/u_encryptor/feistel_encrypt_u/ROUND_LOGIC[2].f_inst/u_sub/MEM_WRITE[0].sbox_slice_reg[0][197] has an input control pin crypto_soc_artyz7_i/crypto_engine_v1_0_0/inst/crypto_engine_v1_0_S00_AXI_inst/my_crypto_core_inst/u_encryptor/feistel_encrypt_u/ROUND_LOGIC[2].f_inst/u_sub/MEM_WRITE[0].sbox_slice_reg[0][197]/ENBWREN (net: crypto_soc_artyz7_i/crypto_engine_v1_0_0/inst/crypto_engine_v1_0_S00_AXI_inst/my_crypto_core_inst/u_encryptor/feistel_encrypt_u/ROUND_LOGIC[2].f_inst/u_sub/MEM_WRITE[0].sbox_slice_reg[0][197]_ENBWREN_cooolgate_en_sig_91) which is driven by a register (crypto_soc_artyz7_i/crypto_engine_v1_0_0/inst/crypto_engine_v1_0_S00_AXI_inst/my_crypto_core_inst/u_encryptor/feistel_encrypt_u/ROUND_LOGIC[2].F_tvalid_reg[2]) that has an active asychronous set or reset. This may cause corruption of the memory contents and/or read values when the set/reset is asserted and is not analyzed by the default static timing analysis. It is suggested to eliminate the use of a set/reset to registers driving this RAMB pin or else use a synchronous reset in which the assertion of the reset is timed by default.
WARNING: [DRC REQP-1840] RAMB18 async control check: The RAMB18E1 crypto_soc_artyz7_i/crypto_engine_v1_0_0/inst/crypto_engine_v1_0_S00_AXI_inst/my_crypto_core_inst/u_encryptor/feistel_encrypt_u/ROUND_LOGIC[2].f_inst/u_sub/MEM_WRITE[0].sbox_slice_reg[0][197] has an input control pin crypto_soc_artyz7_i/crypto_engine_v1_0_0/inst/crypto_engine_v1_0_S00_AXI_inst/my_crypto_core_inst/u_encryptor/feistel_encrypt_u/ROUND_LOGIC[2].f_inst/u_sub/MEM_WRITE[0].sbox_slice_reg[0][197]/ENBWREN (net: crypto_soc_artyz7_i/crypto_engine_v1_0_0/inst/crypto_engine_v1_0_S00_AXI_inst/my_crypto_core_inst/u_encryptor/feistel_encrypt_u/ROUND_LOGIC[2].f_inst/u_sub/MEM_WRITE[0].sbox_slice_reg[0][197]_ENBWREN_cooolgate_en_sig_91) which is driven by a register (crypto_soc_artyz7_i/crypto_engine_v1_0_0/inst/crypto_engine_v1_0_S00_AXI_inst/my_crypto_core_inst/u_encryptor/feistel_encrypt_u/ROUND_LOGIC[2].f_inst/u_sub/sbox_ready_reg) that has an active asychronous set or reset. This may cause corruption of the memory contents and/or read values when the set/reset is asserted and is not analyzed by the default static timing analysis. It is suggested to eliminate the use of a set/reset to registers driving this RAMB pin or else use a synchronous reset in which the assertion of the reset is timed by default.
WARNING: [DRC REQP-1840] RAMB18 async control check: The RAMB18E1 crypto_soc_artyz7_i/crypto_engine_v1_0_0/inst/crypto_engine_v1_0_S00_AXI_inst/my_crypto_core_inst/u_encryptor/feistel_encrypt_u/ROUND_LOGIC[2].f_inst/u_sub/MEM_WRITE[0].sbox_slice_reg[0][197] has an input control pin crypto_soc_artyz7_i/crypto_engine_v1_0_0/inst/crypto_engine_v1_0_S00_AXI_inst/my_crypto_core_inst/u_encryptor/feistel_encrypt_u/ROUND_LOGIC[2].f_inst/u_sub/MEM_WRITE[0].sbox_slice_reg[0][197]/WEA[0] (net: crypto_soc_artyz7_i/crypto_engine_v1_0_0/inst/crypto_engine_v1_0_S00_AXI_inst/my_crypto_core_inst/u_encryptor/feistel_encrypt_u/ROUND_LOGIC[2].f_inst/u_sub/index1) which is driven by a register (crypto_soc_artyz7_i/crypto_engine_v1_0_0/inst/crypto_engine_v1_0_S00_AXI_inst/my_crypto_core_inst/u_encryptor/feistel_encrypt_u/ROUND_LOGIC[2].f_inst/u_sub/sbox_ready_reg) that has an active asychronous set or reset. This may cause corruption of the memory contents and/or read values when the set/reset is asserted and is not analyzed by the default static timing analysis. It is suggested to eliminate the use of a set/reset to registers driving this RAMB pin or else use a synchronous reset in which the assertion of the reset is timed by default.
WARNING: [DRC REQP-1840] RAMB18 async control check: The RAMB18E1 crypto_soc_artyz7_i/crypto_engine_v1_0_0/inst/crypto_engine_v1_0_S00_AXI_inst/my_crypto_core_inst/u_encryptor/feistel_encrypt_u/ROUND_LOGIC[2].f_inst/u_sub/MEM_WRITE[0].sbox_slice_reg[0][197] has an input control pin crypto_soc_artyz7_i/crypto_engine_v1_0_0/inst/crypto_engine_v1_0_S00_AXI_inst/my_crypto_core_inst/u_encryptor/feistel_encrypt_u/ROUND_LOGIC[2].f_inst/u_sub/MEM_WRITE[0].sbox_slice_reg[0][197]/WEA[1] (net: crypto_soc_artyz7_i/crypto_engine_v1_0_0/inst/crypto_engine_v1_0_S00_AXI_inst/my_crypto_core_inst/u_encryptor/feistel_encrypt_u/ROUND_LOGIC[2].f_inst/u_sub/index1) which is driven by a register (crypto_soc_artyz7_i/crypto_engine_v1_0_0/inst/crypto_engine_v1_0_S00_AXI_inst/my_crypto_core_inst/u_encryptor/feistel_encrypt_u/ROUND_LOGIC[2].f_inst/u_sub/sbox_ready_reg) that has an active asychronous set or reset. This may cause corruption of the memory contents and/or read values when the set/reset is asserted and is not analyzed by the default static timing analysis. It is suggested to eliminate the use of a set/reset to registers driving this RAMB pin or else use a synchronous reset in which the assertion of the reset is timed by default.
WARNING: [DRC REQP-1840] RAMB18 async control check: The RAMB18E1 crypto_soc_artyz7_i/crypto_engine_v1_0_0/inst/crypto_engine_v1_0_S00_AXI_inst/my_crypto_core_inst/u_encryptor/feistel_encrypt_u/ROUND_LOGIC[2].f_inst/u_sub/MEM_WRITE[10].sbox_slice_reg[10][197] has an input control pin crypto_soc_artyz7_i/crypto_engine_v1_0_0/inst/crypto_engine_v1_0_S00_AXI_inst/my_crypto_core_inst/u_encryptor/feistel_encrypt_u/ROUND_LOGIC[2].f_inst/u_sub/MEM_WRITE[10].sbox_slice_reg[10][197]/ADDRARDADDR[10] (net: crypto_soc_artyz7_i/crypto_engine_v1_0_0/inst/crypto_engine_v1_0_S00_AXI_inst/my_crypto_core_inst/u_encryptor/feistel_encrypt_u/ROUND_LOGIC[2].f_inst/u_sub/index_reg[6]) which is driven by a register (crypto_soc_artyz7_i/crypto_engine_v1_0_0/inst/crypto_engine_v1_0_S00_AXI_inst/my_crypto_core_inst/u_encryptor/feistel_encrypt_u/ROUND_LOGIC[2].f_inst/u_sub/index_reg[6]) that has an active asychronous set or reset. This may cause corruption of the memory contents and/or read values when the set/reset is asserted and is not analyzed by the default static timing analysis. It is suggested to eliminate the use of a set/reset to registers driving this RAMB pin or else use a synchronous reset in which the assertion of the reset is timed by default.
WARNING: [DRC REQP-1840] RAMB18 async control check: The RAMB18E1 crypto_soc_artyz7_i/crypto_engine_v1_0_0/inst/crypto_engine_v1_0_S00_AXI_inst/my_crypto_core_inst/u_encryptor/feistel_encrypt_u/ROUND_LOGIC[2].f_inst/u_sub/MEM_WRITE[10].sbox_slice_reg[10][197] has an input control pin crypto_soc_artyz7_i/crypto_engine_v1_0_0/inst/crypto_engine_v1_0_S00_AXI_inst/my_crypto_core_inst/u_encryptor/feistel_encrypt_u/ROUND_LOGIC[2].f_inst/u_sub/MEM_WRITE[10].sbox_slice_reg[10][197]/ADDRARDADDR[11] (net: crypto_soc_artyz7_i/crypto_engine_v1_0_0/inst/crypto_engine_v1_0_S00_AXI_inst/my_crypto_core_inst/u_encryptor/feistel_encrypt_u/ROUND_LOGIC[2].f_inst/u_sub/index_reg[7]) which is driven by a register (crypto_soc_artyz7_i/crypto_engine_v1_0_0/inst/crypto_engine_v1_0_S00_AXI_inst/my_crypto_core_inst/u_encryptor/feistel_encrypt_u/ROUND_LOGIC[2].f_inst/u_sub/index_reg[7]) that has an active asychronous set or reset. This may cause corruption of the memory contents and/or read values when the set/reset is asserted and is not analyzed by the default static timing analysis. It is suggested to eliminate the use of a set/reset to registers driving this RAMB pin or else use a synchronous reset in which the assertion of the reset is timed by default.
WARNING: [DRC REQP-1840] RAMB18 async control check: The RAMB18E1 crypto_soc_artyz7_i/crypto_engine_v1_0_0/inst/crypto_engine_v1_0_S00_AXI_inst/my_crypto_core_inst/u_encryptor/feistel_encrypt_u/ROUND_LOGIC[2].f_inst/u_sub/MEM_WRITE[10].sbox_slice_reg[10][197] has an input control pin crypto_soc_artyz7_i/crypto_engine_v1_0_0/inst/crypto_engine_v1_0_S00_AXI_inst/my_crypto_core_inst/u_encryptor/feistel_encrypt_u/ROUND_LOGIC[2].f_inst/u_sub/MEM_WRITE[10].sbox_slice_reg[10][197]/ADDRARDADDR[6] (net: crypto_soc_artyz7_i/crypto_engine_v1_0_0/inst/crypto_engine_v1_0_S00_AXI_inst/my_crypto_core_inst/u_encryptor/feistel_encrypt_u/ROUND_LOGIC[2].f_inst/u_sub/index_reg[2]) which is driven by a register (crypto_soc_artyz7_i/crypto_engine_v1_0_0/inst/crypto_engine_v1_0_S00_AXI_inst/my_crypto_core_inst/u_encryptor/feistel_encrypt_u/ROUND_LOGIC[2].f_inst/u_sub/index_reg[2]) that has an active asychronous set or reset. This may cause corruption of the memory contents and/or read values when the set/reset is asserted and is not analyzed by the default static timing analysis. It is suggested to eliminate the use of a set/reset to registers driving this RAMB pin or else use a synchronous reset in which the assertion of the reset is timed by default.
WARNING: [DRC REQP-1840] RAMB18 async control check: The RAMB18E1 crypto_soc_artyz7_i/crypto_engine_v1_0_0/inst/crypto_engine_v1_0_S00_AXI_inst/my_crypto_core_inst/u_encryptor/feistel_encrypt_u/ROUND_LOGIC[2].f_inst/u_sub/MEM_WRITE[10].sbox_slice_reg[10][197] has an input control pin crypto_soc_artyz7_i/crypto_engine_v1_0_0/inst/crypto_engine_v1_0_S00_AXI_inst/my_crypto_core_inst/u_encryptor/feistel_encrypt_u/ROUND_LOGIC[2].f_inst/u_sub/MEM_WRITE[10].sbox_slice_reg[10][197]/ADDRARDADDR[7] (net: crypto_soc_artyz7_i/crypto_engine_v1_0_0/inst/crypto_engine_v1_0_S00_AXI_inst/my_crypto_core_inst/u_encryptor/feistel_encrypt_u/ROUND_LOGIC[2].f_inst/u_sub/index_reg[3]) which is driven by a register (crypto_soc_artyz7_i/crypto_engine_v1_0_0/inst/crypto_engine_v1_0_S00_AXI_inst/my_crypto_core_inst/u_encryptor/feistel_encrypt_u/ROUND_LOGIC[2].f_inst/u_sub/index_reg[3]) that has an active asychronous set or reset. This may cause corruption of the memory contents and/or read values when the set/reset is asserted and is not analyzed by the default static timing analysis. It is suggested to eliminate the use of a set/reset to registers driving this RAMB pin or else use a synchronous reset in which the assertion of the reset is timed by default.
WARNING: [DRC REQP-1840] RAMB18 async control check: The RAMB18E1 crypto_soc_artyz7_i/crypto_engine_v1_0_0/inst/crypto_engine_v1_0_S00_AXI_inst/my_crypto_core_inst/u_encryptor/feistel_encrypt_u/ROUND_LOGIC[2].f_inst/u_sub/MEM_WRITE[10].sbox_slice_reg[10][197] has an input control pin crypto_soc_artyz7_i/crypto_engine_v1_0_0/inst/crypto_engine_v1_0_S00_AXI_inst/my_crypto_core_inst/u_encryptor/feistel_encrypt_u/ROUND_LOGIC[2].f_inst/u_sub/MEM_WRITE[10].sbox_slice_reg[10][197]/ADDRARDADDR[8] (net: crypto_soc_artyz7_i/crypto_engine_v1_0_0/inst/crypto_engine_v1_0_S00_AXI_inst/my_crypto_core_inst/u_encryptor/feistel_encrypt_u/ROUND_LOGIC[2].f_inst/u_sub/index_reg[4]) which is driven by a register (crypto_soc_artyz7_i/crypto_engine_v1_0_0/inst/crypto_engine_v1_0_S00_AXI_inst/my_crypto_core_inst/u_encryptor/feistel_encrypt_u/ROUND_LOGIC[2].f_inst/u_sub/index_reg[4]) that has an active asychronous set or reset. This may cause corruption of the memory contents and/or read values when the set/reset is asserted and is not analyzed by the default static timing analysis. It is suggested to eliminate the use of a set/reset to registers driving this RAMB pin or else use a synchronous reset in which the assertion of the reset is timed by default.
WARNING: [DRC REQP-1840] RAMB18 async control check: The RAMB18E1 crypto_soc_artyz7_i/crypto_engine_v1_0_0/inst/crypto_engine_v1_0_S00_AXI_inst/my_crypto_core_inst/u_encryptor/feistel_encrypt_u/ROUND_LOGIC[2].f_inst/u_sub/MEM_WRITE[10].sbox_slice_reg[10][197] has an input control pin crypto_soc_artyz7_i/crypto_engine_v1_0_0/inst/crypto_engine_v1_0_S00_AXI_inst/my_crypto_core_inst/u_encryptor/feistel_encrypt_u/ROUND_LOGIC[2].f_inst/u_sub/MEM_WRITE[10].sbox_slice_reg[10][197]/ADDRARDADDR[9] (net: crypto_soc_artyz7_i/crypto_engine_v1_0_0/inst/crypto_engine_v1_0_S00_AXI_inst/my_crypto_core_inst/u_encryptor/feistel_encrypt_u/ROUND_LOGIC[2].f_inst/u_sub/index_reg[5]) which is driven by a register (crypto_soc_artyz7_i/crypto_engine_v1_0_0/inst/crypto_engine_v1_0_S00_AXI_inst/my_crypto_core_inst/u_encryptor/feistel_encrypt_u/ROUND_LOGIC[2].f_inst/u_sub/index_reg[5]) that has an active asychronous set or reset. This may cause corruption of the memory contents and/or read values when the set/reset is asserted and is not analyzed by the default static timing analysis. It is suggested to eliminate the use of a set/reset to registers driving this RAMB pin or else use a synchronous reset in which the assertion of the reset is timed by default.
WARNING: [DRC RTSTAT-10] No routable loads: 77 net(s) have no routable loads. The problem bus(es) and/or net(s) are crypto_soc_artyz7_i/axi_mem_intercon/m00_couplers/auto_ds/inst/gen_downsizer.gen_cascaded_downsizer.gen_axi3_conv.axi3_conv_inst/gen_axi4_axi3.axi3_conv_inst/USE_WRITE.write_addr_inst/USE_B_CHANNEL.cmd_b_queue/inst/fifo_gen_inst/inst_fifo_gen/gconvfifo.rf/grf.rf/gntv_or_sync_fifo.gl0.rd/gr1.gr1_int.rfwft/aempty_fwft_i, crypto_soc_artyz7_i/axi_mem_intercon/m00_couplers/auto_ds/inst/gen_downsizer.gen_cascaded_downsizer.first_downsizer_inst/USE_WRITE.write_addr_inst/USE_B_CHANNEL.cmd_b_queue/inst/fifo_gen_inst/inst_fifo_gen/gconvfifo.rf/grf.rf/gntv_or_sync_fifo.gl0.rd/gr1.gr1_int.rfwft/aempty_fwft_i, crypto_soc_artyz7_i/axi_mem_intercon/m00_couplers/auto_ds/inst/gen_downsizer.gen_cascaded_downsizer.first_downsizer_inst/USE_WRITE.write_addr_inst/cmd_queue/inst/fifo_gen_inst/inst_fifo_gen/gconvfifo.rf/grf.rf/gntv_or_sync_fifo.gl0.rd/gr1.gr1_int.rfwft/aempty_fwft_i, crypto_soc_artyz7_i/axi_mem_intercon/m00_couplers/auto_ds/inst/gen_downsizer.gen_cascaded_downsizer.first_downsizer_inst/USE_READ.read_addr_inst/cmd_queue/inst/fifo_gen_inst/inst_fifo_gen/gconvfifo.rf/grf.rf/gntv_or_sync_fifo.gl0.rd/gr1.gr1_int.rfwft/aempty_fwft_i, crypto_soc_artyz7_i/axi_mem_intercon/m00_couplers/auto_pc/inst/gen_axi4_axi3.axi3_conv_inst/USE_WRITE.write_addr_inst/USE_BURSTS.cmd_queue/inst/fifo_gen_inst/inst_fifo_gen/gconvfifo.rf/grf.rf/gntv_or_sync_fifo.gl0.rd/gr1.gr1_int.rfwft/aempty_fwft_i, crypto_soc_artyz7_i/axi_mem_intercon/m00_couplers/auto_ds/inst/gen_downsizer.gen_cascaded_downsizer.gen_axi3_conv.axi3_conv_inst/gen_axi4_axi3.axi3_conv_inst/USE_READ.USE_SPLIT_R.read_addr_inst/USE_R_CHANNEL.cmd_queue/inst/fifo_gen_inst/inst_fifo_gen/gconvfifo.rf/grf.rf/gntv_or_sync_fifo.gl0.rd/gr1.gr1_int.rfwft/aempty_fwft_i, crypto_soc_artyz7_i/axi_mem_intercon/m00_couplers/auto_ds/inst/gen_downsizer.gen_cascaded_downsizer.gen_axi3_conv.axi3_conv_inst/gen_axi4_axi3.axi3_conv_inst/USE_WRITE.write_addr_inst/USE_BURSTS.cmd_queue/inst/fifo_gen_inst/inst_fifo_gen/gconvfifo.rf/grf.rf/gntv_or_sync_fifo.gl0.rd/gr1.gr1_int.rfwft/aempty_fwft_i, crypto_soc_artyz7_i/axi_mem_intercon/m00_couplers/auto_ds/inst/gen_downsizer.gen_cascaded_downsizer.first_downsizer_inst/USE_READ.read_addr_inst/cmd_queue/inst/fifo_gen_inst/inst_fifo_gen/gconvfifo.rf/grf.rf/rstblk/ngwrdrst.grst.rd_rst_reg[2:0], crypto_soc_artyz7_i/axi_mem_intercon/m00_couplers/auto_ds/inst/gen_downsizer.gen_cascaded_downsizer.first_downsizer_inst/USE_WRITE.write_addr_inst/cmd_queue/inst/fifo_gen_inst/inst_fifo_gen/gconvfifo.rf/grf.rf/rstblk/ngwrdrst.grst.rd_rst_reg[2:0], crypto_soc_artyz7_i/axi_mem_intercon/m00_couplers/auto_ds/inst/gen_downsizer.gen_cascaded_downsizer.gen_axi3_conv.axi3_conv_inst/gen_axi4_axi3.axi3_conv_inst/USE_WRITE.write_addr_inst/USE_B_CHANNEL.cmd_b_queue/inst/fifo_gen_inst/inst_fifo_gen/gconvfifo.rf/grf.rf/rstblk/ngwrdrst.grst.rd_rst_reg[2:0], crypto_soc_artyz7_i/axi_mem_intercon/m00_couplers/auto_ds/inst/gen_downsizer.gen_cascaded_downsizer.gen_axi3_conv.axi3_conv_inst/gen_axi4_axi3.axi3_conv_inst/USE_READ.USE_SPLIT_R.read_addr_inst/USE_R_CHANNEL.cmd_queue/inst/fifo_gen_inst/inst_fifo_gen/gconvfifo.rf/grf.rf/rstblk/ngwrdrst.grst.rd_rst_reg[2:0], crypto_soc_artyz7_i/axi_mem_intercon/m00_couplers/auto_pc/inst/gen_axi4_axi3.axi3_conv_inst/USE_WRITE.write_addr_inst/USE_BURSTS.cmd_queue/inst/fifo_gen_inst/inst_fifo_gen/gconvfifo.rf/grf.rf/rstblk/ngwrdrst.grst.rd_rst_reg[2:0], crypto_soc_artyz7_i/axi_mem_intercon/m00_couplers/auto_ds/inst/gen_downsizer.gen_cascaded_downsizer.first_downsizer_inst/USE_WRITE.write_addr_inst/USE_B_CHANNEL.cmd_b_queue/inst/fifo_gen_inst/inst_fifo_gen/gconvfifo.rf/grf.rf/rstblk/ngwrdrst.grst.rd_rst_reg[2:0], crypto_soc_artyz7_i/axi_mem_intercon/m00_couplers/auto_ds/inst/gen_downsizer.gen_cascaded_downsizer.gen_axi3_conv.axi3_conv_inst/gen_axi4_axi3.axi3_conv_inst/USE_WRITE.write_addr_inst/USE_BURSTS.cmd_queue/inst/fifo_gen_inst/inst_fifo_gen/gconvfifo.rf/grf.rf/rstblk/ngwrdrst.grst.rd_rst_reg[2:0], crypto_soc_artyz7_i/axi_mem_intercon/m00_couplers/auto_ds/inst/gen_downsizer.gen_cascaded_downsizer.first_downsizer_inst/USE_WRITE.write_addr_inst/USE_B_CHANNEL.cmd_b_queue/inst/fifo_gen_inst/inst_fifo_gen/gconvfifo.rf/grf.rf/rstblk/ngwrdrst.grst.wr_rst_reg[2:0]... and (the first 15 of 49 listed).
INFO: [DRC AVAL-4] enum_USE_DPORT_FALSE_enum_DREG_ADREG_0_connects_CED_CEAD_RSTD_GND: crypto_soc_artyz7_i/crypto_engine_v1_0_0/inst/crypto_engine_v1_0_S00_AXI_inst/my_crypto_core_inst/u_prng/affine_transform_u/add_block[0].add_inst/inst/i_synth/ADDSUB_OP.ADDSUB/DSP.OP/DSP48E1_BODY.NORM_RND/FULL_USAGE_DSP.SHIFT_RND/i_no_versal_es1_workaround.DSP: DSP48E1 is not using the D port (USE_DPORT = FALSE). For improved power characteristics, set DREG and ADREG to '1', tie CED, CEAD, and RSTD to logic '0'.
INFO: [DRC AVAL-4] enum_USE_DPORT_FALSE_enum_DREG_ADREG_0_connects_CED_CEAD_RSTD_GND: crypto_soc_artyz7_i/crypto_engine_v1_0_0/inst/crypto_engine_v1_0_S00_AXI_inst/my_crypto_core_inst/u_prng/affine_transform_u/add_block[1].add_inst/inst/i_synth/ADDSUB_OP.ADDSUB/DSP.OP/DSP48E1_BODY.NORM_RND/FULL_USAGE_DSP.SHIFT_RND/i_no_versal_es1_workaround.DSP: DSP48E1 is not using the D port (USE_DPORT = FALSE). For improved power characteristics, set DREG and ADREG to '1', tie CED, CEAD, and RSTD to logic '0'.
INFO: [DRC AVAL-4] enum_USE_DPORT_FALSE_enum_DREG_ADREG_0_connects_CED_CEAD_RSTD_GND: crypto_soc_artyz7_i/crypto_engine_v1_0_0/inst/crypto_engine_v1_0_S00_AXI_inst/my_crypto_core_inst/u_prng/affine_transform_u/add_block[2].add_inst/inst/i_synth/ADDSUB_OP.ADDSUB/DSP.OP/DSP48E1_BODY.NORM_RND/FULL_USAGE_DSP.SHIFT_RND/i_no_versal_es1_workaround.DSP: DSP48E1 is not using the D port (USE_DPORT = FALSE). For improved power characteristics, set DREG and ADREG to '1', tie CED, CEAD, and RSTD to logic '0'.
INFO: [DRC AVAL-4] enum_USE_DPORT_FALSE_enum_DREG_ADREG_0_connects_CED_CEAD_RSTD_GND: crypto_soc_artyz7_i/crypto_engine_v1_0_0/inst/crypto_engine_v1_0_S00_AXI_inst/my_crypto_core_inst/u_prng/affine_transform_u/add_block[3].add_inst/inst/i_synth/ADDSUB_OP.ADDSUB/DSP.OP/DSP48E1_BODY.NORM_RND/FULL_USAGE_DSP.SHIFT_RND/i_no_versal_es1_workaround.DSP: DSP48E1 is not using the D port (USE_DPORT = FALSE). For improved power characteristics, set DREG and ADREG to '1', tie CED, CEAD, and RSTD to logic '0'.
INFO: [DRC AVAL-4] enum_USE_DPORT_FALSE_enum_DREG_ADREG_0_connects_CED_CEAD_RSTD_GND: crypto_soc_artyz7_i/crypto_engine_v1_0_0/inst/crypto_engine_v1_0_S00_AXI_inst/my_crypto_core_inst/u_prng/affine_transform_u/add_block[4].add_inst/inst/i_synth/ADDSUB_OP.ADDSUB/DSP.OP/DSP48E1_BODY.NORM_RND/FULL_USAGE_DSP.SHIFT_RND/i_no_versal_es1_workaround.DSP: DSP48E1 is not using the D port (USE_DPORT = FALSE). For improved power characteristics, set DREG and ADREG to '1', tie CED, CEAD, and RSTD to logic '0'.
INFO: [DRC AVAL-4] enum_USE_DPORT_FALSE_enum_DREG_ADREG_0_connects_CED_CEAD_RSTD_GND: crypto_soc_artyz7_i/crypto_engine_v1_0_0/inst/crypto_engine_v1_0_S00_AXI_inst/my_crypto_core_inst/u_prng/affine_transform_u/add_block[5].add_inst/inst/i_synth/ADDSUB_OP.ADDSUB/DSP.OP/DSP48E1_BODY.NORM_RND/FULL_USAGE_DSP.SHIFT_RND/i_no_versal_es1_workaround.DSP: DSP48E1 is not using the D port (USE_DPORT = FALSE). For improved power characteristics, set DREG and ADREG to '1', tie CED, CEAD, and RSTD to logic '0'.
INFO: [DRC AVAL-4] enum_USE_DPORT_FALSE_enum_DREG_ADREG_0_connects_CED_CEAD_RSTD_GND: crypto_soc_artyz7_i/crypto_engine_v1_0_0/inst/crypto_engine_v1_0_S00_AXI_inst/my_crypto_core_inst/u_prng/affine_transform_u/add_block[6].add_inst/inst/i_synth/ADDSUB_OP.ADDSUB/DSP.OP/DSP48E1_BODY.NORM_RND/FULL_USAGE_DSP.SHIFT_RND/i_no_versal_es1_workaround.DSP: DSP48E1 is not using the D port (USE_DPORT = FALSE). For improved power characteristics, set DREG and ADREG to '1', tie CED, CEAD, and RSTD to logic '0'.
INFO: [DRC AVAL-4] enum_USE_DPORT_FALSE_enum_DREG_ADREG_0_connects_CED_CEAD_RSTD_GND: crypto_soc_artyz7_i/crypto_engine_v1_0_0/inst/crypto_engine_v1_0_S00_AXI_inst/my_crypto_core_inst/u_prng/affine_transform_u/add_block[7].add_inst/inst/i_synth/ADDSUB_OP.ADDSUB/DSP.OP/DSP48E1_BODY.NORM_RND/FULL_USAGE_DSP.SHIFT_RND/i_no_versal_es1_workaround.DSP: DSP48E1 is not using the D port (USE_DPORT = FALSE). For improved power characteristics, set DREG and ADREG to '1', tie CED, CEAD, and RSTD to logic '0'.
INFO: [DRC AVAL-4] enum_USE_DPORT_FALSE_enum_DREG_ADREG_0_connects_CED_CEAD_RSTD_GND: crypto_soc_artyz7_i/crypto_engine_v1_0_0/inst/crypto_engine_v1_0_S00_AXI_inst/my_crypto_core_inst/u_prng/affine_transform_u/add_block[8].add_inst/inst/i_synth/ADDSUB_OP.ADDSUB/DSP.OP/DSP48E1_BODY.NORM_RND/FULL_USAGE_DSP.SHIFT_RND/i_no_versal_es1_workaround.DSP: DSP48E1 is not using the D port (USE_DPORT = FALSE). For improved power characteristics, set DREG and ADREG to '1', tie CED, CEAD, and RSTD to logic '0'.
INFO: [DRC AVAL-4] enum_USE_DPORT_FALSE_enum_DREG_ADREG_0_connects_CED_CEAD_RSTD_GND: crypto_soc_artyz7_i/crypto_engine_v1_0_0/inst/crypto_engine_v1_0_S00_AXI_inst/my_crypto_core_inst/u_prng/affine_transform_u/mul_block[0].mul_inst/inst/i_synth/MULT.OP/i_non_prim.MULT/DSP48E1_SPD_SGL_VARIANT.FIX_MULT/DSP1/i_no_versal_es1_workaround.DSP: DSP48E1 is not using the D port (USE_DPORT = FALSE). For improved power characteristics, set DREG and ADREG to '1', tie CED, CEAD, and RSTD to logic '0'.
INFO: [DRC AVAL-4] enum_USE_DPORT_FALSE_enum_DREG_ADREG_0_connects_CED_CEAD_RSTD_GND: crypto_soc_artyz7_i/crypto_engine_v1_0_0/inst/crypto_engine_v1_0_S00_AXI_inst/my_crypto_core_inst/u_prng/affine_transform_u/mul_block[0].mul_inst/inst/i_synth/MULT.OP/i_non_prim.MULT/DSP48E1_SPD_SGL_VARIANT.FIX_MULT/DSP2/i_no_versal_es1_workaround.DSP: DSP48E1 is not using the D port (USE_DPORT = FALSE). For improved power characteristics, set DREG and ADREG to '1', tie CED, CEAD, and RSTD to logic '0'.
INFO: [DRC AVAL-4] enum_USE_DPORT_FALSE_enum_DREG_ADREG_0_connects_CED_CEAD_RSTD_GND: crypto_soc_artyz7_i/crypto_engine_v1_0_0/inst/crypto_engine_v1_0_S00_AXI_inst/my_crypto_core_inst/u_prng/affine_transform_u/mul_block[0].mul_inst/inst/i_synth/MULT.OP/i_non_prim.R_AND_R/LAT_OPT.FULL.R_AND_R/DSP48E1_SGL_EXP_IP.OLD_ADD.ADD/i_no_versal_es1_workaround.DSP: DSP48E1 is not using the D port (USE_DPORT = FALSE). For improved power characteristics, set DREG and ADREG to '1', tie CED, CEAD, and RSTD to logic '0'.
INFO: [DRC AVAL-4] enum_USE_DPORT_FALSE_enum_DREG_ADREG_0_connects_CED_CEAD_RSTD_GND: crypto_soc_artyz7_i/crypto_engine_v1_0_0/inst/crypto_engine_v1_0_S00_AXI_inst/my_crypto_core_inst/u_prng/affine_transform_u/mul_block[1].mul_inst/inst/i_synth/MULT.OP/i_non_prim.MULT/DSP48E1_SPD_SGL_VARIANT.FIX_MULT/DSP1/i_no_versal_es1_workaround.DSP: DSP48E1 is not using the D port (USE_DPORT = FALSE). For improved power characteristics, set DREG and ADREG to '1', tie CED, CEAD, and RSTD to logic '0'.
INFO: [DRC AVAL-4] enum_USE_DPORT_FALSE_enum_DREG_ADREG_0_connects_CED_CEAD_RSTD_GND: crypto_soc_artyz7_i/crypto_engine_v1_0_0/inst/crypto_engine_v1_0_S00_AXI_inst/my_crypto_core_inst/u_prng/affine_transform_u/mul_block[1].mul_inst/inst/i_synth/MULT.OP/i_non_prim.MULT/DSP48E1_SPD_SGL_VARIANT.FIX_MULT/DSP2/i_no_versal_es1_workaround.DSP: DSP48E1 is not using the D port (USE_DPORT = FALSE). For improved power characteristics, set DREG and ADREG to '1', tie CED, CEAD, and RSTD to logic '0'.
INFO: [DRC AVAL-4] enum_USE_DPORT_FALSE_enum_DREG_ADREG_0_connects_CED_CEAD_RSTD_GND: crypto_soc_artyz7_i/crypto_engine_v1_0_0/inst/crypto_engine_v1_0_S00_AXI_inst/my_crypto_core_inst/u_prng/affine_transform_u/mul_block[1].mul_inst/inst/i_synth/MULT.OP/i_non_prim.R_AND_R/LAT_OPT.FULL.R_AND_R/DSP48E1_SGL_EXP_IP.OLD_ADD.ADD/i_no_versal_es1_workaround.DSP: DSP48E1 is not using the D port (USE_DPORT = FALSE). For improved power characteristics, set DREG and ADREG to '1', tie CED, CEAD, and RSTD to logic '0'.
INFO: [DRC AVAL-4] enum_USE_DPORT_FALSE_enum_DREG_ADREG_0_connects_CED_CEAD_RSTD_GND: crypto_soc_artyz7_i/crypto_engine_v1_0_0/inst/crypto_engine_v1_0_S00_AXI_inst/my_crypto_core_inst/u_prng/affine_transform_u/mul_block[2].mul_inst/inst/i_synth/MULT.OP/i_non_prim.MULT/DSP48E1_SPD_SGL_VARIANT.FIX_MULT/DSP1/i_no_versal_es1_workaround.DSP: DSP48E1 is not using the D port (USE_DPORT = FALSE). For improved power characteristics, set DREG and ADREG to '1', tie CED, CEAD, and RSTD to logic '0'.
INFO: [DRC AVAL-4] enum_USE_DPORT_FALSE_enum_DREG_ADREG_0_connects_CED_CEAD_RSTD_GND: crypto_soc_artyz7_i/crypto_engine_v1_0_0/inst/crypto_engine_v1_0_S00_AXI_inst/my_crypto_core_inst/u_prng/affine_transform_u/mul_block[2].mul_inst/inst/i_synth/MULT.OP/i_non_prim.MULT/DSP48E1_SPD_SGL_VARIANT.FIX_MULT/DSP2/i_no_versal_es1_workaround.DSP: DSP48E1 is not using the D port (USE_DPORT = FALSE). For improved power characteristics, set DREG and ADREG to '1', tie CED, CEAD, and RSTD to logic '0'.
INFO: [DRC AVAL-4] enum_USE_DPORT_FALSE_enum_DREG_ADREG_0_connects_CED_CEAD_RSTD_GND: crypto_soc_artyz7_i/crypto_engine_v1_0_0/inst/crypto_engine_v1_0_S00_AXI_inst/my_crypto_core_inst/u_prng/affine_transform_u/mul_block[2].mul_inst/inst/i_synth/MULT.OP/i_non_prim.R_AND_R/LAT_OPT.FULL.R_AND_R/DSP48E1_SGL_EXP_IP.OLD_ADD.ADD/i_no_versal_es1_workaround.DSP: DSP48E1 is not using the D port (USE_DPORT = FALSE). For improved power characteristics, set DREG and ADREG to '1', tie CED, CEAD, and RSTD to logic '0'.
INFO: [DRC AVAL-4] enum_USE_DPORT_FALSE_enum_DREG_ADREG_0_connects_CED_CEAD_RSTD_GND: crypto_soc_artyz7_i/crypto_engine_v1_0_0/inst/crypto_engine_v1_0_S00_AXI_inst/my_crypto_core_inst/u_prng/affine_transform_u/mul_block[3].mul_inst/inst/i_synth/MULT.OP/i_non_prim.MULT/DSP48E1_SPD_SGL_VARIANT.FIX_MULT/DSP1/i_no_versal_es1_workaround.DSP: DSP48E1 is not using the D port (USE_DPORT = FALSE). For improved power characteristics, set DREG and ADREG to '1', tie CED, CEAD, and RSTD to logic '0'.
INFO: [DRC AVAL-4] enum_USE_DPORT_FALSE_enum_DREG_ADREG_0_connects_CED_CEAD_RSTD_GND: crypto_soc_artyz7_i/crypto_engine_v1_0_0/inst/crypto_engine_v1_0_S00_AXI_inst/my_crypto_core_inst/u_prng/affine_transform_u/mul_block[3].mul_inst/inst/i_synth/MULT.OP/i_non_prim.MULT/DSP48E1_SPD_SGL_VARIANT.FIX_MULT/DSP2/i_no_versal_es1_workaround.DSP: DSP48E1 is not using the D port (USE_DPORT = FALSE). For improved power characteristics, set DREG and ADREG to '1', tie CED, CEAD, and RSTD to logic '0'.
INFO: [DRC AVAL-4] enum_USE_DPORT_FALSE_enum_DREG_ADREG_0_connects_CED_CEAD_RSTD_GND: crypto_soc_artyz7_i/crypto_engine_v1_0_0/inst/crypto_engine_v1_0_S00_AXI_inst/my_crypto_core_inst/u_prng/affine_transform_u/mul_block[3].mul_inst/inst/i_synth/MULT.OP/i_non_prim.R_AND_R/LAT_OPT.FULL.R_AND_R/DSP48E1_SGL_EXP_IP.OLD_ADD.ADD/i_no_versal_es1_workaround.DSP: DSP48E1 is not using the D port (USE_DPORT = FALSE). For improved power characteristics, set DREG and ADREG to '1', tie CED, CEAD, and RSTD to logic '0'.
INFO: [DRC AVAL-4] enum_USE_DPORT_FALSE_enum_DREG_ADREG_0_connects_CED_CEAD_RSTD_GND: crypto_soc_artyz7_i/crypto_engine_v1_0_0/inst/crypto_engine_v1_0_S00_AXI_inst/my_crypto_core_inst/u_prng/affine_transform_u/mul_block[4].mul_inst/inst/i_synth/MULT.OP/i_non_prim.MULT/DSP48E1_SPD_SGL_VARIANT.FIX_MULT/DSP1/i_no_versal_es1_workaround.DSP: DSP48E1 is not using the D port (USE_DPORT = FALSE). For improved power characteristics, set DREG and ADREG to '1', tie CED, CEAD, and RSTD to logic '0'.
INFO: [DRC AVAL-4] enum_USE_DPORT_FALSE_enum_DREG_ADREG_0_connects_CED_CEAD_RSTD_GND: crypto_soc_artyz7_i/crypto_engine_v1_0_0/inst/crypto_engine_v1_0_S00_AXI_inst/my_crypto_core_inst/u_prng/affine_transform_u/mul_block[4].mul_inst/inst/i_synth/MULT.OP/i_non_prim.MULT/DSP48E1_SPD_SGL_VARIANT.FIX_MULT/DSP2/i_no_versal_es1_workaround.DSP: DSP48E1 is not using the D port (USE_DPORT = FALSE). For improved power characteristics, set DREG and ADREG to '1', tie CED, CEAD, and RSTD to logic '0'.
INFO: [DRC AVAL-4] enum_USE_DPORT_FALSE_enum_DREG_ADREG_0_connects_CED_CEAD_RSTD_GND: crypto_soc_artyz7_i/crypto_engine_v1_0_0/inst/crypto_engine_v1_0_S00_AXI_inst/my_crypto_core_inst/u_prng/affine_transform_u/mul_block[4].mul_inst/inst/i_synth/MULT.OP/i_non_prim.R_AND_R/LAT_OPT.FULL.R_AND_R/DSP48E1_SGL_EXP_IP.OLD_ADD.ADD/i_no_versal_es1_workaround.DSP: DSP48E1 is not using the D port (USE_DPORT = FALSE). For improved power characteristics, set DREG and ADREG to '1', tie CED, CEAD, and RSTD to logic '0'.
INFO: [DRC AVAL-4] enum_USE_DPORT_FALSE_enum_DREG_ADREG_0_connects_CED_CEAD_RSTD_GND: crypto_soc_artyz7_i/crypto_engine_v1_0_0/inst/crypto_engine_v1_0_S00_AXI_inst/my_crypto_core_inst/u_prng/affine_transform_u/mul_block[5].mul_inst/inst/i_synth/MULT.OP/i_non_prim.MULT/DSP48E1_SPD_SGL_VARIANT.FIX_MULT/DSP1/i_no_versal_es1_workaround.DSP: DSP48E1 is not using the D port (USE_DPORT = FALSE). For improved power characteristics, set DREG and ADREG to '1', tie CED, CEAD, and RSTD to logic '0'.
INFO: [DRC AVAL-4] enum_USE_DPORT_FALSE_enum_DREG_ADREG_0_connects_CED_CEAD_RSTD_GND: crypto_soc_artyz7_i/crypto_engine_v1_0_0/inst/crypto_engine_v1_0_S00_AXI_inst/my_crypto_core_inst/u_prng/affine_transform_u/mul_block[5].mul_inst/inst/i_synth/MULT.OP/i_non_prim.MULT/DSP48E1_SPD_SGL_VARIANT.FIX_MULT/DSP2/i_no_versal_es1_workaround.DSP: DSP48E1 is not using the D port (USE_DPORT = FALSE). For improved power characteristics, set DREG and ADREG to '1', tie CED, CEAD, and RSTD to logic '0'.
INFO: [DRC AVAL-4] enum_USE_DPORT_FALSE_enum_DREG_ADREG_0_connects_CED_CEAD_RSTD_GND: crypto_soc_artyz7_i/crypto_engine_v1_0_0/inst/crypto_engine_v1_0_S00_AXI_inst/my_crypto_core_inst/u_prng/affine_transform_u/mul_block[5].mul_inst/inst/i_synth/MULT.OP/i_non_prim.R_AND_R/LAT_OPT.FULL.R_AND_R/DSP48E1_SGL_EXP_IP.OLD_ADD.ADD/i_no_versal_es1_workaround.DSP: DSP48E1 is not using the D port (USE_DPORT = FALSE). For improved power characteristics, set DREG and ADREG to '1', tie CED, CEAD, and RSTD to logic '0'.
INFO: [DRC AVAL-4] enum_USE_DPORT_FALSE_enum_DREG_ADREG_0_connects_CED_CEAD_RSTD_GND: crypto_soc_artyz7_i/crypto_engine_v1_0_0/inst/crypto_engine_v1_0_S00_AXI_inst/my_crypto_core_inst/u_prng/affine_transform_u/mul_block[6].mul_inst/inst/i_synth/MULT.OP/i_non_prim.MULT/DSP48E1_SPD_SGL_VARIANT.FIX_MULT/DSP1/i_no_versal_es1_workaround.DSP: DSP48E1 is not using the D port (USE_DPORT = FALSE). For improved power characteristics, set DREG and ADREG to '1', tie CED, CEAD, and RSTD to logic '0'.
INFO: [DRC AVAL-4] enum_USE_DPORT_FALSE_enum_DREG_ADREG_0_connects_CED_CEAD_RSTD_GND: crypto_soc_artyz7_i/crypto_engine_v1_0_0/inst/crypto_engine_v1_0_S00_AXI_inst/my_crypto_core_inst/u_prng/affine_transform_u/mul_block[6].mul_inst/inst/i_synth/MULT.OP/i_non_prim.MULT/DSP48E1_SPD_SGL_VARIANT.FIX_MULT/DSP2/i_no_versal_es1_workaround.DSP: DSP48E1 is not using the D port (USE_DPORT = FALSE). For improved power characteristics, set DREG and ADREG to '1', tie CED, CEAD, and RSTD to logic '0'.
INFO: [DRC AVAL-4] enum_USE_DPORT_FALSE_enum_DREG_ADREG_0_connects_CED_CEAD_RSTD_GND: crypto_soc_artyz7_i/crypto_engine_v1_0_0/inst/crypto_engine_v1_0_S00_AXI_inst/my_crypto_core_inst/u_prng/affine_transform_u/mul_block[6].mul_inst/inst/i_synth/MULT.OP/i_non_prim.R_AND_R/LAT_OPT.FULL.R_AND_R/DSP48E1_SGL_EXP_IP.OLD_ADD.ADD/i_no_versal_es1_workaround.DSP: DSP48E1 is not using the D port (USE_DPORT = FALSE). For improved power characteristics, set DREG and ADREG to '1', tie CED, CEAD, and RSTD to logic '0'.
INFO: [DRC AVAL-4] enum_USE_DPORT_FALSE_enum_DREG_ADREG_0_connects_CED_CEAD_RSTD_GND: crypto_soc_artyz7_i/crypto_engine_v1_0_0/inst/crypto_engine_v1_0_S00_AXI_inst/my_crypto_core_inst/u_prng/affine_transform_u/mul_block[7].mul_inst/inst/i_synth/MULT.OP/i_non_prim.MULT/DSP48E1_SPD_SGL_VARIANT.FIX_MULT/DSP1/i_no_versal_es1_workaround.DSP: DSP48E1 is not using the D port (USE_DPORT = FALSE). For improved power characteristics, set DREG and ADREG to '1', tie CED, CEAD, and RSTD to logic '0'.
INFO: [DRC AVAL-4] enum_USE_DPORT_FALSE_enum_DREG_ADREG_0_connects_CED_CEAD_RSTD_GND: crypto_soc_artyz7_i/crypto_engine_v1_0_0/inst/crypto_engine_v1_0_S00_AXI_inst/my_crypto_core_inst/u_prng/affine_transform_u/mul_block[7].mul_inst/inst/i_synth/MULT.OP/i_non_prim.MULT/DSP48E1_SPD_SGL_VARIANT.FIX_MULT/DSP2/i_no_versal_es1_workaround.DSP: DSP48E1 is not using the D port (USE_DPORT = FALSE). For improved power characteristics, set DREG and ADREG to '1', tie CED, CEAD, and RSTD to logic '0'.
INFO: [DRC AVAL-4] enum_USE_DPORT_FALSE_enum_DREG_ADREG_0_connects_CED_CEAD_RSTD_GND: crypto_soc_artyz7_i/crypto_engine_v1_0_0/inst/crypto_engine_v1_0_S00_AXI_inst/my_crypto_core_inst/u_prng/affine_transform_u/mul_block[7].mul_inst/inst/i_synth/MULT.OP/i_non_prim.R_AND_R/LAT_OPT.FULL.R_AND_R/DSP48E1_SGL_EXP_IP.OLD_ADD.ADD/i_no_versal_es1_workaround.DSP: DSP48E1 is not using the D port (USE_DPORT = FALSE). For improved power characteristics, set DREG and ADREG to '1', tie CED, CEAD, and RSTD to logic '0'.
INFO: [DRC AVAL-4] enum_USE_DPORT_FALSE_enum_DREG_ADREG_0_connects_CED_CEAD_RSTD_GND: crypto_soc_artyz7_i/crypto_engine_v1_0_0/inst/crypto_engine_v1_0_S00_AXI_inst/my_crypto_core_inst/u_prng/affine_transform_u/mul_block[8].mul_inst/inst/i_synth/MULT.OP/i_non_prim.MULT/DSP48E1_SPD_SGL_VARIANT.FIX_MULT/DSP1/i_no_versal_es1_workaround.DSP: DSP48E1 is not using the D port (USE_DPORT = FALSE). For improved power characteristics, set DREG and ADREG to '1', tie CED, CEAD, and RSTD to logic '0'.
INFO: [DRC AVAL-4] enum_USE_DPORT_FALSE_enum_DREG_ADREG_0_connects_CED_CEAD_RSTD_GND: crypto_soc_artyz7_i/crypto_engine_v1_0_0/inst/crypto_engine_v1_0_S00_AXI_inst/my_crypto_core_inst/u_prng/affine_transform_u/mul_block[8].mul_inst/inst/i_synth/MULT.OP/i_non_prim.MULT/DSP48E1_SPD_SGL_VARIANT.FIX_MULT/DSP2/i_no_versal_es1_workaround.DSP: DSP48E1 is not using the D port (USE_DPORT = FALSE). For improved power characteristics, set DREG and ADREG to '1', tie CED, CEAD, and RSTD to logic '0'.
INFO: [DRC AVAL-4] enum_USE_DPORT_FALSE_enum_DREG_ADREG_0_connects_CED_CEAD_RSTD_GND: crypto_soc_artyz7_i/crypto_engine_v1_0_0/inst/crypto_engine_v1_0_S00_AXI_inst/my_crypto_core_inst/u_prng/affine_transform_u/mul_block[8].mul_inst/inst/i_synth/MULT.OP/i_non_prim.R_AND_R/LAT_OPT.FULL.R_AND_R/DSP48E1_SGL_EXP_IP.OLD_ADD.ADD/i_no_versal_es1_workaround.DSP: DSP48E1 is not using the D port (USE_DPORT = FALSE). For improved power characteristics, set DREG and ADREG to '1', tie CED, CEAD, and RSTD to logic '0'.
INFO: [DRC AVAL-4] enum_USE_DPORT_FALSE_enum_DREG_ADREG_0_connects_CED_CEAD_RSTD_GND: crypto_soc_artyz7_i/crypto_engine_v1_0_0/inst/crypto_engine_v1_0_S00_AXI_inst/my_crypto_core_inst/u_prng/mul_block[0].mul_inst/inst/i_synth/MULT.OP/i_non_prim.MULT/DSP48E1_SPD_SGL_VARIANT.FIX_MULT/DSP1/i_no_versal_es1_workaround.DSP: DSP48E1 is not using the D port (USE_DPORT = FALSE). For improved power characteristics, set DREG and ADREG to '1', tie CED, CEAD, and RSTD to logic '0'.
INFO: [DRC AVAL-4] enum_USE_DPORT_FALSE_enum_DREG_ADREG_0_connects_CED_CEAD_RSTD_GND: crypto_soc_artyz7_i/crypto_engine_v1_0_0/inst/crypto_engine_v1_0_S00_AXI_inst/my_crypto_core_inst/u_prng/mul_block[0].mul_inst/inst/i_synth/MULT.OP/i_non_prim.MULT/DSP48E1_SPD_SGL_VARIANT.FIX_MULT/DSP2/i_no_versal_es1_workaround.DSP: DSP48E1 is not using the D port (USE_DPORT = FALSE). For improved power characteristics, set DREG and ADREG to '1', tie CED, CEAD, and RSTD to logic '0'.
INFO: [DRC AVAL-4] enum_USE_DPORT_FALSE_enum_DREG_ADREG_0_connects_CED_CEAD_RSTD_GND: crypto_soc_artyz7_i/crypto_engine_v1_0_0/inst/crypto_engine_v1_0_S00_AXI_inst/my_crypto_core_inst/u_prng/mul_block[0].mul_inst/inst/i_synth/MULT.OP/i_non_prim.R_AND_R/LAT_OPT.FULL.R_AND_R/DSP48E1_SGL_EXP_IP.OLD_ADD.ADD/i_no_versal_es1_workaround.DSP: DSP48E1 is not using the D port (USE_DPORT = FALSE). For improved power characteristics, set DREG and ADREG to '1', tie CED, CEAD, and RSTD to logic '0'.
INFO: [DRC AVAL-4] enum_USE_DPORT_FALSE_enum_DREG_ADREG_0_connects_CED_CEAD_RSTD_GND: crypto_soc_artyz7_i/crypto_engine_v1_0_0/inst/crypto_engine_v1_0_S00_AXI_inst/my_crypto_core_inst/u_prng/mul_block[1].mul_inst/inst/i_synth/MULT.OP/i_non_prim.MULT/DSP48E1_SPD_SGL_VARIANT.FIX_MULT/DSP1/i_no_versal_es1_workaround.DSP: DSP48E1 is not using the D port (USE_DPORT = FALSE). For improved power characteristics, set DREG and ADREG to '1', tie CED, CEAD, and RSTD to logic '0'.
INFO: [DRC AVAL-4] enum_USE_DPORT_FALSE_enum_DREG_ADREG_0_connects_CED_CEAD_RSTD_GND: crypto_soc_artyz7_i/crypto_engine_v1_0_0/inst/crypto_engine_v1_0_S00_AXI_inst/my_crypto_core_inst/u_prng/mul_block[1].mul_inst/inst/i_synth/MULT.OP/i_non_prim.MULT/DSP48E1_SPD_SGL_VARIANT.FIX_MULT/DSP2/i_no_versal_es1_workaround.DSP: DSP48E1 is not using the D port (USE_DPORT = FALSE). For improved power characteristics, set DREG and ADREG to '1', tie CED, CEAD, and RSTD to logic '0'.
INFO: [DRC AVAL-4] enum_USE_DPORT_FALSE_enum_DREG_ADREG_0_connects_CED_CEAD_RSTD_GND: crypto_soc_artyz7_i/crypto_engine_v1_0_0/inst/crypto_engine_v1_0_S00_AXI_inst/my_crypto_core_inst/u_prng/mul_block[1].mul_inst/inst/i_synth/MULT.OP/i_non_prim.R_AND_R/LAT_OPT.FULL.R_AND_R/DSP48E1_SGL_EXP_IP.OLD_ADD.ADD/i_no_versal_es1_workaround.DSP: DSP48E1 is not using the D port (USE_DPORT = FALSE). For improved power characteristics, set DREG and ADREG to '1', tie CED, CEAD, and RSTD to logic '0'.
INFO: [DRC AVAL-4] enum_USE_DPORT_FALSE_enum_DREG_ADREG_0_connects_CED_CEAD_RSTD_GND: crypto_soc_artyz7_i/crypto_engine_v1_0_0/inst/crypto_engine_v1_0_S00_AXI_inst/my_crypto_core_inst/u_prng/mul_block[2].mul_inst/inst/i_synth/MULT.OP/i_non_prim.MULT/DSP48E1_SPD_SGL_VARIANT.FIX_MULT/DSP1/i_no_versal_es1_workaround.DSP: DSP48E1 is not using the D port (USE_DPORT = FALSE). For improved power characteristics, set DREG and ADREG to '1', tie CED, CEAD, and RSTD to logic '0'.
INFO: [DRC AVAL-4] enum_USE_DPORT_FALSE_enum_DREG_ADREG_0_connects_CED_CEAD_RSTD_GND: crypto_soc_artyz7_i/crypto_engine_v1_0_0/inst/crypto_engine_v1_0_S00_AXI_inst/my_crypto_core_inst/u_prng/mul_block[2].mul_inst/inst/i_synth/MULT.OP/i_non_prim.MULT/DSP48E1_SPD_SGL_VARIANT.FIX_MULT/DSP2/i_no_versal_es1_workaround.DSP: DSP48E1 is not using the D port (USE_DPORT = FALSE). For improved power characteristics, set DREG and ADREG to '1', tie CED, CEAD, and RSTD to logic '0'.
INFO: [DRC AVAL-4] enum_USE_DPORT_FALSE_enum_DREG_ADREG_0_connects_CED_CEAD_RSTD_GND: crypto_soc_artyz7_i/crypto_engine_v1_0_0/inst/crypto_engine_v1_0_S00_AXI_inst/my_crypto_core_inst/u_prng/mul_block[2].mul_inst/inst/i_synth/MULT.OP/i_non_prim.R_AND_R/LAT_OPT.FULL.R_AND_R/DSP48E1_SGL_EXP_IP.OLD_ADD.ADD/i_no_versal_es1_workaround.DSP: DSP48E1 is not using the D port (USE_DPORT = FALSE). For improved power characteristics, set DREG and ADREG to '1', tie CED, CEAD, and RSTD to logic '0'.
INFO: [DRC AVAL-4] enum_USE_DPORT_FALSE_enum_DREG_ADREG_0_connects_CED_CEAD_RSTD_GND: crypto_soc_artyz7_i/crypto_engine_v1_0_0/inst/crypto_engine_v1_0_S00_AXI_inst/my_crypto_core_inst/u_prng/sawtooth_block[0].sawtooth_inst/add_1/inst/i_synth/ADDSUB_OP.ADDSUB/DSP.OP/DSP48E1_BODY.NORM_RND/FULL_USAGE_DSP.SHIFT_RND/i_no_versal_es1_workaround.DSP: DSP48E1 is not using the D port (USE_DPORT = FALSE). For improved power characteristics, set DREG and ADREG to '1', tie CED, CEAD, and RSTD to logic '0'.
INFO: [DRC AVAL-4] enum_USE_DPORT_FALSE_enum_DREG_ADREG_0_connects_CED_CEAD_RSTD_GND: crypto_soc_artyz7_i/crypto_engine_v1_0_0/inst/crypto_engine_v1_0_S00_AXI_inst/my_crypto_core_inst/u_prng/sawtooth_block[0].sawtooth_inst/add_2/inst/i_synth/ADDSUB_OP.ADDSUB/DSP.OP/DSP48E1_BODY.NORM_RND/FULL_USAGE_DSP.SHIFT_RND/i_no_versal_es1_workaround.DSP: DSP48E1 is not using the D port (USE_DPORT = FALSE). For improved power characteristics, set DREG and ADREG to '1', tie CED, CEAD, and RSTD to logic '0'.
INFO: [DRC AVAL-4] enum_USE_DPORT_FALSE_enum_DREG_ADREG_0_connects_CED_CEAD_RSTD_GND: crypto_soc_artyz7_i/crypto_engine_v1_0_0/inst/crypto_engine_v1_0_S00_AXI_inst/my_crypto_core_inst/u_prng/sawtooth_block[0].sawtooth_inst/mul_1/inst/i_synth/MULT.OP/i_non_prim.MULT/DSP48E1_SPD_SGL_VARIANT.FIX_MULT/DSP1/i_no_versal_es1_workaround.DSP: DSP48E1 is not using the D port (USE_DPORT = FALSE). For improved power characteristics, set DREG and ADREG to '1', tie CED, CEAD, and RSTD to logic '0'.
INFO: [DRC AVAL-4] enum_USE_DPORT_FALSE_enum_DREG_ADREG_0_connects_CED_CEAD_RSTD_GND: crypto_soc_artyz7_i/crypto_engine_v1_0_0/inst/crypto_engine_v1_0_S00_AXI_inst/my_crypto_core_inst/u_prng/sawtooth_block[0].sawtooth_inst/mul_1/inst/i_synth/MULT.OP/i_non_prim.MULT/DSP48E1_SPD_SGL_VARIANT.FIX_MULT/DSP2/i_no_versal_es1_workaround.DSP: DSP48E1 is not using the D port (USE_DPORT = FALSE). For improved power characteristics, set DREG and ADREG to '1', tie CED, CEAD, and RSTD to logic '0'.
INFO: [DRC AVAL-4] enum_USE_DPORT_FALSE_enum_DREG_ADREG_0_connects_CED_CEAD_RSTD_GND: crypto_soc_artyz7_i/crypto_engine_v1_0_0/inst/crypto_engine_v1_0_S00_AXI_inst/my_crypto_core_inst/u_prng/sawtooth_block[0].sawtooth_inst/mul_1/inst/i_synth/MULT.OP/i_non_prim.R_AND_R/LAT_OPT.FULL.R_AND_R/DSP48E1_SGL_EXP_IP.OLD_ADD.ADD/i_no_versal_es1_workaround.DSP: DSP48E1 is not using the D port (USE_DPORT = FALSE). For improved power characteristics, set DREG and ADREG to '1', tie CED, CEAD, and RSTD to logic '0'.
INFO: [DRC AVAL-4] enum_USE_DPORT_FALSE_enum_DREG_ADREG_0_connects_CED_CEAD_RSTD_GND: crypto_soc_artyz7_i/crypto_engine_v1_0_0/inst/crypto_engine_v1_0_S00_AXI_inst/my_crypto_core_inst/u_prng/sawtooth_block[1].sawtooth_inst/add_1/inst/i_synth/ADDSUB_OP.ADDSUB/DSP.OP/DSP48E1_BODY.NORM_RND/FULL_USAGE_DSP.SHIFT_RND/i_no_versal_es1_workaround.DSP: DSP48E1 is not using the D port (USE_DPORT = FALSE). For improved power characteristics, set DREG and ADREG to '1', tie CED, CEAD, and RSTD to logic '0'.
INFO: [DRC AVAL-4] enum_USE_DPORT_FALSE_enum_DREG_ADREG_0_connects_CED_CEAD_RSTD_GND: crypto_soc_artyz7_i/crypto_engine_v1_0_0/inst/crypto_engine_v1_0_S00_AXI_inst/my_crypto_core_inst/u_prng/sawtooth_block[1].sawtooth_inst/add_2/inst/i_synth/ADDSUB_OP.ADDSUB/DSP.OP/DSP48E1_BODY.NORM_RND/FULL_USAGE_DSP.SHIFT_RND/i_no_versal_es1_workaround.DSP: DSP48E1 is not using the D port (USE_DPORT = FALSE). For improved power characteristics, set DREG and ADREG to '1', tie CED, CEAD, and RSTD to logic '0'.
INFO: [DRC AVAL-4] enum_USE_DPORT_FALSE_enum_DREG_ADREG_0_connects_CED_CEAD_RSTD_GND: crypto_soc_artyz7_i/crypto_engine_v1_0_0/inst/crypto_engine_v1_0_S00_AXI_inst/my_crypto_core_inst/u_prng/sawtooth_block[1].sawtooth_inst/mul_1/inst/i_synth/MULT.OP/i_non_prim.MULT/DSP48E1_SPD_SGL_VARIANT.FIX_MULT/DSP1/i_no_versal_es1_workaround.DSP: DSP48E1 is not using the D port (USE_DPORT = FALSE). For improved power characteristics, set DREG and ADREG to '1', tie CED, CEAD, and RSTD to logic '0'.
INFO: [DRC AVAL-4] enum_USE_DPORT_FALSE_enum_DREG_ADREG_0_connects_CED_CEAD_RSTD_GND: crypto_soc_artyz7_i/crypto_engine_v1_0_0/inst/crypto_engine_v1_0_S00_AXI_inst/my_crypto_core_inst/u_prng/sawtooth_block[1].sawtooth_inst/mul_1/inst/i_synth/MULT.OP/i_non_prim.MULT/DSP48E1_SPD_SGL_VARIANT.FIX_MULT/DSP2/i_no_versal_es1_workaround.DSP: DSP48E1 is not using the D port (USE_DPORT = FALSE). For improved power characteristics, set DREG and ADREG to '1', tie CED, CEAD, and RSTD to logic '0'.
INFO: [DRC AVAL-4] enum_USE_DPORT_FALSE_enum_DREG_ADREG_0_connects_CED_CEAD_RSTD_GND: crypto_soc_artyz7_i/crypto_engine_v1_0_0/inst/crypto_engine_v1_0_S00_AXI_inst/my_crypto_core_inst/u_prng/sawtooth_block[1].sawtooth_inst/mul_1/inst/i_synth/MULT.OP/i_non_prim.R_AND_R/LAT_OPT.FULL.R_AND_R/DSP48E1_SGL_EXP_IP.OLD_ADD.ADD/i_no_versal_es1_workaround.DSP: DSP48E1 is not using the D port (USE_DPORT = FALSE). For improved power characteristics, set DREG and ADREG to '1', tie CED, CEAD, and RSTD to logic '0'.
INFO: [DRC AVAL-4] enum_USE_DPORT_FALSE_enum_DREG_ADREG_0_connects_CED_CEAD_RSTD_GND: crypto_soc_artyz7_i/crypto_engine_v1_0_0/inst/crypto_engine_v1_0_S00_AXI_inst/my_crypto_core_inst/u_prng/sawtooth_block[2].sawtooth_inst/add_1/inst/i_synth/ADDSUB_OP.ADDSUB/DSP.OP/DSP48E1_BODY.NORM_RND/FULL_USAGE_DSP.SHIFT_RND/i_no_versal_es1_workaround.DSP: DSP48E1 is not using the D port (USE_DPORT = FALSE). For improved power characteristics, set DREG and ADREG to '1', tie CED, CEAD, and RSTD to logic '0'.
INFO: [DRC AVAL-4] enum_USE_DPORT_FALSE_enum_DREG_ADREG_0_connects_CED_CEAD_RSTD_GND: crypto_soc_artyz7_i/crypto_engine_v1_0_0/inst/crypto_engine_v1_0_S00_AXI_inst/my_crypto_core_inst/u_prng/sawtooth_block[2].sawtooth_inst/add_2/inst/i_synth/ADDSUB_OP.ADDSUB/DSP.OP/DSP48E1_BODY.NORM_RND/FULL_USAGE_DSP.SHIFT_RND/i_no_versal_es1_workaround.DSP: DSP48E1 is not using the D port (USE_DPORT = FALSE). For improved power characteristics, set DREG and ADREG to '1', tie CED, CEAD, and RSTD to logic '0'.
INFO: [DRC AVAL-4] enum_USE_DPORT_FALSE_enum_DREG_ADREG_0_connects_CED_CEAD_RSTD_GND: crypto_soc_artyz7_i/crypto_engine_v1_0_0/inst/crypto_engine_v1_0_S00_AXI_inst/my_crypto_core_inst/u_prng/sawtooth_block[2].sawtooth_inst/mul_1/inst/i_synth/MULT.OP/i_non_prim.MULT/DSP48E1_SPD_SGL_VARIANT.FIX_MULT/DSP1/i_no_versal_es1_workaround.DSP: DSP48E1 is not using the D port (USE_DPORT = FALSE). For improved power characteristics, set DREG and ADREG to '1', tie CED, CEAD, and RSTD to logic '0'.
INFO: [DRC AVAL-4] enum_USE_DPORT_FALSE_enum_DREG_ADREG_0_connects_CED_CEAD_RSTD_GND: crypto_soc_artyz7_i/crypto_engine_v1_0_0/inst/crypto_engine_v1_0_S00_AXI_inst/my_crypto_core_inst/u_prng/sawtooth_block[2].sawtooth_inst/mul_1/inst/i_synth/MULT.OP/i_non_prim.MULT/DSP48E1_SPD_SGL_VARIANT.FIX_MULT/DSP2/i_no_versal_es1_workaround.DSP: DSP48E1 is not using the D port (USE_DPORT = FALSE). For improved power characteristics, set DREG and ADREG to '1', tie CED, CEAD, and RSTD to logic '0'.
INFO: [DRC AVAL-4] enum_USE_DPORT_FALSE_enum_DREG_ADREG_0_connects_CED_CEAD_RSTD_GND: crypto_soc_artyz7_i/crypto_engine_v1_0_0/inst/crypto_engine_v1_0_S00_AXI_inst/my_crypto_core_inst/u_prng/sawtooth_block[2].sawtooth_inst/mul_1/inst/i_synth/MULT.OP/i_non_prim.R_AND_R/LAT_OPT.FULL.R_AND_R/DSP48E1_SGL_EXP_IP.OLD_ADD.ADD/i_no_versal_es1_workaround.DSP: DSP48E1 is not using the D port (USE_DPORT = FALSE). For improved power characteristics, set DREG and ADREG to '1', tie CED, CEAD, and RSTD to logic '0'.
INFO: [DRC AVAL-5] enum_USE_MULT_NONE_enum_DREG_ADREG_0_connects_CED_CEAD_RSTD_GND: crypto_soc_artyz7_i/crypto_engine_v1_0_0/inst/crypto_engine_v1_0_S00_AXI_inst/my_crypto_core_inst/u_prng/affine_transform_u/mul_block[0].mul_inst/inst/i_synth/MULT.OP/i_non_prim.R_AND_R/LAT_OPT.FULL.R_AND_R/DSP48E1_SGL_EXP_IP.OLD_ADD.ADD/i_no_versal_es1_workaround.DSP: DSP48E1 is not using the Multiplier (USE_MULT = NONE). For improved power characteristics, set DREG and ADREG to '1', tie CED, CEAD, and RSTD to logic '0'.
INFO: [DRC AVAL-5] enum_USE_MULT_NONE_enum_DREG_ADREG_0_connects_CED_CEAD_RSTD_GND: crypto_soc_artyz7_i/crypto_engine_v1_0_0/inst/crypto_engine_v1_0_S00_AXI_inst/my_crypto_core_inst/u_prng/affine_transform_u/mul_block[1].mul_inst/inst/i_synth/MULT.OP/i_non_prim.R_AND_R/LAT_OPT.FULL.R_AND_R/DSP48E1_SGL_EXP_IP.OLD_ADD.ADD/i_no_versal_es1_workaround.DSP: DSP48E1 is not using the Multiplier (USE_MULT = NONE). For improved power characteristics, set DREG and ADREG to '1', tie CED, CEAD, and RSTD to logic '0'.
INFO: [DRC AVAL-5] enum_USE_MULT_NONE_enum_DREG_ADREG_0_connects_CED_CEAD_RSTD_GND: crypto_soc_artyz7_i/crypto_engine_v1_0_0/inst/crypto_engine_v1_0_S00_AXI_inst/my_crypto_core_inst/u_prng/affine_transform_u/mul_block[2].mul_inst/inst/i_synth/MULT.OP/i_non_prim.R_AND_R/LAT_OPT.FULL.R_AND_R/DSP48E1_SGL_EXP_IP.OLD_ADD.ADD/i_no_versal_es1_workaround.DSP: DSP48E1 is not using the Multiplier (USE_MULT = NONE). For improved power characteristics, set DREG and ADREG to '1', tie CED, CEAD, and RSTD to logic '0'.
INFO: [DRC AVAL-5] enum_USE_MULT_NONE_enum_DREG_ADREG_0_connects_CED_CEAD_RSTD_GND: crypto_soc_artyz7_i/crypto_engine_v1_0_0/inst/crypto_engine_v1_0_S00_AXI_inst/my_crypto_core_inst/u_prng/affine_transform_u/mul_block[3].mul_inst/inst/i_synth/MULT.OP/i_non_prim.R_AND_R/LAT_OPT.FULL.R_AND_R/DSP48E1_SGL_EXP_IP.OLD_ADD.ADD/i_no_versal_es1_workaround.DSP: DSP48E1 is not using the Multiplier (USE_MULT = NONE). For improved power characteristics, set DREG and ADREG to '1', tie CED, CEAD, and RSTD to logic '0'.
INFO: [DRC AVAL-5] enum_USE_MULT_NONE_enum_DREG_ADREG_0_connects_CED_CEAD_RSTD_GND: crypto_soc_artyz7_i/crypto_engine_v1_0_0/inst/crypto_engine_v1_0_S00_AXI_inst/my_crypto_core_inst/u_prng/affine_transform_u/mul_block[4].mul_inst/inst/i_synth/MULT.OP/i_non_prim.R_AND_R/LAT_OPT.FULL.R_AND_R/DSP48E1_SGL_EXP_IP.OLD_ADD.ADD/i_no_versal_es1_workaround.DSP: DSP48E1 is not using the Multiplier (USE_MULT = NONE). For improved power characteristics, set DREG and ADREG to '1', tie CED, CEAD, and RSTD to logic '0'.
INFO: [DRC AVAL-5] enum_USE_MULT_NONE_enum_DREG_ADREG_0_connects_CED_CEAD_RSTD_GND: crypto_soc_artyz7_i/crypto_engine_v1_0_0/inst/crypto_engine_v1_0_S00_AXI_inst/my_crypto_core_inst/u_prng/affine_transform_u/mul_block[5].mul_inst/inst/i_synth/MULT.OP/i_non_prim.R_AND_R/LAT_OPT.FULL.R_AND_R/DSP48E1_SGL_EXP_IP.OLD_ADD.ADD/i_no_versal_es1_workaround.DSP: DSP48E1 is not using the Multiplier (USE_MULT = NONE). For improved power characteristics, set DREG and ADREG to '1', tie CED, CEAD, and RSTD to logic '0'.
INFO: [DRC AVAL-5] enum_USE_MULT_NONE_enum_DREG_ADREG_0_connects_CED_CEAD_RSTD_GND: crypto_soc_artyz7_i/crypto_engine_v1_0_0/inst/crypto_engine_v1_0_S00_AXI_inst/my_crypto_core_inst/u_prng/affine_transform_u/mul_block[6].mul_inst/inst/i_synth/MULT.OP/i_non_prim.R_AND_R/LAT_OPT.FULL.R_AND_R/DSP48E1_SGL_EXP_IP.OLD_ADD.ADD/i_no_versal_es1_workaround.DSP: DSP48E1 is not using the Multiplier (USE_MULT = NONE). For improved power characteristics, set DREG and ADREG to '1', tie CED, CEAD, and RSTD to logic '0'.
INFO: [DRC AVAL-5] enum_USE_MULT_NONE_enum_DREG_ADREG_0_connects_CED_CEAD_RSTD_GND: crypto_soc_artyz7_i/crypto_engine_v1_0_0/inst/crypto_engine_v1_0_S00_AXI_inst/my_crypto_core_inst/u_prng/affine_transform_u/mul_block[7].mul_inst/inst/i_synth/MULT.OP/i_non_prim.R_AND_R/LAT_OPT.FULL.R_AND_R/DSP48E1_SGL_EXP_IP.OLD_ADD.ADD/i_no_versal_es1_workaround.DSP: DSP48E1 is not using the Multiplier (USE_MULT = NONE). For improved power characteristics, set DREG and ADREG to '1', tie CED, CEAD, and RSTD to logic '0'.
INFO: [DRC AVAL-5] enum_USE_MULT_NONE_enum_DREG_ADREG_0_connects_CED_CEAD_RSTD_GND: crypto_soc_artyz7_i/crypto_engine_v1_0_0/inst/crypto_engine_v1_0_S00_AXI_inst/my_crypto_core_inst/u_prng/affine_transform_u/mul_block[8].mul_inst/inst/i_synth/MULT.OP/i_non_prim.R_AND_R/LAT_OPT.FULL.R_AND_R/DSP48E1_SGL_EXP_IP.OLD_ADD.ADD/i_no_versal_es1_workaround.DSP: DSP48E1 is not using the Multiplier (USE_MULT = NONE). For improved power characteristics, set DREG and ADREG to '1', tie CED, CEAD, and RSTD to logic '0'.
INFO: [DRC AVAL-5] enum_USE_MULT_NONE_enum_DREG_ADREG_0_connects_CED_CEAD_RSTD_GND: crypto_soc_artyz7_i/crypto_engine_v1_0_0/inst/crypto_engine_v1_0_S00_AXI_inst/my_crypto_core_inst/u_prng/mul_block[0].mul_inst/inst/i_synth/MULT.OP/i_non_prim.R_AND_R/LAT_OPT.FULL.R_AND_R/DSP48E1_SGL_EXP_IP.OLD_ADD.ADD/i_no_versal_es1_workaround.DSP: DSP48E1 is not using the Multiplier (USE_MULT = NONE). For improved power characteristics, set DREG and ADREG to '1', tie CED, CEAD, and RSTD to logic '0'.
INFO: [DRC AVAL-5] enum_USE_MULT_NONE_enum_DREG_ADREG_0_connects_CED_CEAD_RSTD_GND: crypto_soc_artyz7_i/crypto_engine_v1_0_0/inst/crypto_engine_v1_0_S00_AXI_inst/my_crypto_core_inst/u_prng/mul_block[1].mul_inst/inst/i_synth/MULT.OP/i_non_prim.R_AND_R/LAT_OPT.FULL.R_AND_R/DSP48E1_SGL_EXP_IP.OLD_ADD.ADD/i_no_versal_es1_workaround.DSP: DSP48E1 is not using the Multiplier (USE_MULT = NONE). For improved power characteristics, set DREG and ADREG to '1', tie CED, CEAD, and RSTD to logic '0'.
INFO: [DRC AVAL-5] enum_USE_MULT_NONE_enum_DREG_ADREG_0_connects_CED_CEAD_RSTD_GND: crypto_soc_artyz7_i/crypto_engine_v1_0_0/inst/crypto_engine_v1_0_S00_AXI_inst/my_crypto_core_inst/u_prng/mul_block[2].mul_inst/inst/i_synth/MULT.OP/i_non_prim.R_AND_R/LAT_OPT.FULL.R_AND_R/DSP48E1_SGL_EXP_IP.OLD_ADD.ADD/i_no_versal_es1_workaround.DSP: DSP48E1 is not using the Multiplier (USE_MULT = NONE). For improved power characteristics, set DREG and ADREG to '1', tie CED, CEAD, and RSTD to logic '0'.
INFO: [DRC AVAL-5] enum_USE_MULT_NONE_enum_DREG_ADREG_0_connects_CED_CEAD_RSTD_GND: crypto_soc_artyz7_i/crypto_engine_v1_0_0/inst/crypto_engine_v1_0_S00_AXI_inst/my_crypto_core_inst/u_prng/sawtooth_block[0].sawtooth_inst/mul_1/inst/i_synth/MULT.OP/i_non_prim.R_AND_R/LAT_OPT.FULL.R_AND_R/DSP48E1_SGL_EXP_IP.OLD_ADD.ADD/i_no_versal_es1_workaround.DSP: DSP48E1 is not using the Multiplier (USE_MULT = NONE). For improved power characteristics, set DREG and ADREG to '1', tie CED, CEAD, and RSTD to logic '0'.
INFO: [DRC AVAL-5] enum_USE_MULT_NONE_enum_DREG_ADREG_0_connects_CED_CEAD_RSTD_GND: crypto_soc_artyz7_i/crypto_engine_v1_0_0/inst/crypto_engine_v1_0_S00_AXI_inst/my_crypto_core_inst/u_prng/sawtooth_block[1].sawtooth_inst/mul_1/inst/i_synth/MULT.OP/i_non_prim.R_AND_R/LAT_OPT.FULL.R_AND_R/DSP48E1_SGL_EXP_IP.OLD_ADD.ADD/i_no_versal_es1_workaround.DSP: DSP48E1 is not using the Multiplier (USE_MULT = NONE). For improved power characteristics, set DREG and ADREG to '1', tie CED, CEAD, and RSTD to logic '0'.
INFO: [DRC AVAL-5] enum_USE_MULT_NONE_enum_DREG_ADREG_0_connects_CED_CEAD_RSTD_GND: crypto_soc_artyz7_i/crypto_engine_v1_0_0/inst/crypto_engine_v1_0_S00_AXI_inst/my_crypto_core_inst/u_prng/sawtooth_block[2].sawtooth_inst/mul_1/inst/i_synth/MULT.OP/i_non_prim.R_AND_R/LAT_OPT.FULL.R_AND_R/DSP48E1_SGL_EXP_IP.OLD_ADD.ADD/i_no_versal_es1_workaround.DSP: DSP48E1 is not using the Multiplier (USE_MULT = NONE). For improved power characteristics, set DREG and ADREG to '1', tie CED, CEAD, and RSTD to logic '0'.
INFO: [DRC REQP-165] writefirst: Synchronous clocking is detected for BRAM (crypto_soc_artyz7_i/axi_dma_0/U0/I_PRMRY_DATAMOVER/GEN_MM2S_FULL.I_MM2S_FULL_WRAPPER/GEN_INCLUDE_MM2S_SF.I_RD_SF/I_DATA_FIFO/BLK_MEM.I_SYNC_FIFOGEN_FIFO/xpm_fifo_instance.xpm_fifo_sync_inst/xpm_fifo_base_inst/gen_sdpram.xpm_memory_base_inst/gen_wr_a.gen_word_narrow.mem_reg_4) in SDP mode with WRITE_FIRST write-mode. This is the preferred mode for best power characteristics, however it may exhibit address collisions if the same address appears on both read and write ports resulting in unknown or corrupted read data. It is suggested to confirm via simulation that an address collision never occurs and if so it is suggested to try and avoid this situation. If address collisions cannot be avoided, the write-mode may be set to READ_FIRST which guarantees that the read data is the prior contents of the memory at the cost of additional power in the design. See the FPGA Memory Resources User Guide for additional information.
INFO: [DRC REQP-165] writefirst: Synchronous clocking is detected for BRAM (crypto_soc_artyz7_i/axi_dma_0/U0/I_PRMRY_DATAMOVER/GEN_S2MM_FULL.I_S2MM_FULL_WRAPPER/GEN_ENABLE_INDET_BTT_SF.I_INDET_BTT/I_DATA_FIFO/BLK_MEM.I_SYNC_FIFOGEN_FIFO/xpm_fifo_instance.xpm_fifo_sync_inst/xpm_fifo_base_inst/gen_sdpram.xpm_memory_base_inst/gen_wr_a.gen_word_narrow.mem_reg_4) in SDP mode with WRITE_FIRST write-mode. This is the preferred mode for best power characteristics, however it may exhibit address collisions if the same address appears on both read and write ports resulting in unknown or corrupted read data. It is suggested to confirm via simulation that an address collision never occurs and if so it is suggested to try and avoid this situation. If address collisions cannot be avoided, the write-mode may be set to READ_FIRST which guarantees that the read data is the prior contents of the memory at the cost of additional power in the design. See the FPGA Memory Resources User Guide for additional information.
INFO: [DRC REQP-181] writefirst: Synchronous clocking is detected for BRAM (crypto_soc_artyz7_i/axi_dma_0/U0/I_PRMRY_DATAMOVER/GEN_MM2S_FULL.I_MM2S_FULL_WRAPPER/GEN_INCLUDE_MM2S_SF.I_RD_SF/I_DATA_FIFO/BLK_MEM.I_SYNC_FIFOGEN_FIFO/xpm_fifo_instance.xpm_fifo_sync_inst/xpm_fifo_base_inst/gen_sdpram.xpm_memory_base_inst/gen_wr_a.gen_word_narrow.mem_reg_0) in SDP mode with WRITE_FIRST write-mode. This is the preferred mode for best power characteristics, however it may exhibit address collisions if the same address appears on both read and write ports resulting in unknown or corrupted read data. It is suggested to confirm via simulation that an address collision never occurs and if so it is suggested to try and avoid this situation. If address collisions cannot be avoided, the write-mode may be set to READ_FIRST which guarantees that the read data is the prior contents of the memory at the cost of additional power in the design. See the FPGA Memory Resources User Guide for additional information.
INFO: [DRC REQP-181] writefirst: Synchronous clocking is detected for BRAM (crypto_soc_artyz7_i/axi_dma_0/U0/I_PRMRY_DATAMOVER/GEN_MM2S_FULL.I_MM2S_FULL_WRAPPER/GEN_INCLUDE_MM2S_SF.I_RD_SF/I_DATA_FIFO/BLK_MEM.I_SYNC_FIFOGEN_FIFO/xpm_fifo_instance.xpm_fifo_sync_inst/xpm_fifo_base_inst/gen_sdpram.xpm_memory_base_inst/gen_wr_a.gen_word_narrow.mem_reg_1) in SDP mode with WRITE_FIRST write-mode. This is the preferred mode for best power characteristics, however it may exhibit address collisions if the same address appears on both read and write ports resulting in unknown or corrupted read data. It is suggested to confirm via simulation that an address collision never occurs and if so it is suggested to try and avoid this situation. If address collisions cannot be avoided, the write-mode may be set to READ_FIRST which guarantees that the read data is the prior contents of the memory at the cost of additional power in the design. See the FPGA Memory Resources User Guide for additional information.
INFO: [DRC REQP-181] writefirst: Synchronous clocking is detected for BRAM (crypto_soc_artyz7_i/axi_dma_0/U0/I_PRMRY_DATAMOVER/GEN_MM2S_FULL.I_MM2S_FULL_WRAPPER/GEN_INCLUDE_MM2S_SF.I_RD_SF/I_DATA_FIFO/BLK_MEM.I_SYNC_FIFOGEN_FIFO/xpm_fifo_instance.xpm_fifo_sync_inst/xpm_fifo_base_inst/gen_sdpram.xpm_memory_base_inst/gen_wr_a.gen_word_narrow.mem_reg_2) in SDP mode with WRITE_FIRST write-mode. This is the preferred mode for best power characteristics, however it may exhibit address collisions if the same address appears on both read and write ports resulting in unknown or corrupted read data. It is suggested to confirm via simulation that an address collision never occurs and if so it is suggested to try and avoid this situation. If address collisions cannot be avoided, the write-mode may be set to READ_FIRST which guarantees that the read data is the prior contents of the memory at the cost of additional power in the design. See the FPGA Memory Resources User Guide for additional information.
INFO: [DRC REQP-181] writefirst: Synchronous clocking is detected for BRAM (crypto_soc_artyz7_i/axi_dma_0/U0/I_PRMRY_DATAMOVER/GEN_MM2S_FULL.I_MM2S_FULL_WRAPPER/GEN_INCLUDE_MM2S_SF.I_RD_SF/I_DATA_FIFO/BLK_MEM.I_SYNC_FIFOGEN_FIFO/xpm_fifo_instance.xpm_fifo_sync_inst/xpm_fifo_base_inst/gen_sdpram.xpm_memory_base_inst/gen_wr_a.gen_word_narrow.mem_reg_3) in SDP mode with WRITE_FIRST write-mode. This is the preferred mode for best power characteristics, however it may exhibit address collisions if the same address appears on both read and write ports resulting in unknown or corrupted read data. It is suggested to confirm via simulation that an address collision never occurs and if so it is suggested to try and avoid this situation. If address collisions cannot be avoided, the write-mode may be set to READ_FIRST which guarantees that the read data is the prior contents of the memory at the cost of additional power in the design. See the FPGA Memory Resources User Guide for additional information.
INFO: [DRC REQP-181] writefirst: Synchronous clocking is detected for BRAM (crypto_soc_artyz7_i/axi_dma_0/U0/I_PRMRY_DATAMOVER/GEN_S2MM_FULL.I_S2MM_FULL_WRAPPER/GEN_ENABLE_INDET_BTT_SF.I_INDET_BTT/I_DATA_FIFO/BLK_MEM.I_SYNC_FIFOGEN_FIFO/xpm_fifo_instance.xpm_fifo_sync_inst/xpm_fifo_base_inst/gen_sdpram.xpm_memory_base_inst/gen_wr_a.gen_word_narrow.mem_reg_0) in SDP mode with WRITE_FIRST write-mode. This is the preferred mode for best power characteristics, however it may exhibit address collisions if the same address appears on both read and write ports resulting in unknown or corrupted read data. It is suggested to confirm via simulation that an address collision never occurs and if so it is suggested to try and avoid this situation. If address collisions cannot be avoided, the write-mode may be set to READ_FIRST which guarantees that the read data is the prior contents of the memory at the cost of additional power in the design. See the FPGA Memory Resources User Guide for additional information.
INFO: [DRC REQP-181] writefirst: Synchronous clocking is detected for BRAM (crypto_soc_artyz7_i/axi_dma_0/U0/I_PRMRY_DATAMOVER/GEN_S2MM_FULL.I_S2MM_FULL_WRAPPER/GEN_ENABLE_INDET_BTT_SF.I_INDET_BTT/I_DATA_FIFO/BLK_MEM.I_SYNC_FIFOGEN_FIFO/xpm_fifo_instance.xpm_fifo_sync_inst/xpm_fifo_base_inst/gen_sdpram.xpm_memory_base_inst/gen_wr_a.gen_word_narrow.mem_reg_1) in SDP mode with WRITE_FIRST write-mode. This is the preferred mode for best power characteristics, however it may exhibit address collisions if the same address appears on both read and write ports resulting in unknown or corrupted read data. It is suggested to confirm via simulation that an address collision never occurs and if so it is suggested to try and avoid this situation. If address collisions cannot be avoided, the write-mode may be set to READ_FIRST which guarantees that the read data is the prior contents of the memory at the cost of additional power in the design. See the FPGA Memory Resources User Guide for additional information.
INFO: [DRC REQP-181] writefirst: Synchronous clocking is detected for BRAM (crypto_soc_artyz7_i/axi_dma_0/U0/I_PRMRY_DATAMOVER/GEN_S2MM_FULL.I_S2MM_FULL_WRAPPER/GEN_ENABLE_INDET_BTT_SF.I_INDET_BTT/I_DATA_FIFO/BLK_MEM.I_SYNC_FIFOGEN_FIFO/xpm_fifo_instance.xpm_fifo_sync_inst/xpm_fifo_base_inst/gen_sdpram.xpm_memory_base_inst/gen_wr_a.gen_word_narrow.mem_reg_2) in SDP mode with WRITE_FIRST write-mode. This is the preferred mode for best power characteristics, however it may exhibit address collisions if the same address appears on both read and write ports resulting in unknown or corrupted read data. It is suggested to confirm via simulation that an address collision never occurs and if so it is suggested to try and avoid this situation. If address collisions cannot be avoided, the write-mode may be set to READ_FIRST which guarantees that the read data is the prior contents of the memory at the cost of additional power in the design. See the FPGA Memory Resources User Guide for additional information.
INFO: [DRC REQP-181] writefirst: Synchronous clocking is detected for BRAM (crypto_soc_artyz7_i/axi_dma_0/U0/I_PRMRY_DATAMOVER/GEN_S2MM_FULL.I_S2MM_FULL_WRAPPER/GEN_ENABLE_INDET_BTT_SF.I_INDET_BTT/I_DATA_FIFO/BLK_MEM.I_SYNC_FIFOGEN_FIFO/xpm_fifo_instance.xpm_fifo_sync_inst/xpm_fifo_base_inst/gen_sdpram.xpm_memory_base_inst/gen_wr_a.gen_word_narrow.mem_reg_3) in SDP mode with WRITE_FIRST write-mode. This is the preferred mode for best power characteristics, however it may exhibit address collisions if the same address appears on both read and write ports resulting in unknown or corrupted read data. It is suggested to confirm via simulation that an address collision never occurs and if so it is suggested to try and avoid this situation. If address collisions cannot be avoided, the write-mode may be set to READ_FIRST which guarantees that the read data is the prior contents of the memory at the cost of additional power in the design. See the FPGA Memory Resources User Guide for additional information.
INFO: [DRC REQP-1725] DSP_Abus_sign_bit_alert: crypto_soc_artyz7_i/crypto_engine_v1_0_0/inst/crypto_engine_v1_0_S00_AXI_inst/my_crypto_core_inst/u_prng/affine_transform_u/add_block[0].add_inst/inst/i_synth/ADDSUB_OP.ADDSUB/DSP.OP/DSP48E1_BODY.ALIGN_ADD/DSP2/i_no_versal_es1_workaround.DSP: When using the PreAdder and USE_DPORT is TRUE, the A operand should be restricted to 24 bit two's complement (and sign extended) to avoid over/underflow in the pre-add stage.
INFO: [DRC REQP-1725] DSP_Abus_sign_bit_alert: crypto_soc_artyz7_i/crypto_engine_v1_0_0/inst/crypto_engine_v1_0_S00_AXI_inst/my_crypto_core_inst/u_prng/affine_transform_u/add_block[1].add_inst/inst/i_synth/ADDSUB_OP.ADDSUB/DSP.OP/DSP48E1_BODY.ALIGN_ADD/DSP2/i_no_versal_es1_workaround.DSP: When using the PreAdder and USE_DPORT is TRUE, the A operand should be restricted to 24 bit two's complement (and sign extended) to avoid over/underflow in the pre-add stage.
INFO: [DRC REQP-1725] DSP_Abus_sign_bit_alert: crypto_soc_artyz7_i/crypto_engine_v1_0_0/inst/crypto_engine_v1_0_S00_AXI_inst/my_crypto_core_inst/u_prng/affine_transform_u/add_block[2].add_inst/inst/i_synth/ADDSUB_OP.ADDSUB/DSP.OP/DSP48E1_BODY.ALIGN_ADD/DSP2/i_no_versal_es1_workaround.DSP: When using the PreAdder and USE_DPORT is TRUE, the A operand should be restricted to 24 bit two's complement (and sign extended) to avoid over/underflow in the pre-add stage.
INFO: [DRC REQP-1725] DSP_Abus_sign_bit_alert: crypto_soc_artyz7_i/crypto_engine_v1_0_0/inst/crypto_engine_v1_0_S00_AXI_inst/my_crypto_core_inst/u_prng/affine_transform_u/add_block[3].add_inst/inst/i_synth/ADDSUB_OP.ADDSUB/DSP.OP/DSP48E1_BODY.ALIGN_ADD/DSP2/i_no_versal_es1_workaround.DSP: When using the PreAdder and USE_DPORT is TRUE, the A operand should be restricted to 24 bit two's complement (and sign extended) to avoid over/underflow in the pre-add stage.
INFO: [DRC REQP-1725] DSP_Abus_sign_bit_alert: crypto_soc_artyz7_i/crypto_engine_v1_0_0/inst/crypto_engine_v1_0_S00_AXI_inst/my_crypto_core_inst/u_prng/affine_transform_u/add_block[4].add_inst/inst/i_synth/ADDSUB_OP.ADDSUB/DSP.OP/DSP48E1_BODY.ALIGN_ADD/DSP2/i_no_versal_es1_workaround.DSP: When using the PreAdder and USE_DPORT is TRUE, the A operand should be restricted to 24 bit two's complement (and sign extended) to avoid over/underflow in the pre-add stage.
INFO: [DRC REQP-1725] DSP_Abus_sign_bit_alert: crypto_soc_artyz7_i/crypto_engine_v1_0_0/inst/crypto_engine_v1_0_S00_AXI_inst/my_crypto_core_inst/u_prng/affine_transform_u/add_block[5].add_inst/inst/i_synth/ADDSUB_OP.ADDSUB/DSP.OP/DSP48E1_BODY.ALIGN_ADD/DSP2/i_no_versal_es1_workaround.DSP: When using the PreAdder and USE_DPORT is TRUE, the A operand should be restricted to 24 bit two's complement (and sign extended) to avoid over/underflow in the pre-add stage.
INFO: [DRC REQP-1725] DSP_Abus_sign_bit_alert: crypto_soc_artyz7_i/crypto_engine_v1_0_0/inst/crypto_engine_v1_0_S00_AXI_inst/my_crypto_core_inst/u_prng/affine_transform_u/add_block[6].add_inst/inst/i_synth/ADDSUB_OP.ADDSUB/DSP.OP/DSP48E1_BODY.ALIGN_ADD/DSP2/i_no_versal_es1_workaround.DSP: When using the PreAdder and USE_DPORT is TRUE, the A operand should be restricted to 24 bit two's complement (and sign extended) to avoid over/underflow in the pre-add stage.
INFO: [DRC REQP-1725] DSP_Abus_sign_bit_alert: crypto_soc_artyz7_i/crypto_engine_v1_0_0/inst/crypto_engine_v1_0_S00_AXI_inst/my_crypto_core_inst/u_prng/affine_transform_u/add_block[7].add_inst/inst/i_synth/ADDSUB_OP.ADDSUB/DSP.OP/DSP48E1_BODY.ALIGN_ADD/DSP2/i_no_versal_es1_workaround.DSP: When using the PreAdder and USE_DPORT is TRUE, the A operand should be restricted to 24 bit two's complement (and sign extended) to avoid over/underflow in the pre-add stage.
INFO: [DRC REQP-1725] DSP_Abus_sign_bit_alert: crypto_soc_artyz7_i/crypto_engine_v1_0_0/inst/crypto_engine_v1_0_S00_AXI_inst/my_crypto_core_inst/u_prng/affine_transform_u/add_block[8].add_inst/inst/i_synth/ADDSUB_OP.ADDSUB/DSP.OP/DSP48E1_BODY.ALIGN_ADD/DSP2/i_no_versal_es1_workaround.DSP: When using the PreAdder and USE_DPORT is TRUE, the A operand should be restricted to 24 bit two's complement (and sign extended) to avoid over/underflow in the pre-add stage.
INFO: [DRC REQP-1725] DSP_Abus_sign_bit_alert: crypto_soc_artyz7_i/crypto_engine_v1_0_0/inst/crypto_engine_v1_0_S00_AXI_inst/my_crypto_core_inst/u_prng/sawtooth_block[0].sawtooth_inst/add_1/inst/i_synth/ADDSUB_OP.ADDSUB/DSP.OP/DSP48E1_BODY.ALIGN_ADD/DSP2/i_no_versal_es1_workaround.DSP: When using the PreAdder and USE_DPORT is TRUE, the A operand should be restricted to 24 bit two's complement (and sign extended) to avoid over/underflow in the pre-add stage.
INFO: [DRC REQP-1725] DSP_Abus_sign_bit_alert: crypto_soc_artyz7_i/crypto_engine_v1_0_0/inst/crypto_engine_v1_0_S00_AXI_inst/my_crypto_core_inst/u_prng/sawtooth_block[0].sawtooth_inst/add_2/inst/i_synth/ADDSUB_OP.ADDSUB/DSP.OP/DSP48E1_BODY.ALIGN_ADD/DSP2/i_no_versal_es1_workaround.DSP: When using the PreAdder and USE_DPORT is TRUE, the A operand should be restricted to 24 bit two's complement (and sign extended) to avoid over/underflow in the pre-add stage.
INFO: [DRC REQP-1725] DSP_Abus_sign_bit_alert: crypto_soc_artyz7_i/crypto_engine_v1_0_0/inst/crypto_engine_v1_0_S00_AXI_inst/my_crypto_core_inst/u_prng/sawtooth_block[1].sawtooth_inst/add_1/inst/i_synth/ADDSUB_OP.ADDSUB/DSP.OP/DSP48E1_BODY.ALIGN_ADD/DSP2/i_no_versal_es1_workaround.DSP: When using the PreAdder and USE_DPORT is TRUE, the A operand should be restricted to 24 bit two's complement (and sign extended) to avoid over/underflow in the pre-add stage.
INFO: [DRC REQP-1725] DSP_Abus_sign_bit_alert: crypto_soc_artyz7_i/crypto_engine_v1_0_0/inst/crypto_engine_v1_0_S00_AXI_inst/my_crypto_core_inst/u_prng/sawtooth_block[1].sawtooth_inst/add_2/inst/i_synth/ADDSUB_OP.ADDSUB/DSP.OP/DSP48E1_BODY.ALIGN_ADD/DSP2/i_no_versal_es1_workaround.DSP: When using the PreAdder and USE_DPORT is TRUE, the A operand should be restricted to 24 bit two's complement (and sign extended) to avoid over/underflow in the pre-add stage.
INFO: [DRC REQP-1725] DSP_Abus_sign_bit_alert: crypto_soc_artyz7_i/crypto_engine_v1_0_0/inst/crypto_engine_v1_0_S00_AXI_inst/my_crypto_core_inst/u_prng/sawtooth_block[2].sawtooth_inst/add_1/inst/i_synth/ADDSUB_OP.ADDSUB/DSP.OP/DSP48E1_BODY.ALIGN_ADD/DSP2/i_no_versal_es1_workaround.DSP: When using the PreAdder and USE_DPORT is TRUE, the A operand should be restricted to 24 bit two's complement (and sign extended) to avoid over/underflow in the pre-add stage.
INFO: [DRC REQP-1725] DSP_Abus_sign_bit_alert: crypto_soc_artyz7_i/crypto_engine_v1_0_0/inst/crypto_engine_v1_0_S00_AXI_inst/my_crypto_core_inst/u_prng/sawtooth_block[2].sawtooth_inst/add_2/inst/i_synth/ADDSUB_OP.ADDSUB/DSP.OP/DSP48E1_BODY.ALIGN_ADD/DSP2/i_no_versal_es1_workaround.DSP: When using the PreAdder and USE_DPORT is TRUE, the A operand should be restricted to 24 bit two's complement (and sign extended) to avoid over/underflow in the pre-add stage.
INFO: [Vivado 12-3199] DRC finished with 0 Errors, 38 Warnings, 100 Advisories
INFO: [Vivado 12-3200] Please refer to the DRC report (report_drc) for more information.
INFO: [Designutils 20-2272] Running write_bitstream with 8 threads.
Loading data files...
Loading site data...
Loading route data...
Processing options...
Creating bitmap...
Creating bitstream...
Writing bitstream ./crypto_soc_artyz7_wrapper.bit...
INFO: [Vivado 12-1842] Bitgen Completed Successfully.
INFO: [Project 1-1876] WebTalk data collection is mandatory when using a ULT device. To see the specific WebTalk data collected for your design, open the usage_statistics_webtalk.html or usage_statistics_webtalk.xml file in the implementation directory.
INFO: [Common 17-83] Releasing license: Implementation
118 Infos, 38 Warnings, 0 Critical Warnings and 0 Errors encountered.
write_bitstream completed successfully
write_bitstream: Time (s): cpu = 00:01:46 ; elapsed = 00:00:36 . Memory (MB): peak = 3870.496 ; gain = 354.660 ; free physical = 287 ; free virtual = 2503
INFO: [Common 17-206] Exiting Vivado at Fri Mar 27 14:29:42 2026...
