INFO: [VRFC 10-2263] Analyzing Verilog file "/home/vinhphat-josh/Repos/Chaos_Based_Symmetric_Image_Encryption/vivado/Chaos_Based_Symmetric_Image_Encryption/Chaos_Based_Symmetric_Image_Encryption.gen/sources_1/ip/chaos_cryptor_0/chaos_cryptor_0_sim_netlist.v" into library xil_defaultlib
INFO: [VRFC 10-311] analyzing module chaos_cryptor_0
INFO: [VRFC 10-311] analyzing module chaos_cryptor_0_CTR_feistel_encrypt
INFO: [VRFC 10-311] analyzing module chaos_cryptor_0_F
INFO: [VRFC 10-311] analyzing module chaos_cryptor_0_F_2947
INFO: [VRFC 10-311] analyzing module chaos_cryptor_0_F_2948
INFO: [VRFC 10-311] analyzing module chaos_cryptor_0_F_2949
INFO: [VRFC 10-311] analyzing module chaos_cryptor_0_F_2950
INFO: [VRFC 10-311] analyzing module chaos_cryptor_0_PRNG
INFO: [VRFC 10-311] analyzing module chaos_cryptor_0_affine_transform
INFO: [VRFC 10-311] analyzing module chaos_cryptor_0_controller
INFO: [VRFC 10-311] analyzing module chaos_cryptor_0_crypto_engine_core
INFO: [VRFC 10-311] analyzing module chaos_cryptor_0_crypto_engine_v1_0
INFO: [VRFC 10-311] analyzing module chaos_cryptor_0_crypto_engine_v1_0_S00_AXI
INFO: [VRFC 10-311] analyzing module chaos_cryptor_0_extractor
INFO: [VRFC 10-311] analyzing module chaos_cryptor_0_feistel_encrypt
INFO: [VRFC 10-311] analyzing module chaos_cryptor_0_floating_point_add
INFO: [VRFC 10-311] analyzing module chaos_cryptor_0_floating_point_add__10
INFO: [VRFC 10-311] analyzing module chaos_cryptor_0_floating_point_add__11
INFO: [VRFC 10-311] analyzing module chaos_cryptor_0_floating_point_add__12
INFO: [VRFC 10-311] analyzing module chaos_cryptor_0_floating_point_add__13
INFO: [VRFC 10-311] analyzing module chaos_cryptor_0_floating_point_add__14
INFO: [VRFC 10-311] analyzing module chaos_cryptor_0_floating_point_add__15
INFO: [VRFC 10-311] analyzing module chaos_cryptor_0_floating_point_add__16
INFO: [VRFC 10-311] analyzing module chaos_cryptor_0_floating_point_add__3
INFO: [VRFC 10-311] analyzing module chaos_cryptor_0_floating_point_add__4
INFO: [VRFC 10-311] analyzing module chaos_cryptor_0_floating_point_add__5
INFO: [VRFC 10-311] analyzing module chaos_cryptor_0_floating_point_add__6
INFO: [VRFC 10-311] analyzing module chaos_cryptor_0_floating_point_add__7
INFO: [VRFC 10-311] analyzing module chaos_cryptor_0_floating_point_add__8
INFO: [VRFC 10-311] analyzing module chaos_cryptor_0_floating_point_add__9
INFO: [VRFC 10-311] analyzing module chaos_cryptor_0_floating_point_div
INFO: [VRFC 10-311] analyzing module chaos_cryptor_0_floating_point_div__3
INFO: [VRFC 10-311] analyzing module chaos_cryptor_0_floating_point_div__4
INFO: [VRFC 10-311] analyzing module chaos_cryptor_0_floating_point_mul
INFO: [VRFC 10-311] analyzing module chaos_cryptor_0_floating_point_mul__10
INFO: [VRFC 10-311] analyzing module chaos_cryptor_0_floating_point_mul__11
INFO: [VRFC 10-311] analyzing module chaos_cryptor_0_floating_point_mul__12
INFO: [VRFC 10-311] analyzing module chaos_cryptor_0_floating_point_mul__13
INFO: [VRFC 10-311] analyzing module chaos_cryptor_0_floating_point_mul__14
INFO: [VRFC 10-311] analyzing module chaos_cryptor_0_floating_point_mul__15
INFO: [VRFC 10-311] analyzing module chaos_cryptor_0_floating_point_mul__16
INFO: [VRFC 10-311] analyzing module chaos_cryptor_0_floating_point_mul__3
INFO: [VRFC 10-311] analyzing module chaos_cryptor_0_floating_point_mul__4
INFO: [VRFC 10-311] analyzing module chaos_cryptor_0_floating_point_mul__5
INFO: [VRFC 10-311] analyzing module chaos_cryptor_0_floating_point_mul__6
INFO: [VRFC 10-311] analyzing module chaos_cryptor_0_floating_point_mul__7
INFO: [VRFC 10-311] analyzing module chaos_cryptor_0_floating_point_mul__8
INFO: [VRFC 10-311] analyzing module chaos_cryptor_0_floating_point_mul__9
INFO: [VRFC 10-311] analyzing module chaos_cryptor_0_key_generator
INFO: [VRFC 10-311] analyzing module chaos_cryptor_0_mixcolumns
INFO: [VRFC 10-311] analyzing module chaos_cryptor_0_mixcolumns_2952
INFO: [VRFC 10-311] analyzing module chaos_cryptor_0_mixcolumns_2954
INFO: [VRFC 10-311] analyzing module chaos_cryptor_0_mixcolumns_2956
INFO: [VRFC 10-311] analyzing module chaos_cryptor_0_mixcolumns_2958
INFO: [VRFC 10-311] analyzing module chaos_cryptor_0_mixer
INFO: [VRFC 10-311] analyzing module chaos_cryptor_0_sawtooth
INFO: [VRFC 10-311] analyzing module chaos_cryptor_0_sawtooth__xdcDup__1
INFO: [VRFC 10-311] analyzing module chaos_cryptor_0_sawtooth__xdcDup__2
INFO: [VRFC 10-311] analyzing module chaos_cryptor_0_sbox_generator
INFO: [VRFC 10-311] analyzing module chaos_cryptor_0_subbytes
INFO: [VRFC 10-311] analyzing module chaos_cryptor_0_subbytes_2951
INFO: [VRFC 10-311] analyzing module chaos_cryptor_0_subbytes_2953
INFO: [VRFC 10-311] analyzing module chaos_cryptor_0_subbytes_2955
INFO: [VRFC 10-311] analyzing module chaos_cryptor_0_subbytes_2957
INFO: [VRFC 10-311] analyzing module chaos_cryptor_0_subbytes_2959
INFO: [VRFC 10-311] analyzing module chaos_cryptor_0_floating_point_v7_1_16
INFO: [VRFC 10-311] analyzing module chaos_cryptor_0_floating_point_v7_1_16__10
INFO: [VRFC 10-311] analyzing module chaos_cryptor_0_floating_point_v7_1_16__11
INFO: [VRFC 10-311] analyzing module chaos_cryptor_0_floating_point_v7_1_16__12
INFO: [VRFC 10-311] analyzing module chaos_cryptor_0_floating_point_v7_1_16__13
INFO: [VRFC 10-311] analyzing module chaos_cryptor_0_floating_point_v7_1_16__14
INFO: [VRFC 10-311] analyzing module chaos_cryptor_0_floating_point_v7_1_16__15
INFO: [VRFC 10-311] analyzing module chaos_cryptor_0_floating_point_v7_1_16__16
INFO: [VRFC 10-311] analyzing module chaos_cryptor_0_floating_point_v7_1_16__3
INFO: [VRFC 10-311] analyzing module chaos_cryptor_0_floating_point_v7_1_16__4
INFO: [VRFC 10-311] analyzing module chaos_cryptor_0_floating_point_v7_1_16__5
INFO: [VRFC 10-311] analyzing module chaos_cryptor_0_floating_point_v7_1_16__6
INFO: [VRFC 10-311] analyzing module chaos_cryptor_0_floating_point_v7_1_16__7
INFO: [VRFC 10-311] analyzing module chaos_cryptor_0_floating_point_v7_1_16__8
INFO: [VRFC 10-311] analyzing module chaos_cryptor_0_floating_point_v7_1_16__9
INFO: [VRFC 10-311] analyzing module chaos_cryptor_0_floating_point_v7_1_16__parameterized0
INFO: [VRFC 10-311] analyzing module chaos_cryptor_0_floating_point_v7_1_16__parameterized0__3
INFO: [VRFC 10-311] analyzing module chaos_cryptor_0_floating_point_v7_1_16__parameterized0__4
INFO: [VRFC 10-311] analyzing module chaos_cryptor_0_floating_point_v7_1_16__parameterized1
INFO: [VRFC 10-311] analyzing module chaos_cryptor_0_floating_point_v7_1_16__parameterized1__10
INFO: [VRFC 10-311] analyzing module chaos_cryptor_0_floating_point_v7_1_16__parameterized1__11
INFO: [VRFC 10-311] analyzing module chaos_cryptor_0_floating_point_v7_1_16__parameterized1__12
INFO: [VRFC 10-311] analyzing module chaos_cryptor_0_floating_point_v7_1_16__parameterized1__13
INFO: [VRFC 10-311] analyzing module chaos_cryptor_0_floating_point_v7_1_16__parameterized1__14
INFO: [VRFC 10-311] analyzing module chaos_cryptor_0_floating_point_v7_1_16__parameterized1__15
INFO: [VRFC 10-311] analyzing module chaos_cryptor_0_floating_point_v7_1_16__parameterized1__16
INFO: [VRFC 10-311] analyzing module chaos_cryptor_0_floating_point_v7_1_16__parameterized1__3
INFO: [VRFC 10-311] analyzing module chaos_cryptor_0_floating_point_v7_1_16__parameterized1__4
INFO: [VRFC 10-311] analyzing module chaos_cryptor_0_floating_point_v7_1_16__parameterized1__5
INFO: [VRFC 10-311] analyzing module chaos_cryptor_0_floating_point_v7_1_16__parameterized1__6
INFO: [VRFC 10-311] analyzing module chaos_cryptor_0_floating_point_v7_1_16__parameterized1__7
INFO: [VRFC 10-311] analyzing module chaos_cryptor_0_floating_point_v7_1_16__parameterized1__8
INFO: [VRFC 10-311] analyzing module chaos_cryptor_0_floating_point_v7_1_16__parameterized1__9
INFO: [VRFC 10-311] analyzing module chaos_cryptor_0_align_add_dsp48e1_sgl
INFO: [VRFC 10-311] analyzing module chaos_cryptor_0_align_add_dsp48e1_sgl_1320
INFO: [VRFC 10-311] analyzing module chaos_cryptor_0_align_add_dsp48e1_sgl_1424
INFO: [VRFC 10-311] analyzing module chaos_cryptor_0_align_add_dsp48e1_sgl_1528
INFO: [VRFC 10-311] analyzing module chaos_cryptor_0_align_add_dsp48e1_sgl_1632
INFO: [VRFC 10-311] analyzing module chaos_cryptor_0_align_add_dsp48e1_sgl_1736
INFO: [VRFC 10-311] analyzing module chaos_cryptor_0_align_add_dsp48e1_sgl_1840
INFO: [VRFC 10-311] analyzing module chaos_cryptor_0_align_add_dsp48e1_sgl_1944
INFO: [VRFC 10-311] analyzing module chaos_cryptor_0_align_add_dsp48e1_sgl_2048
INFO: [VRFC 10-311] analyzing module chaos_cryptor_0_align_add_dsp48e1_sgl_2152
INFO: [VRFC 10-311] analyzing module chaos_cryptor_0_align_add_dsp48e1_sgl_354
INFO: [VRFC 10-311] analyzing module chaos_cryptor_0_align_add_dsp48e1_sgl_515
INFO: [VRFC 10-311] analyzing module chaos_cryptor_0_align_add_dsp48e1_sgl_74
INFO: [VRFC 10-311] analyzing module chaos_cryptor_0_align_add_dsp48e1_sgl_837
INFO: [VRFC 10-311] analyzing module chaos_cryptor_0_align_add_dsp48e1_sgl_998
INFO: [VRFC 10-311] analyzing module chaos_cryptor_0_carry_chain
INFO: [VRFC 10-311] analyzing module chaos_cryptor_0_carry_chain_2276
INFO: [VRFC 10-311] analyzing module chaos_cryptor_0_carry_chain_2334
INFO: [VRFC 10-311] analyzing module chaos_cryptor_0_carry_chain_2392
INFO: [VRFC 10-311] analyzing module chaos_cryptor_0_carry_chain_2450
INFO: [VRFC 10-311] analyzing module chaos_cryptor_0_carry_chain_2508
INFO: [VRFC 10-311] analyzing module chaos_cryptor_0_carry_chain_2566
INFO: [VRFC 10-311] analyzing module chaos_cryptor_0_carry_chain_2624
INFO: [VRFC 10-311] analyzing module chaos_cryptor_0_carry_chain_2682
INFO: [VRFC 10-311] analyzing module chaos_cryptor_0_carry_chain_2740
INFO: [VRFC 10-311] analyzing module chaos_cryptor_0_carry_chain_2798
INFO: [VRFC 10-311] analyzing module chaos_cryptor_0_carry_chain_2856
INFO: [VRFC 10-311] analyzing module chaos_cryptor_0_carry_chain_2914
INFO: [VRFC 10-311] analyzing module chaos_cryptor_0_carry_chain_478
INFO: [VRFC 10-311] analyzing module chaos_cryptor_0_carry_chain_961
INFO: [VRFC 10-311] analyzing module chaos_cryptor_0_carry_chain__parameterized0
INFO: [VRFC 10-311] analyzing module chaos_cryptor_0_carry_chain__parameterized0_1058
INFO: [VRFC 10-311] analyzing module chaos_cryptor_0_carry_chain__parameterized0_1064
INFO: [VRFC 10-311] analyzing module chaos_cryptor_0_carry_chain__parameterized0_134
INFO: [VRFC 10-311] analyzing module chaos_cryptor_0_carry_chain__parameterized0_1382
INFO: [VRFC 10-311] analyzing module chaos_cryptor_0_carry_chain__parameterized0_1388
INFO: [VRFC 10-311] analyzing module chaos_cryptor_0_carry_chain__parameterized0_140
INFO: [VRFC 10-311] analyzing module chaos_cryptor_0_carry_chain__parameterized0_1486
INFO: [VRFC 10-311] analyzing module chaos_cryptor_0_carry_chain__parameterized0_1492
INFO: [VRFC 10-311] analyzing module chaos_cryptor_0_carry_chain__parameterized0_1590
INFO: [VRFC 10-311] analyzing module chaos_cryptor_0_carry_chain__parameterized0_1596
INFO: [VRFC 10-311] analyzing module chaos_cryptor_0_carry_chain__parameterized0_1694
INFO: [VRFC 10-311] analyzing module chaos_cryptor_0_carry_chain__parameterized0_1700
INFO: [VRFC 10-311] analyzing module chaos_cryptor_0_carry_chain__parameterized0_1798
INFO: [VRFC 10-311] analyzing module chaos_cryptor_0_carry_chain__parameterized0_1804
INFO: [VRFC 10-311] analyzing module chaos_cryptor_0_carry_chain__parameterized0_1902
INFO: [VRFC 10-311] analyzing module chaos_cryptor_0_carry_chain__parameterized0_1908
INFO: [VRFC 10-311] analyzing module chaos_cryptor_0_carry_chain__parameterized0_20
INFO: [VRFC 10-311] analyzing module chaos_cryptor_0_carry_chain__parameterized0_2006
INFO: [VRFC 10-311] analyzing module chaos_cryptor_0_carry_chain__parameterized0_2012
INFO: [VRFC 10-311] analyzing module chaos_cryptor_0_carry_chain__parameterized0_2110
INFO: [VRFC 10-311] analyzing module chaos_cryptor_0_carry_chain__parameterized0_2116
INFO: [VRFC 10-311] analyzing module chaos_cryptor_0_carry_chain__parameterized0_2214
INFO: [VRFC 10-311] analyzing module chaos_cryptor_0_carry_chain__parameterized0_2220
INFO: [VRFC 10-311] analyzing module chaos_cryptor_0_carry_chain__parameterized0_2300
INFO: [VRFC 10-311] analyzing module chaos_cryptor_0_carry_chain__parameterized0_2306
INFO: [VRFC 10-311] analyzing module chaos_cryptor_0_carry_chain__parameterized0_2358
INFO: [VRFC 10-311] analyzing module chaos_cryptor_0_carry_chain__parameterized0_2364
INFO: [VRFC 10-311] analyzing module chaos_cryptor_0_carry_chain__parameterized0_2416
INFO: [VRFC 10-311] analyzing module chaos_cryptor_0_carry_chain__parameterized0_2422
INFO: [VRFC 10-311] analyzing module chaos_cryptor_0_carry_chain__parameterized0_2474
INFO: [VRFC 10-311] analyzing module chaos_cryptor_0_carry_chain__parameterized0_2480
INFO: [VRFC 10-311] analyzing module chaos_cryptor_0_carry_chain__parameterized0_2532
INFO: [VRFC 10-311] analyzing module chaos_cryptor_0_carry_chain__parameterized0_2538
INFO: [VRFC 10-311] analyzing module chaos_cryptor_0_carry_chain__parameterized0_2590
INFO: [VRFC 10-311] analyzing module chaos_cryptor_0_carry_chain__parameterized0_2596
INFO: [VRFC 10-311] analyzing module chaos_cryptor_0_carry_chain__parameterized0_2648
INFO: [VRFC 10-311] analyzing module chaos_cryptor_0_carry_chain__parameterized0_2654
INFO: [VRFC 10-311] analyzing module chaos_cryptor_0_carry_chain__parameterized0_2706
INFO: [VRFC 10-311] analyzing module chaos_cryptor_0_carry_chain__parameterized0_2712
INFO: [VRFC 10-311] analyzing module chaos_cryptor_0_carry_chain__parameterized0_2764
INFO: [VRFC 10-311] analyzing module chaos_cryptor_0_carry_chain__parameterized0_2770
INFO: [VRFC 10-311] analyzing module chaos_cryptor_0_carry_chain__parameterized0_2822
INFO: [VRFC 10-311] analyzing module chaos_cryptor_0_carry_chain__parameterized0_2828
INFO: [VRFC 10-311] analyzing module chaos_cryptor_0_carry_chain__parameterized0_2880
INFO: [VRFC 10-311] analyzing module chaos_cryptor_0_carry_chain__parameterized0_2886
INFO: [VRFC 10-311] analyzing module chaos_cryptor_0_carry_chain__parameterized0_2938
INFO: [VRFC 10-311] analyzing module chaos_cryptor_0_carry_chain__parameterized0_2944
INFO: [VRFC 10-311] analyzing module chaos_cryptor_0_carry_chain__parameterized0_416
INFO: [VRFC 10-311] analyzing module chaos_cryptor_0_carry_chain__parameterized0_422
INFO: [VRFC 10-311] analyzing module chaos_cryptor_0_carry_chain__parameterized0_502
INFO: [VRFC 10-311] analyzing module chaos_cryptor_0_carry_chain__parameterized0_508
INFO: [VRFC 10-311] analyzing module chaos_cryptor_0_carry_chain__parameterized0_575
INFO: [VRFC 10-311] analyzing module chaos_cryptor_0_carry_chain__parameterized0_581
INFO: [VRFC 10-311] analyzing module chaos_cryptor_0_carry_chain__parameterized0_61
INFO: [VRFC 10-311] analyzing module chaos_cryptor_0_carry_chain__parameterized0_67
INFO: [VRFC 10-311] analyzing module chaos_cryptor_0_carry_chain__parameterized0_899
INFO: [VRFC 10-311] analyzing module chaos_cryptor_0_carry_chain__parameterized0_905
INFO: [VRFC 10-311] analyzing module chaos_cryptor_0_carry_chain__parameterized0_985
INFO: [VRFC 10-311] analyzing module chaos_cryptor_0_carry_chain__parameterized0_991
INFO: [VRFC 10-311] analyzing module chaos_cryptor_0_carry_chain__parameterized1
INFO: [VRFC 10-311] analyzing module chaos_cryptor_0_carry_chain__parameterized1_1167
INFO: [VRFC 10-311] analyzing module chaos_cryptor_0_carry_chain__parameterized1_1171
INFO: [VRFC 10-311] analyzing module chaos_cryptor_0_carry_chain__parameterized1_1175
INFO: [VRFC 10-311] analyzing module chaos_cryptor_0_carry_chain__parameterized1_1179
INFO: [VRFC 10-311] analyzing module chaos_cryptor_0_carry_chain__parameterized1_1183
INFO: [VRFC 10-311] analyzing module chaos_cryptor_0_carry_chain__parameterized1_1187
INFO: [VRFC 10-311] analyzing module chaos_cryptor_0_carry_chain__parameterized1_1191
INFO: [VRFC 10-311] analyzing module chaos_cryptor_0_carry_chain__parameterized1_1196
INFO: [VRFC 10-311] analyzing module chaos_cryptor_0_carry_chain__parameterized1_1200
INFO: [VRFC 10-311] analyzing module chaos_cryptor_0_carry_chain__parameterized1_1205
INFO: [VRFC 10-311] analyzing module chaos_cryptor_0_carry_chain__parameterized1_1209
INFO: [VRFC 10-311] analyzing module chaos_cryptor_0_carry_chain__parameterized1_1213
INFO: [VRFC 10-311] analyzing module chaos_cryptor_0_carry_chain__parameterized1_1217
INFO: [VRFC 10-311] analyzing module chaos_cryptor_0_carry_chain__parameterized1_1221
INFO: [VRFC 10-311] analyzing module chaos_cryptor_0_carry_chain__parameterized1_1226
INFO: [VRFC 10-311] analyzing module chaos_cryptor_0_carry_chain__parameterized1_1230
INFO: [VRFC 10-311] analyzing module chaos_cryptor_0_carry_chain__parameterized1_1234
INFO: [VRFC 10-311] analyzing module chaos_cryptor_0_carry_chain__parameterized1_1238
INFO: [VRFC 10-311] analyzing module chaos_cryptor_0_carry_chain__parameterized1_1242
INFO: [VRFC 10-311] analyzing module chaos_cryptor_0_carry_chain__parameterized1_1246
INFO: [VRFC 10-311] analyzing module chaos_cryptor_0_carry_chain__parameterized1_1250
INFO: [VRFC 10-311] analyzing module chaos_cryptor_0_carry_chain__parameterized1_1254
INFO: [VRFC 10-311] analyzing module chaos_cryptor_0_carry_chain__parameterized1_1258
INFO: [VRFC 10-311] analyzing module chaos_cryptor_0_carry_chain__parameterized1_1262
INFO: [VRFC 10-311] analyzing module chaos_cryptor_0_carry_chain__parameterized1_1266
INFO: [VRFC 10-311] analyzing module chaos_cryptor_0_carry_chain__parameterized1_1270
INFO: [VRFC 10-311] analyzing module chaos_cryptor_0_carry_chain__parameterized1_229
INFO: [VRFC 10-311] analyzing module chaos_cryptor_0_carry_chain__parameterized1_233
INFO: [VRFC 10-311] analyzing module chaos_cryptor_0_carry_chain__parameterized1_237
INFO: [VRFC 10-311] analyzing module chaos_cryptor_0_carry_chain__parameterized1_241
INFO: [VRFC 10-311] analyzing module chaos_cryptor_0_carry_chain__parameterized1_245
INFO: [VRFC 10-311] analyzing module chaos_cryptor_0_carry_chain__parameterized1_249
INFO: [VRFC 10-311] analyzing module chaos_cryptor_0_carry_chain__parameterized1_253
INFO: [VRFC 10-311] analyzing module chaos_cryptor_0_carry_chain__parameterized1_257
INFO: [VRFC 10-311] analyzing module chaos_cryptor_0_carry_chain__parameterized1_262
INFO: [VRFC 10-311] analyzing module chaos_cryptor_0_carry_chain__parameterized1_266
INFO: [VRFC 10-311] analyzing module chaos_cryptor_0_carry_chain__parameterized1_270
INFO: [VRFC 10-311] analyzing module chaos_cryptor_0_carry_chain__parameterized1_274
INFO: [VRFC 10-311] analyzing module chaos_cryptor_0_carry_chain__parameterized1_278
INFO: [VRFC 10-311] analyzing module chaos_cryptor_0_carry_chain__parameterized1_283
INFO: [VRFC 10-311] analyzing module chaos_cryptor_0_carry_chain__parameterized1_287
INFO: [VRFC 10-311] analyzing module chaos_cryptor_0_carry_chain__parameterized1_291
INFO: [VRFC 10-311] analyzing module chaos_cryptor_0_carry_chain__parameterized1_295
INFO: [VRFC 10-311] analyzing module chaos_cryptor_0_carry_chain__parameterized1_299
INFO: [VRFC 10-311] analyzing module chaos_cryptor_0_carry_chain__parameterized1_303
INFO: [VRFC 10-311] analyzing module chaos_cryptor_0_carry_chain__parameterized1_307
INFO: [VRFC 10-311] analyzing module chaos_cryptor_0_carry_chain__parameterized1_311
INFO: [VRFC 10-311] analyzing module chaos_cryptor_0_carry_chain__parameterized1_315
INFO: [VRFC 10-311] analyzing module chaos_cryptor_0_carry_chain__parameterized1_319
INFO: [VRFC 10-311] analyzing module chaos_cryptor_0_carry_chain__parameterized1_323
INFO: [VRFC 10-311] analyzing module chaos_cryptor_0_carry_chain__parameterized1_327
INFO: [VRFC 10-311] analyzing module chaos_cryptor_0_carry_chain__parameterized1_684
INFO: [VRFC 10-311] analyzing module chaos_cryptor_0_carry_chain__parameterized1_688
INFO: [VRFC 10-311] analyzing module chaos_cryptor_0_carry_chain__parameterized1_692
INFO: [VRFC 10-311] analyzing module chaos_cryptor_0_carry_chain__parameterized1_696
INFO: [VRFC 10-311] analyzing module chaos_cryptor_0_carry_chain__parameterized1_700
INFO: [VRFC 10-311] analyzing module chaos_cryptor_0_carry_chain__parameterized1_704
INFO: [VRFC 10-311] analyzing module chaos_cryptor_0_carry_chain__parameterized1_708
INFO: [VRFC 10-311] analyzing module chaos_cryptor_0_carry_chain__parameterized1_713
INFO: [VRFC 10-311] analyzing module chaos_cryptor_0_carry_chain__parameterized1_717
INFO: [VRFC 10-311] analyzing module chaos_cryptor_0_carry_chain__parameterized1_722
INFO: [VRFC 10-311] analyzing module chaos_cryptor_0_carry_chain__parameterized1_726
INFO: [VRFC 10-311] analyzing module chaos_cryptor_0_carry_chain__parameterized1_730
INFO: [VRFC 10-311] analyzing module chaos_cryptor_0_carry_chain__parameterized1_734
INFO: [VRFC 10-311] analyzing module chaos_cryptor_0_carry_chain__parameterized1_738
INFO: [VRFC 10-311] analyzing module chaos_cryptor_0_carry_chain__parameterized1_743
INFO: [VRFC 10-311] analyzing module chaos_cryptor_0_carry_chain__parameterized1_747
INFO: [VRFC 10-311] analyzing module chaos_cryptor_0_carry_chain__parameterized1_751
INFO: [VRFC 10-311] analyzing module chaos_cryptor_0_carry_chain__parameterized1_755
INFO: [VRFC 10-311] analyzing module chaos_cryptor_0_carry_chain__parameterized1_759
INFO: [VRFC 10-311] analyzing module chaos_cryptor_0_carry_chain__parameterized1_763
INFO: [VRFC 10-311] analyzing module chaos_cryptor_0_carry_chain__parameterized1_767
INFO: [VRFC 10-311] analyzing module chaos_cryptor_0_carry_chain__parameterized1_771
INFO: [VRFC 10-311] analyzing module chaos_cryptor_0_carry_chain__parameterized1_775
INFO: [VRFC 10-311] analyzing module chaos_cryptor_0_carry_chain__parameterized1_779
INFO: [VRFC 10-311] analyzing module chaos_cryptor_0_carry_chain__parameterized1_783
INFO: [VRFC 10-311] analyzing module chaos_cryptor_0_carry_chain__parameterized1_787
INFO: [VRFC 10-311] analyzing module chaos_cryptor_0_carry_chain__parameterized2
INFO: [VRFC 10-311] analyzing module chaos_cryptor_0_carry_chain__parameterized2_1104
INFO: [VRFC 10-311] analyzing module chaos_cryptor_0_carry_chain__parameterized2_621
INFO: [VRFC 10-311] analyzing module chaos_cryptor_0_carry_chain__parameterized3
INFO: [VRFC 10-311] analyzing module chaos_cryptor_0_carry_chain__parameterized3_1101
INFO: [VRFC 10-311] analyzing module chaos_cryptor_0_carry_chain__parameterized3_618
INFO: [VRFC 10-311] analyzing module chaos_cryptor_0_carry_chain__parameterized4
INFO: [VRFC 10-311] analyzing module chaos_cryptor_0_carry_chain__parameterized4_1102
INFO: [VRFC 10-311] analyzing module chaos_cryptor_0_carry_chain__parameterized4_619
INFO: [VRFC 10-311] analyzing module chaos_cryptor_0_carry_chain__parameterized5
INFO: [VRFC 10-311] analyzing module chaos_cryptor_0_carry_chain__parameterized5_1098
INFO: [VRFC 10-311] analyzing module chaos_cryptor_0_carry_chain__parameterized5_615
INFO: [VRFC 10-311] analyzing module chaos_cryptor_0_carry_chain__parameterized6
INFO: [VRFC 10-311] analyzing module chaos_cryptor_0_carry_chain__parameterized6_1083
INFO: [VRFC 10-311] analyzing module chaos_cryptor_0_carry_chain__parameterized6_1409
INFO: [VRFC 10-311] analyzing module chaos_cryptor_0_carry_chain__parameterized6_1513
INFO: [VRFC 10-311] analyzing module chaos_cryptor_0_carry_chain__parameterized6_159
INFO: [VRFC 10-311] analyzing module chaos_cryptor_0_carry_chain__parameterized6_1617
INFO: [VRFC 10-311] analyzing module chaos_cryptor_0_carry_chain__parameterized6_1721
INFO: [VRFC 10-311] analyzing module chaos_cryptor_0_carry_chain__parameterized6_1825
INFO: [VRFC 10-311] analyzing module chaos_cryptor_0_carry_chain__parameterized6_1929
INFO: [VRFC 10-311] analyzing module chaos_cryptor_0_carry_chain__parameterized6_2033
INFO: [VRFC 10-311] analyzing module chaos_cryptor_0_carry_chain__parameterized6_2137
INFO: [VRFC 10-311] analyzing module chaos_cryptor_0_carry_chain__parameterized6_2241
INFO: [VRFC 10-311] analyzing module chaos_cryptor_0_carry_chain__parameterized6_443
INFO: [VRFC 10-311] analyzing module chaos_cryptor_0_carry_chain__parameterized6_600
INFO: [VRFC 10-311] analyzing module chaos_cryptor_0_carry_chain__parameterized6_926
INFO: [VRFC 10-311] analyzing module chaos_cryptor_0_carry_chain__parameterized7
INFO: [VRFC 10-311] analyzing module chaos_cryptor_0_carry_chain__parameterized7_1079
INFO: [VRFC 10-311] analyzing module chaos_cryptor_0_carry_chain__parameterized7_1405
INFO: [VRFC 10-311] analyzing module chaos_cryptor_0_carry_chain__parameterized7_1509
INFO: [VRFC 10-311] analyzing module chaos_cryptor_0_carry_chain__parameterized7_155
INFO: [VRFC 10-311] analyzing module chaos_cryptor_0_carry_chain__parameterized7_1613
INFO: [VRFC 10-311] analyzing module chaos_cryptor_0_carry_chain__parameterized7_1717
INFO: [VRFC 10-311] analyzing module chaos_cryptor_0_carry_chain__parameterized7_1821
INFO: [VRFC 10-311] analyzing module chaos_cryptor_0_carry_chain__parameterized7_1925
INFO: [VRFC 10-311] analyzing module chaos_cryptor_0_carry_chain__parameterized7_2029
INFO: [VRFC 10-311] analyzing module chaos_cryptor_0_carry_chain__parameterized7_2133
INFO: [VRFC 10-311] analyzing module chaos_cryptor_0_carry_chain__parameterized7_2237
INFO: [VRFC 10-311] analyzing module chaos_cryptor_0_carry_chain__parameterized7_439
INFO: [VRFC 10-311] analyzing module chaos_cryptor_0_carry_chain__parameterized7_596
INFO: [VRFC 10-311] analyzing module chaos_cryptor_0_carry_chain__parameterized7_922
INFO: [VRFC 10-311] analyzing module chaos_cryptor_0_carry_chain__parameterized8
INFO: [VRFC 10-311] analyzing module chaos_cryptor_0_carry_chain__parameterized8_1047
INFO: [VRFC 10-311] analyzing module chaos_cryptor_0_carry_chain__parameterized8_123
INFO: [VRFC 10-311] analyzing module chaos_cryptor_0_carry_chain__parameterized8_1371
INFO: [VRFC 10-311] analyzing module chaos_cryptor_0_carry_chain__parameterized8_1475
INFO: [VRFC 10-311] analyzing module chaos_cryptor_0_carry_chain__parameterized8_1579
INFO: [VRFC 10-311] analyzing module chaos_cryptor_0_carry_chain__parameterized8_1683
INFO: [VRFC 10-311] analyzing module chaos_cryptor_0_carry_chain__parameterized8_1787
INFO: [VRFC 10-311] analyzing module chaos_cryptor_0_carry_chain__parameterized8_1891
INFO: [VRFC 10-311] analyzing module chaos_cryptor_0_carry_chain__parameterized8_1995
INFO: [VRFC 10-311] analyzing module chaos_cryptor_0_carry_chain__parameterized8_2099
INFO: [VRFC 10-311] analyzing module chaos_cryptor_0_carry_chain__parameterized8_2203
INFO: [VRFC 10-311] analyzing module chaos_cryptor_0_carry_chain__parameterized8_405
INFO: [VRFC 10-311] analyzing module chaos_cryptor_0_carry_chain__parameterized8_564
INFO: [VRFC 10-311] analyzing module chaos_cryptor_0_carry_chain__parameterized8_888
INFO: [VRFC 10-311] analyzing module chaos_cryptor_0_carry_chain__parameterized9
INFO: [VRFC 10-311] analyzing module chaos_cryptor_0_carry_chain__parameterized9_1031
INFO: [VRFC 10-311] analyzing module chaos_cryptor_0_carry_chain__parameterized9_1040
INFO: [VRFC 10-311] analyzing module chaos_cryptor_0_carry_chain__parameterized9_107
INFO: [VRFC 10-311] analyzing module chaos_cryptor_0_carry_chain__parameterized9_116
INFO: [VRFC 10-311] analyzing module chaos_cryptor_0_carry_chain__parameterized9_1355
INFO: [VRFC 10-311] analyzing module chaos_cryptor_0_carry_chain__parameterized9_1364
INFO: [VRFC 10-311] analyzing module chaos_cryptor_0_carry_chain__parameterized9_1459
INFO: [VRFC 10-311] analyzing module chaos_cryptor_0_carry_chain__parameterized9_1468
INFO: [VRFC 10-311] analyzing module chaos_cryptor_0_carry_chain__parameterized9_1563
INFO: [VRFC 10-311] analyzing module chaos_cryptor_0_carry_chain__parameterized9_1572
INFO: [VRFC 10-311] analyzing module chaos_cryptor_0_carry_chain__parameterized9_1667
INFO: [VRFC 10-311] analyzing module chaos_cryptor_0_carry_chain__parameterized9_1676
INFO: [VRFC 10-311] analyzing module chaos_cryptor_0_carry_chain__parameterized9_1771
INFO: [VRFC 10-311] analyzing module chaos_cryptor_0_carry_chain__parameterized9_1780
INFO: [VRFC 10-311] analyzing module chaos_cryptor_0_carry_chain__parameterized9_1875
INFO: [VRFC 10-311] analyzing module chaos_cryptor_0_carry_chain__parameterized9_1884
INFO: [VRFC 10-311] analyzing module chaos_cryptor_0_carry_chain__parameterized9_1979
INFO: [VRFC 10-311] analyzing module chaos_cryptor_0_carry_chain__parameterized9_1988
INFO: [VRFC 10-311] analyzing module chaos_cryptor_0_carry_chain__parameterized9_2083
INFO: [VRFC 10-311] analyzing module chaos_cryptor_0_carry_chain__parameterized9_2092
INFO: [VRFC 10-311] analyzing module chaos_cryptor_0_carry_chain__parameterized9_2187
INFO: [VRFC 10-311] analyzing module chaos_cryptor_0_carry_chain__parameterized9_2196
INFO: [VRFC 10-311] analyzing module chaos_cryptor_0_carry_chain__parameterized9_389
INFO: [VRFC 10-311] analyzing module chaos_cryptor_0_carry_chain__parameterized9_398
INFO: [VRFC 10-311] analyzing module chaos_cryptor_0_carry_chain__parameterized9_548
INFO: [VRFC 10-311] analyzing module chaos_cryptor_0_carry_chain__parameterized9_557
INFO: [VRFC 10-311] analyzing module chaos_cryptor_0_carry_chain__parameterized9_872
INFO: [VRFC 10-311] analyzing module chaos_cryptor_0_carry_chain__parameterized9_881
INFO: [VRFC 10-311] analyzing module chaos_cryptor_0_carry_chain__parameterized9_9
INFO: [VRFC 10-311] analyzing module chaos_cryptor_0_compare
INFO: [VRFC 10-311] analyzing module chaos_cryptor_0_compare_1036
INFO: [VRFC 10-311] analyzing module chaos_cryptor_0_compare_112
INFO: [VRFC 10-311] analyzing module chaos_cryptor_0_compare_1360
INFO: [VRFC 10-311] analyzing module chaos_cryptor_0_compare_1464
INFO: [VRFC 10-311] analyzing module chaos_cryptor_0_compare_1568
INFO: [VRFC 10-311] analyzing module chaos_cryptor_0_compare_1672
INFO: [VRFC 10-311] analyzing module chaos_cryptor_0_compare_1776
INFO: [VRFC 10-311] analyzing module chaos_cryptor_0_compare_1880
INFO: [VRFC 10-311] analyzing module chaos_cryptor_0_compare_1984
INFO: [VRFC 10-311] analyzing module chaos_cryptor_0_compare_2088
INFO: [VRFC 10-311] analyzing module chaos_cryptor_0_compare_2192
INFO: [VRFC 10-311] analyzing module chaos_cryptor_0_compare_394
INFO: [VRFC 10-311] analyzing module chaos_cryptor_0_compare_553
INFO: [VRFC 10-311] analyzing module chaos_cryptor_0_compare_877
INFO: [VRFC 10-311] analyzing module chaos_cryptor_0_compare_eq_im
INFO: [VRFC 10-311] analyzing module chaos_cryptor_0_compare_eq_im_1057
INFO: [VRFC 10-311] analyzing module chaos_cryptor_0_compare_eq_im_1063
INFO: [VRFC 10-311] analyzing module chaos_cryptor_0_compare_eq_im_133
INFO: [VRFC 10-311] analyzing module chaos_cryptor_0_compare_eq_im_1381
INFO: [VRFC 10-311] analyzing module chaos_cryptor_0_compare_eq_im_1387
INFO: [VRFC 10-311] analyzing module chaos_cryptor_0_compare_eq_im_139
INFO: [VRFC 10-311] analyzing module chaos_cryptor_0_compare_eq_im_1485
INFO: [VRFC 10-311] analyzing module chaos_cryptor_0_compare_eq_im_1491
INFO: [VRFC 10-311] analyzing module chaos_cryptor_0_compare_eq_im_1589
INFO: [VRFC 10-311] analyzing module chaos_cryptor_0_compare_eq_im_1595
INFO: [VRFC 10-311] analyzing module chaos_cryptor_0_compare_eq_im_1693
INFO: [VRFC 10-311] analyzing module chaos_cryptor_0_compare_eq_im_1699
INFO: [VRFC 10-311] analyzing module chaos_cryptor_0_compare_eq_im_1797
INFO: [VRFC 10-311] analyzing module chaos_cryptor_0_compare_eq_im_1803
INFO: [VRFC 10-311] analyzing module chaos_cryptor_0_compare_eq_im_19
INFO: [VRFC 10-311] analyzing module chaos_cryptor_0_compare_eq_im_1901
INFO: [VRFC 10-311] analyzing module chaos_cryptor_0_compare_eq_im_1907
INFO: [VRFC 10-311] analyzing module chaos_cryptor_0_compare_eq_im_2005
INFO: [VRFC 10-311] analyzing module chaos_cryptor_0_compare_eq_im_2011
INFO: [VRFC 10-311] analyzing module chaos_cryptor_0_compare_eq_im_2109
INFO: [VRFC 10-311] analyzing module chaos_cryptor_0_compare_eq_im_2115
INFO: [VRFC 10-311] analyzing module chaos_cryptor_0_compare_eq_im_2213
INFO: [VRFC 10-311] analyzing module chaos_cryptor_0_compare_eq_im_2219
INFO: [VRFC 10-311] analyzing module chaos_cryptor_0_compare_eq_im_2299
INFO: [VRFC 10-311] analyzing module chaos_cryptor_0_compare_eq_im_2305
INFO: [VRFC 10-311] analyzing module chaos_cryptor_0_compare_eq_im_2357
INFO: [VRFC 10-311] analyzing module chaos_cryptor_0_compare_eq_im_2363
INFO: [VRFC 10-311] analyzing module chaos_cryptor_0_compare_eq_im_2415
INFO: [VRFC 10-311] analyzing module chaos_cryptor_0_compare_eq_im_2421
INFO: [VRFC 10-311] analyzing module chaos_cryptor_0_compare_eq_im_2473
INFO: [VRFC 10-311] analyzing module chaos_cryptor_0_compare_eq_im_2479
INFO: [VRFC 10-311] analyzing module chaos_cryptor_0_compare_eq_im_2531
INFO: [VRFC 10-311] analyzing module chaos_cryptor_0_compare_eq_im_2537
INFO: [VRFC 10-311] analyzing module chaos_cryptor_0_compare_eq_im_2589
INFO: [VRFC 10-311] analyzing module chaos_cryptor_0_compare_eq_im_2595
INFO: [VRFC 10-311] analyzing module chaos_cryptor_0_compare_eq_im_2647
INFO: [VRFC 10-311] analyzing module chaos_cryptor_0_compare_eq_im_2653
INFO: [VRFC 10-311] analyzing module chaos_cryptor_0_compare_eq_im_2705
INFO: [VRFC 10-311] analyzing module chaos_cryptor_0_compare_eq_im_2711
INFO: [VRFC 10-311] analyzing module chaos_cryptor_0_compare_eq_im_2763
INFO: [VRFC 10-311] analyzing module chaos_cryptor_0_compare_eq_im_2769
INFO: [VRFC 10-311] analyzing module chaos_cryptor_0_compare_eq_im_2821
INFO: [VRFC 10-311] analyzing module chaos_cryptor_0_compare_eq_im_2827
INFO: [VRFC 10-311] analyzing module chaos_cryptor_0_compare_eq_im_2879
INFO: [VRFC 10-311] analyzing module chaos_cryptor_0_compare_eq_im_2885
INFO: [VRFC 10-311] analyzing module chaos_cryptor_0_compare_eq_im_2937
INFO: [VRFC 10-311] analyzing module chaos_cryptor_0_compare_eq_im_2943
INFO: [VRFC 10-311] analyzing module chaos_cryptor_0_compare_eq_im_415
INFO: [VRFC 10-311] analyzing module chaos_cryptor_0_compare_eq_im_421
INFO: [VRFC 10-311] analyzing module chaos_cryptor_0_compare_eq_im_501
INFO: [VRFC 10-311] analyzing module chaos_cryptor_0_compare_eq_im_507
INFO: [VRFC 10-311] analyzing module chaos_cryptor_0_compare_eq_im_574
INFO: [VRFC 10-311] analyzing module chaos_cryptor_0_compare_eq_im_580
INFO: [VRFC 10-311] analyzing module chaos_cryptor_0_compare_eq_im_60
INFO: [VRFC 10-311] analyzing module chaos_cryptor_0_compare_eq_im_66
INFO: [VRFC 10-311] analyzing module chaos_cryptor_0_compare_eq_im_898
INFO: [VRFC 10-311] analyzing module chaos_cryptor_0_compare_eq_im_904
INFO: [VRFC 10-311] analyzing module chaos_cryptor_0_compare_eq_im_984
INFO: [VRFC 10-311] analyzing module chaos_cryptor_0_compare_eq_im_990
INFO: [VRFC 10-311] analyzing module chaos_cryptor_0_compare_eq_im__parameterized0
INFO: [VRFC 10-311] analyzing module chaos_cryptor_0_compare_eq_im__parameterized0_1080
INFO: [VRFC 10-311] analyzing module chaos_cryptor_0_compare_eq_im__parameterized0_1406
INFO: [VRFC 10-311] analyzing module chaos_cryptor_0_compare_eq_im__parameterized0_1510
INFO: [VRFC 10-311] analyzing module chaos_cryptor_0_compare_eq_im__parameterized0_156
INFO: [VRFC 10-311] analyzing module chaos_cryptor_0_compare_eq_im__parameterized0_1614
INFO: [VRFC 10-311] analyzing module chaos_cryptor_0_compare_eq_im__parameterized0_1718
INFO: [VRFC 10-311] analyzing module chaos_cryptor_0_compare_eq_im__parameterized0_1822
INFO: [VRFC 10-311] analyzing module chaos_cryptor_0_compare_eq_im__parameterized0_1926
INFO: [VRFC 10-311] analyzing module chaos_cryptor_0_compare_eq_im__parameterized0_2030
INFO: [VRFC 10-311] analyzing module chaos_cryptor_0_compare_eq_im__parameterized0_2134
INFO: [VRFC 10-311] analyzing module chaos_cryptor_0_compare_eq_im__parameterized0_2238
INFO: [VRFC 10-311] analyzing module chaos_cryptor_0_compare_eq_im__parameterized0_440
INFO: [VRFC 10-311] analyzing module chaos_cryptor_0_compare_eq_im__parameterized0_597
INFO: [VRFC 10-311] analyzing module chaos_cryptor_0_compare_eq_im__parameterized0_923
INFO: [VRFC 10-311] analyzing module chaos_cryptor_0_compare_gt
INFO: [VRFC 10-311] analyzing module chaos_cryptor_0_compare_gt_1046
INFO: [VRFC 10-311] analyzing module chaos_cryptor_0_compare_gt_122
INFO: [VRFC 10-311] analyzing module chaos_cryptor_0_compare_gt_1370
INFO: [VRFC 10-311] analyzing module chaos_cryptor_0_compare_gt_1474
INFO: [VRFC 10-311] analyzing module chaos_cryptor_0_compare_gt_1578
INFO: [VRFC 10-311] analyzing module chaos_cryptor_0_compare_gt_1682
INFO: [VRFC 10-311] analyzing module chaos_cryptor_0_compare_gt_1786
INFO: [VRFC 10-311] analyzing module chaos_cryptor_0_compare_gt_1890
INFO: [VRFC 10-311] analyzing module chaos_cryptor_0_compare_gt_1994
INFO: [VRFC 10-311] analyzing module chaos_cryptor_0_compare_gt_2098
INFO: [VRFC 10-311] analyzing module chaos_cryptor_0_compare_gt_2202
INFO: [VRFC 10-311] analyzing module chaos_cryptor_0_compare_gt_404
INFO: [VRFC 10-311] analyzing module chaos_cryptor_0_compare_gt_563
INFO: [VRFC 10-311] analyzing module chaos_cryptor_0_compare_gt_887
INFO: [VRFC 10-311] analyzing module chaos_cryptor_0_delay__parameterized11
INFO: [VRFC 10-311] analyzing module chaos_cryptor_0_delay__parameterized11_2295
INFO: [VRFC 10-311] analyzing module chaos_cryptor_0_delay__parameterized11_2353
INFO: [VRFC 10-311] analyzing module chaos_cryptor_0_delay__parameterized11_2411
INFO: [VRFC 10-311] analyzing module chaos_cryptor_0_delay__parameterized11_2469
INFO: [VRFC 10-311] analyzing module chaos_cryptor_0_delay__parameterized11_2527
INFO: [VRFC 10-311] analyzing module chaos_cryptor_0_delay__parameterized11_2585
INFO: [VRFC 10-311] analyzing module chaos_cryptor_0_delay__parameterized11_2643
INFO: [VRFC 10-311] analyzing module chaos_cryptor_0_delay__parameterized11_2701
INFO: [VRFC 10-311] analyzing module chaos_cryptor_0_delay__parameterized11_2759
INFO: [VRFC 10-311] analyzing module chaos_cryptor_0_delay__parameterized11_2817
INFO: [VRFC 10-311] analyzing module chaos_cryptor_0_delay__parameterized11_2875
INFO: [VRFC 10-311] analyzing module chaos_cryptor_0_delay__parameterized11_2933
INFO: [VRFC 10-311] analyzing module chaos_cryptor_0_delay__parameterized11_497
INFO: [VRFC 10-311] analyzing module chaos_cryptor_0_delay__parameterized11_980
INFO: [VRFC 10-311] analyzing module chaos_cryptor_0_delay__parameterized13
INFO: [VRFC 10-311] analyzing module chaos_cryptor_0_delay__parameterized13_1037
INFO: [VRFC 10-311] analyzing module chaos_cryptor_0_delay__parameterized13_1055
INFO: [VRFC 10-311] analyzing module chaos_cryptor_0_delay__parameterized13_1056
INFO: [VRFC 10-311] analyzing module chaos_cryptor_0_delay__parameterized13_1061
INFO: [VRFC 10-311] analyzing module chaos_cryptor_0_delay__parameterized13_1062
INFO: [VRFC 10-311] analyzing module chaos_cryptor_0_delay__parameterized13_113
INFO: [VRFC 10-311] analyzing module chaos_cryptor_0_delay__parameterized13_13
INFO: [VRFC 10-311] analyzing module chaos_cryptor_0_delay__parameterized13_1303
INFO: [VRFC 10-311] analyzing module chaos_cryptor_0_delay__parameterized13_1304
INFO: [VRFC 10-311] analyzing module chaos_cryptor_0_delay__parameterized13_1309
INFO: [VRFC 10-311] analyzing module chaos_cryptor_0_delay__parameterized13_131
INFO: [VRFC 10-311] analyzing module chaos_cryptor_0_delay__parameterized13_1310
INFO: [VRFC 10-311] analyzing module chaos_cryptor_0_delay__parameterized13_132
INFO: [VRFC 10-311] analyzing module chaos_cryptor_0_delay__parameterized13_1361
INFO: [VRFC 10-311] analyzing module chaos_cryptor_0_delay__parameterized13_137
INFO: [VRFC 10-311] analyzing module chaos_cryptor_0_delay__parameterized13_1379
INFO: [VRFC 10-311] analyzing module chaos_cryptor_0_delay__parameterized13_138
INFO: [VRFC 10-311] analyzing module chaos_cryptor_0_delay__parameterized13_1380
INFO: [VRFC 10-311] analyzing module chaos_cryptor_0_delay__parameterized13_1385
INFO: [VRFC 10-311] analyzing module chaos_cryptor_0_delay__parameterized13_1386
INFO: [VRFC 10-311] analyzing module chaos_cryptor_0_delay__parameterized13_14
INFO: [VRFC 10-311] analyzing module chaos_cryptor_0_delay__parameterized13_1465
INFO: [VRFC 10-311] analyzing module chaos_cryptor_0_delay__parameterized13_1483
INFO: [VRFC 10-311] analyzing module chaos_cryptor_0_delay__parameterized13_1484
INFO: [VRFC 10-311] analyzing module chaos_cryptor_0_delay__parameterized13_1489
INFO: [VRFC 10-311] analyzing module chaos_cryptor_0_delay__parameterized13_1490
INFO: [VRFC 10-311] analyzing module chaos_cryptor_0_delay__parameterized13_1569
INFO: [VRFC 10-311] analyzing module chaos_cryptor_0_delay__parameterized13_1587
INFO: [VRFC 10-311] analyzing module chaos_cryptor_0_delay__parameterized13_1588
INFO: [VRFC 10-311] analyzing module chaos_cryptor_0_delay__parameterized13_1593
INFO: [VRFC 10-311] analyzing module chaos_cryptor_0_delay__parameterized13_1594
INFO: [VRFC 10-311] analyzing module chaos_cryptor_0_delay__parameterized13_1673
INFO: [VRFC 10-311] analyzing module chaos_cryptor_0_delay__parameterized13_1691
INFO: [VRFC 10-311] analyzing module chaos_cryptor_0_delay__parameterized13_1692
INFO: [VRFC 10-311] analyzing module chaos_cryptor_0_delay__parameterized13_1697
INFO: [VRFC 10-311] analyzing module chaos_cryptor_0_delay__parameterized13_1698
INFO: [VRFC 10-311] analyzing module chaos_cryptor_0_delay__parameterized13_17
INFO: [VRFC 10-311] analyzing module chaos_cryptor_0_delay__parameterized13_1777
INFO: [VRFC 10-311] analyzing module chaos_cryptor_0_delay__parameterized13_1795
INFO: [VRFC 10-311] analyzing module chaos_cryptor_0_delay__parameterized13_1796
INFO: [VRFC 10-311] analyzing module chaos_cryptor_0_delay__parameterized13_18
INFO: [VRFC 10-311] analyzing module chaos_cryptor_0_delay__parameterized13_1801
INFO: [VRFC 10-311] analyzing module chaos_cryptor_0_delay__parameterized13_1802
INFO: [VRFC 10-311] analyzing module chaos_cryptor_0_delay__parameterized13_1881
INFO: [VRFC 10-311] analyzing module chaos_cryptor_0_delay__parameterized13_1899
INFO: [VRFC 10-311] analyzing module chaos_cryptor_0_delay__parameterized13_1900
INFO: [VRFC 10-311] analyzing module chaos_cryptor_0_delay__parameterized13_1905
INFO: [VRFC 10-311] analyzing module chaos_cryptor_0_delay__parameterized13_1906
INFO: [VRFC 10-311] analyzing module chaos_cryptor_0_delay__parameterized13_1985
INFO: [VRFC 10-311] analyzing module chaos_cryptor_0_delay__parameterized13_2003
INFO: [VRFC 10-311] analyzing module chaos_cryptor_0_delay__parameterized13_2004
INFO: [VRFC 10-311] analyzing module chaos_cryptor_0_delay__parameterized13_2009
INFO: [VRFC 10-311] analyzing module chaos_cryptor_0_delay__parameterized13_2010
INFO: [VRFC 10-311] analyzing module chaos_cryptor_0_delay__parameterized13_2089
INFO: [VRFC 10-311] analyzing module chaos_cryptor_0_delay__parameterized13_2107
INFO: [VRFC 10-311] analyzing module chaos_cryptor_0_delay__parameterized13_2108
INFO: [VRFC 10-311] analyzing module chaos_cryptor_0_delay__parameterized13_2113
INFO: [VRFC 10-311] analyzing module chaos_cryptor_0_delay__parameterized13_2114
INFO: [VRFC 10-311] analyzing module chaos_cryptor_0_delay__parameterized13_2193
INFO: [VRFC 10-311] analyzing module chaos_cryptor_0_delay__parameterized13_2211
INFO: [VRFC 10-311] analyzing module chaos_cryptor_0_delay__parameterized13_2212
INFO: [VRFC 10-311] analyzing module chaos_cryptor_0_delay__parameterized13_2217
INFO: [VRFC 10-311] analyzing module chaos_cryptor_0_delay__parameterized13_2218
INFO: [VRFC 10-311] analyzing module chaos_cryptor_0_delay__parameterized13_2282
INFO: [VRFC 10-311] analyzing module chaos_cryptor_0_delay__parameterized13_2297
INFO: [VRFC 10-311] analyzing module chaos_cryptor_0_delay__parameterized13_2298
INFO: [VRFC 10-311] analyzing module chaos_cryptor_0_delay__parameterized13_2303
INFO: [VRFC 10-311] analyzing module chaos_cryptor_0_delay__parameterized13_2304
INFO: [VRFC 10-311] analyzing module chaos_cryptor_0_delay__parameterized13_2340
INFO: [VRFC 10-311] analyzing module chaos_cryptor_0_delay__parameterized13_2355
INFO: [VRFC 10-311] analyzing module chaos_cryptor_0_delay__parameterized13_2356
INFO: [VRFC 10-311] analyzing module chaos_cryptor_0_delay__parameterized13_2361
INFO: [VRFC 10-311] analyzing module chaos_cryptor_0_delay__parameterized13_2362
INFO: [VRFC 10-311] analyzing module chaos_cryptor_0_delay__parameterized13_2398
INFO: [VRFC 10-311] analyzing module chaos_cryptor_0_delay__parameterized13_2413
INFO: [VRFC 10-311] analyzing module chaos_cryptor_0_delay__parameterized13_2414
INFO: [VRFC 10-311] analyzing module chaos_cryptor_0_delay__parameterized13_2419
INFO: [VRFC 10-311] analyzing module chaos_cryptor_0_delay__parameterized13_2420
INFO: [VRFC 10-311] analyzing module chaos_cryptor_0_delay__parameterized13_2456
INFO: [VRFC 10-311] analyzing module chaos_cryptor_0_delay__parameterized13_2471
INFO: [VRFC 10-311] analyzing module chaos_cryptor_0_delay__parameterized13_2472
INFO: [VRFC 10-311] analyzing module chaos_cryptor_0_delay__parameterized13_2477
INFO: [VRFC 10-311] analyzing module chaos_cryptor_0_delay__parameterized13_2478
INFO: [VRFC 10-311] analyzing module chaos_cryptor_0_delay__parameterized13_2514
INFO: [VRFC 10-311] analyzing module chaos_cryptor_0_delay__parameterized13_2529
INFO: [VRFC 10-311] analyzing module chaos_cryptor_0_delay__parameterized13_2530
INFO: [VRFC 10-311] analyzing module chaos_cryptor_0_delay__parameterized13_2535
INFO: [VRFC 10-311] analyzing module chaos_cryptor_0_delay__parameterized13_2536
INFO: [VRFC 10-311] analyzing module chaos_cryptor_0_delay__parameterized13_2572
INFO: [VRFC 10-311] analyzing module chaos_cryptor_0_delay__parameterized13_2587
INFO: [VRFC 10-311] analyzing module chaos_cryptor_0_delay__parameterized13_2588
INFO: [VRFC 10-311] analyzing module chaos_cryptor_0_delay__parameterized13_2593
INFO: [VRFC 10-311] analyzing module chaos_cryptor_0_delay__parameterized13_2594
INFO: [VRFC 10-311] analyzing module chaos_cryptor_0_delay__parameterized13_2630
INFO: [VRFC 10-311] analyzing module chaos_cryptor_0_delay__parameterized13_2645
INFO: [VRFC 10-311] analyzing module chaos_cryptor_0_delay__parameterized13_2646
INFO: [VRFC 10-311] analyzing module chaos_cryptor_0_delay__parameterized13_2651
INFO: [VRFC 10-311] analyzing module chaos_cryptor_0_delay__parameterized13_2652
INFO: [VRFC 10-311] analyzing module chaos_cryptor_0_delay__parameterized13_2688
INFO: [VRFC 10-311] analyzing module chaos_cryptor_0_delay__parameterized13_2703
INFO: [VRFC 10-311] analyzing module chaos_cryptor_0_delay__parameterized13_2704
INFO: [VRFC 10-311] analyzing module chaos_cryptor_0_delay__parameterized13_2709
INFO: [VRFC 10-311] analyzing module chaos_cryptor_0_delay__parameterized13_2710
INFO: [VRFC 10-311] analyzing module chaos_cryptor_0_delay__parameterized13_2746
INFO: [VRFC 10-311] analyzing module chaos_cryptor_0_delay__parameterized13_2761
INFO: [VRFC 10-311] analyzing module chaos_cryptor_0_delay__parameterized13_2762
INFO: [VRFC 10-311] analyzing module chaos_cryptor_0_delay__parameterized13_2767
INFO: [VRFC 10-311] analyzing module chaos_cryptor_0_delay__parameterized13_2768
INFO: [VRFC 10-311] analyzing module chaos_cryptor_0_delay__parameterized13_2804
INFO: [VRFC 10-311] analyzing module chaos_cryptor_0_delay__parameterized13_2819
INFO: [VRFC 10-311] analyzing module chaos_cryptor_0_delay__parameterized13_2820
INFO: [VRFC 10-311] analyzing module chaos_cryptor_0_delay__parameterized13_2825
INFO: [VRFC 10-311] analyzing module chaos_cryptor_0_delay__parameterized13_2826
INFO: [VRFC 10-311] analyzing module chaos_cryptor_0_delay__parameterized13_2862
INFO: [VRFC 10-311] analyzing module chaos_cryptor_0_delay__parameterized13_2877
INFO: [VRFC 10-311] analyzing module chaos_cryptor_0_delay__parameterized13_2878
INFO: [VRFC 10-311] analyzing module chaos_cryptor_0_delay__parameterized13_2883
INFO: [VRFC 10-311] analyzing module chaos_cryptor_0_delay__parameterized13_2884
INFO: [VRFC 10-311] analyzing module chaos_cryptor_0_delay__parameterized13_2920
INFO: [VRFC 10-311] analyzing module chaos_cryptor_0_delay__parameterized13_2935
INFO: [VRFC 10-311] analyzing module chaos_cryptor_0_delay__parameterized13_2936
INFO: [VRFC 10-311] analyzing module chaos_cryptor_0_delay__parameterized13_2941
INFO: [VRFC 10-311] analyzing module chaos_cryptor_0_delay__parameterized13_2942
INFO: [VRFC 10-311] analyzing module chaos_cryptor_0_delay__parameterized13_338
INFO: [VRFC 10-311] analyzing module chaos_cryptor_0_delay__parameterized13_339
INFO: [VRFC 10-311] analyzing module chaos_cryptor_0_delay__parameterized13_343
INFO: [VRFC 10-311] analyzing module chaos_cryptor_0_delay__parameterized13_344
INFO: [VRFC 10-311] analyzing module chaos_cryptor_0_delay__parameterized13_395
INFO: [VRFC 10-311] analyzing module chaos_cryptor_0_delay__parameterized13_413
INFO: [VRFC 10-311] analyzing module chaos_cryptor_0_delay__parameterized13_414
INFO: [VRFC 10-311] analyzing module chaos_cryptor_0_delay__parameterized13_419
INFO: [VRFC 10-311] analyzing module chaos_cryptor_0_delay__parameterized13_420
INFO: [VRFC 10-311] analyzing module chaos_cryptor_0_delay__parameterized13_484
INFO: [VRFC 10-311] analyzing module chaos_cryptor_0_delay__parameterized13_499
INFO: [VRFC 10-311] analyzing module chaos_cryptor_0_delay__parameterized13_500
INFO: [VRFC 10-311] analyzing module chaos_cryptor_0_delay__parameterized13_505
INFO: [VRFC 10-311] analyzing module chaos_cryptor_0_delay__parameterized13_506
INFO: [VRFC 10-311] analyzing module chaos_cryptor_0_delay__parameterized13_53
INFO: [VRFC 10-311] analyzing module chaos_cryptor_0_delay__parameterized13_554
INFO: [VRFC 10-311] analyzing module chaos_cryptor_0_delay__parameterized13_572
INFO: [VRFC 10-311] analyzing module chaos_cryptor_0_delay__parameterized13_573
INFO: [VRFC 10-311] analyzing module chaos_cryptor_0_delay__parameterized13_578
INFO: [VRFC 10-311] analyzing module chaos_cryptor_0_delay__parameterized13_579
INFO: [VRFC 10-311] analyzing module chaos_cryptor_0_delay__parameterized13_58
INFO: [VRFC 10-311] analyzing module chaos_cryptor_0_delay__parameterized13_59
INFO: [VRFC 10-311] analyzing module chaos_cryptor_0_delay__parameterized13_64
INFO: [VRFC 10-311] analyzing module chaos_cryptor_0_delay__parameterized13_65
INFO: [VRFC 10-311] analyzing module chaos_cryptor_0_delay__parameterized13_820
INFO: [VRFC 10-311] analyzing module chaos_cryptor_0_delay__parameterized13_821
INFO: [VRFC 10-311] analyzing module chaos_cryptor_0_delay__parameterized13_826
INFO: [VRFC 10-311] analyzing module chaos_cryptor_0_delay__parameterized13_827
INFO: [VRFC 10-311] analyzing module chaos_cryptor_0_delay__parameterized13_878
INFO: [VRFC 10-311] analyzing module chaos_cryptor_0_delay__parameterized13_896
INFO: [VRFC 10-311] analyzing module chaos_cryptor_0_delay__parameterized13_897
INFO: [VRFC 10-311] analyzing module chaos_cryptor_0_delay__parameterized13_902
INFO: [VRFC 10-311] analyzing module chaos_cryptor_0_delay__parameterized13_903
INFO: [VRFC 10-311] analyzing module chaos_cryptor_0_delay__parameterized13_967
INFO: [VRFC 10-311] analyzing module chaos_cryptor_0_delay__parameterized13_982
INFO: [VRFC 10-311] analyzing module chaos_cryptor_0_delay__parameterized13_983
INFO: [VRFC 10-311] analyzing module chaos_cryptor_0_delay__parameterized13_988
INFO: [VRFC 10-311] analyzing module chaos_cryptor_0_delay__parameterized13_989
INFO: [VRFC 10-311] analyzing module chaos_cryptor_0_delay__parameterized14
INFO: [VRFC 10-311] analyzing module chaos_cryptor_0_delay__parameterized14_1282
INFO: [VRFC 10-311] analyzing module chaos_cryptor_0_delay__parameterized14_2281
INFO: [VRFC 10-311] analyzing module chaos_cryptor_0_delay__parameterized14_2339
INFO: [VRFC 10-311] analyzing module chaos_cryptor_0_delay__parameterized14_2397
INFO: [VRFC 10-311] analyzing module chaos_cryptor_0_delay__parameterized14_2455
INFO: [VRFC 10-311] analyzing module chaos_cryptor_0_delay__parameterized14_2513
INFO: [VRFC 10-311] analyzing module chaos_cryptor_0_delay__parameterized14_2571
INFO: [VRFC 10-311] analyzing module chaos_cryptor_0_delay__parameterized14_2629
INFO: [VRFC 10-311] analyzing module chaos_cryptor_0_delay__parameterized14_2687
INFO: [VRFC 10-311] analyzing module chaos_cryptor_0_delay__parameterized14_2745
INFO: [VRFC 10-311] analyzing module chaos_cryptor_0_delay__parameterized14_2803
INFO: [VRFC 10-311] analyzing module chaos_cryptor_0_delay__parameterized14_2861
INFO: [VRFC 10-311] analyzing module chaos_cryptor_0_delay__parameterized14_2919
INFO: [VRFC 10-311] analyzing module chaos_cryptor_0_delay__parameterized14_331
INFO: [VRFC 10-311] analyzing module chaos_cryptor_0_delay__parameterized14_483
INFO: [VRFC 10-311] analyzing module chaos_cryptor_0_delay__parameterized14_799
INFO: [VRFC 10-311] analyzing module chaos_cryptor_0_delay__parameterized14_966
INFO: [VRFC 10-311] analyzing module chaos_cryptor_0_delay__parameterized15
INFO: [VRFC 10-311] analyzing module chaos_cryptor_0_delay__parameterized15_1081
INFO: [VRFC 10-311] analyzing module chaos_cryptor_0_delay__parameterized15_1407
INFO: [VRFC 10-311] analyzing module chaos_cryptor_0_delay__parameterized15_1511
INFO: [VRFC 10-311] analyzing module chaos_cryptor_0_delay__parameterized15_157
INFO: [VRFC 10-311] analyzing module chaos_cryptor_0_delay__parameterized15_1615
INFO: [VRFC 10-311] analyzing module chaos_cryptor_0_delay__parameterized15_1719
INFO: [VRFC 10-311] analyzing module chaos_cryptor_0_delay__parameterized15_1823
INFO: [VRFC 10-311] analyzing module chaos_cryptor_0_delay__parameterized15_1927
INFO: [VRFC 10-311] analyzing module chaos_cryptor_0_delay__parameterized15_2031
INFO: [VRFC 10-311] analyzing module chaos_cryptor_0_delay__parameterized15_2135
INFO: [VRFC 10-311] analyzing module chaos_cryptor_0_delay__parameterized15_2239
INFO: [VRFC 10-311] analyzing module chaos_cryptor_0_delay__parameterized15_441
INFO: [VRFC 10-311] analyzing module chaos_cryptor_0_delay__parameterized15_598
INFO: [VRFC 10-311] analyzing module chaos_cryptor_0_delay__parameterized15_924
INFO: [VRFC 10-311] analyzing module chaos_cryptor_0_delay__parameterized17
INFO: [VRFC 10-311] analyzing module chaos_cryptor_0_delay__parameterized17_2285
INFO: [VRFC 10-311] analyzing module chaos_cryptor_0_delay__parameterized17_2343
INFO: [VRFC 10-311] analyzing module chaos_cryptor_0_delay__parameterized17_2401
INFO: [VRFC 10-311] analyzing module chaos_cryptor_0_delay__parameterized17_2459
INFO: [VRFC 10-311] analyzing module chaos_cryptor_0_delay__parameterized17_2517
INFO: [VRFC 10-311] analyzing module chaos_cryptor_0_delay__parameterized17_2575
INFO: [VRFC 10-311] analyzing module chaos_cryptor_0_delay__parameterized17_2633
INFO: [VRFC 10-311] analyzing module chaos_cryptor_0_delay__parameterized17_2691
INFO: [VRFC 10-311] analyzing module chaos_cryptor_0_delay__parameterized17_2749
INFO: [VRFC 10-311] analyzing module chaos_cryptor_0_delay__parameterized17_2807
INFO: [VRFC 10-311] analyzing module chaos_cryptor_0_delay__parameterized17_2865
INFO: [VRFC 10-311] analyzing module chaos_cryptor_0_delay__parameterized17_2923
INFO: [VRFC 10-311] analyzing module chaos_cryptor_0_delay__parameterized17_487
INFO: [VRFC 10-311] analyzing module chaos_cryptor_0_delay__parameterized17_970
INFO: [VRFC 10-311] analyzing module chaos_cryptor_0_delay__parameterized18
INFO: [VRFC 10-311] analyzing module chaos_cryptor_0_delay__parameterized18_2280
INFO: [VRFC 10-311] analyzing module chaos_cryptor_0_delay__parameterized18_2338
INFO: [VRFC 10-311] analyzing module chaos_cryptor_0_delay__parameterized18_2396
INFO: [VRFC 10-311] analyzing module chaos_cryptor_0_delay__parameterized18_2454
INFO: [VRFC 10-311] analyzing module chaos_cryptor_0_delay__parameterized18_2512
INFO: [VRFC 10-311] analyzing module chaos_cryptor_0_delay__parameterized18_2570
INFO: [VRFC 10-311] analyzing module chaos_cryptor_0_delay__parameterized18_2628
INFO: [VRFC 10-311] analyzing module chaos_cryptor_0_delay__parameterized18_2686
INFO: [VRFC 10-311] analyzing module chaos_cryptor_0_delay__parameterized18_2744
INFO: [VRFC 10-311] analyzing module chaos_cryptor_0_delay__parameterized18_2802
INFO: [VRFC 10-311] analyzing module chaos_cryptor_0_delay__parameterized18_2860
INFO: [VRFC 10-311] analyzing module chaos_cryptor_0_delay__parameterized18_2918
INFO: [VRFC 10-311] analyzing module chaos_cryptor_0_delay__parameterized18_482
INFO: [VRFC 10-311] analyzing module chaos_cryptor_0_delay__parameterized18_965
INFO: [VRFC 10-311] analyzing module chaos_cryptor_0_delay__parameterized19
INFO: [VRFC 10-311] analyzing module chaos_cryptor_0_delay__parameterized19_2279
INFO: [VRFC 10-311] analyzing module chaos_cryptor_0_delay__parameterized19_2337
INFO: [VRFC 10-311] analyzing module chaos_cryptor_0_delay__parameterized19_2395
INFO: [VRFC 10-311] analyzing module chaos_cryptor_0_delay__parameterized19_2453
INFO: [VRFC 10-311] analyzing module chaos_cryptor_0_delay__parameterized19_2511
INFO: [VRFC 10-311] analyzing module chaos_cryptor_0_delay__parameterized19_2569
INFO: [VRFC 10-311] analyzing module chaos_cryptor_0_delay__parameterized19_2627
INFO: [VRFC 10-311] analyzing module chaos_cryptor_0_delay__parameterized19_2685
INFO: [VRFC 10-311] analyzing module chaos_cryptor_0_delay__parameterized19_2743
INFO: [VRFC 10-311] analyzing module chaos_cryptor_0_delay__parameterized19_2801
INFO: [VRFC 10-311] analyzing module chaos_cryptor_0_delay__parameterized19_2859
INFO: [VRFC 10-311] analyzing module chaos_cryptor_0_delay__parameterized19_2917
INFO: [VRFC 10-311] analyzing module chaos_cryptor_0_delay__parameterized19_481
INFO: [VRFC 10-311] analyzing module chaos_cryptor_0_delay__parameterized19_964
INFO: [VRFC 10-311] analyzing module chaos_cryptor_0_delay__parameterized20
INFO: [VRFC 10-311] analyzing module chaos_cryptor_0_delay__parameterized20_2283
INFO: [VRFC 10-311] analyzing module chaos_cryptor_0_delay__parameterized20_2341
INFO: [VRFC 10-311] analyzing module chaos_cryptor_0_delay__parameterized20_2399
INFO: [VRFC 10-311] analyzing module chaos_cryptor_0_delay__parameterized20_2457
INFO: [VRFC 10-311] analyzing module chaos_cryptor_0_delay__parameterized20_2515
INFO: [VRFC 10-311] analyzing module chaos_cryptor_0_delay__parameterized20_2573
INFO: [VRFC 10-311] analyzing module chaos_cryptor_0_delay__parameterized20_2631
INFO: [VRFC 10-311] analyzing module chaos_cryptor_0_delay__parameterized20_2689
INFO: [VRFC 10-311] analyzing module chaos_cryptor_0_delay__parameterized20_2747
INFO: [VRFC 10-311] analyzing module chaos_cryptor_0_delay__parameterized20_2805
INFO: [VRFC 10-311] analyzing module chaos_cryptor_0_delay__parameterized20_2863
INFO: [VRFC 10-311] analyzing module chaos_cryptor_0_delay__parameterized20_2921
INFO: [VRFC 10-311] analyzing module chaos_cryptor_0_delay__parameterized20_485
INFO: [VRFC 10-311] analyzing module chaos_cryptor_0_delay__parameterized20_968
INFO: [VRFC 10-311] analyzing module chaos_cryptor_0_delay__parameterized21
INFO: [VRFC 10-311] analyzing module chaos_cryptor_0_delay__parameterized21_2277
INFO: [VRFC 10-311] analyzing module chaos_cryptor_0_delay__parameterized21_2335
INFO: [VRFC 10-311] analyzing module chaos_cryptor_0_delay__parameterized21_2393
INFO: [VRFC 10-311] analyzing module chaos_cryptor_0_delay__parameterized21_2451
INFO: [VRFC 10-311] analyzing module chaos_cryptor_0_delay__parameterized21_2509
INFO: [VRFC 10-311] analyzing module chaos_cryptor_0_delay__parameterized21_2567
INFO: [VRFC 10-311] analyzing module chaos_cryptor_0_delay__parameterized21_2625
INFO: [VRFC 10-311] analyzing module chaos_cryptor_0_delay__parameterized21_2683
INFO: [VRFC 10-311] analyzing module chaos_cryptor_0_delay__parameterized21_2741
INFO: [VRFC 10-311] analyzing module chaos_cryptor_0_delay__parameterized21_2799
INFO: [VRFC 10-311] analyzing module chaos_cryptor_0_delay__parameterized21_2857
INFO: [VRFC 10-311] analyzing module chaos_cryptor_0_delay__parameterized21_2915
INFO: [VRFC 10-311] analyzing module chaos_cryptor_0_delay__parameterized21_479
INFO: [VRFC 10-311] analyzing module chaos_cryptor_0_delay__parameterized21_962
INFO: [VRFC 10-311] analyzing module chaos_cryptor_0_delay__parameterized23
INFO: [VRFC 10-311] analyzing module chaos_cryptor_0_delay__parameterized23_1032
INFO: [VRFC 10-311] analyzing module chaos_cryptor_0_delay__parameterized23_1035
INFO: [VRFC 10-311] analyzing module chaos_cryptor_0_delay__parameterized23_108
INFO: [VRFC 10-311] analyzing module chaos_cryptor_0_delay__parameterized23_111
INFO: [VRFC 10-311] analyzing module chaos_cryptor_0_delay__parameterized23_1285
INFO: [VRFC 10-311] analyzing module chaos_cryptor_0_delay__parameterized23_1356
INFO: [VRFC 10-311] analyzing module chaos_cryptor_0_delay__parameterized23_1359
INFO: [VRFC 10-311] analyzing module chaos_cryptor_0_delay__parameterized23_1460
INFO: [VRFC 10-311] analyzing module chaos_cryptor_0_delay__parameterized23_1463
INFO: [VRFC 10-311] analyzing module chaos_cryptor_0_delay__parameterized23_1564
INFO: [VRFC 10-311] analyzing module chaos_cryptor_0_delay__parameterized23_1567
INFO: [VRFC 10-311] analyzing module chaos_cryptor_0_delay__parameterized23_1668
INFO: [VRFC 10-311] analyzing module chaos_cryptor_0_delay__parameterized23_1671
INFO: [VRFC 10-311] analyzing module chaos_cryptor_0_delay__parameterized23_1772
INFO: [VRFC 10-311] analyzing module chaos_cryptor_0_delay__parameterized23_1775
INFO: [VRFC 10-311] analyzing module chaos_cryptor_0_delay__parameterized23_1876
INFO: [VRFC 10-311] analyzing module chaos_cryptor_0_delay__parameterized23_1879
INFO: [VRFC 10-311] analyzing module chaos_cryptor_0_delay__parameterized23_1980
INFO: [VRFC 10-311] analyzing module chaos_cryptor_0_delay__parameterized23_1983
INFO: [VRFC 10-311] analyzing module chaos_cryptor_0_delay__parameterized23_2084
INFO: [VRFC 10-311] analyzing module chaos_cryptor_0_delay__parameterized23_2087
INFO: [VRFC 10-311] analyzing module chaos_cryptor_0_delay__parameterized23_2188
INFO: [VRFC 10-311] analyzing module chaos_cryptor_0_delay__parameterized23_2191
INFO: [VRFC 10-311] analyzing module chaos_cryptor_0_delay__parameterized23_2278
INFO: [VRFC 10-311] analyzing module chaos_cryptor_0_delay__parameterized23_2336
INFO: [VRFC 10-311] analyzing module chaos_cryptor_0_delay__parameterized23_2394
INFO: [VRFC 10-311] analyzing module chaos_cryptor_0_delay__parameterized23_2452
INFO: [VRFC 10-311] analyzing module chaos_cryptor_0_delay__parameterized23_2510
INFO: [VRFC 10-311] analyzing module chaos_cryptor_0_delay__parameterized23_2568
INFO: [VRFC 10-311] analyzing module chaos_cryptor_0_delay__parameterized23_2626
INFO: [VRFC 10-311] analyzing module chaos_cryptor_0_delay__parameterized23_2684
INFO: [VRFC 10-311] analyzing module chaos_cryptor_0_delay__parameterized23_2742
INFO: [VRFC 10-311] analyzing module chaos_cryptor_0_delay__parameterized23_2800
INFO: [VRFC 10-311] analyzing module chaos_cryptor_0_delay__parameterized23_2858
INFO: [VRFC 10-311] analyzing module chaos_cryptor_0_delay__parameterized23_2916
INFO: [VRFC 10-311] analyzing module chaos_cryptor_0_delay__parameterized23_332
INFO: [VRFC 10-311] analyzing module chaos_cryptor_0_delay__parameterized23_390
INFO: [VRFC 10-311] analyzing module chaos_cryptor_0_delay__parameterized23_393
INFO: [VRFC 10-311] analyzing module chaos_cryptor_0_delay__parameterized23_480
INFO: [VRFC 10-311] analyzing module chaos_cryptor_0_delay__parameterized23_52
INFO: [VRFC 10-311] analyzing module chaos_cryptor_0_delay__parameterized23_549
INFO: [VRFC 10-311] analyzing module chaos_cryptor_0_delay__parameterized23_552
INFO: [VRFC 10-311] analyzing module chaos_cryptor_0_delay__parameterized23_7
INFO: [VRFC 10-311] analyzing module chaos_cryptor_0_delay__parameterized23_802
INFO: [VRFC 10-311] analyzing module chaos_cryptor_0_delay__parameterized23_873
INFO: [VRFC 10-311] analyzing module chaos_cryptor_0_delay__parameterized23_876
INFO: [VRFC 10-311] analyzing module chaos_cryptor_0_delay__parameterized23_963
INFO: [VRFC 10-311] analyzing module chaos_cryptor_0_delay__parameterized25
INFO: [VRFC 10-311] analyzing module chaos_cryptor_0_delay__parameterized25_1286
INFO: [VRFC 10-311] analyzing module chaos_cryptor_0_delay__parameterized25_2284
INFO: [VRFC 10-311] analyzing module chaos_cryptor_0_delay__parameterized25_2342
INFO: [VRFC 10-311] analyzing module chaos_cryptor_0_delay__parameterized25_2400
INFO: [VRFC 10-311] analyzing module chaos_cryptor_0_delay__parameterized25_2458
INFO: [VRFC 10-311] analyzing module chaos_cryptor_0_delay__parameterized25_2516
INFO: [VRFC 10-311] analyzing module chaos_cryptor_0_delay__parameterized25_2574
INFO: [VRFC 10-311] analyzing module chaos_cryptor_0_delay__parameterized25_2632
INFO: [VRFC 10-311] analyzing module chaos_cryptor_0_delay__parameterized25_2690
INFO: [VRFC 10-311] analyzing module chaos_cryptor_0_delay__parameterized25_2748
INFO: [VRFC 10-311] analyzing module chaos_cryptor_0_delay__parameterized25_2806
INFO: [VRFC 10-311] analyzing module chaos_cryptor_0_delay__parameterized25_2864
INFO: [VRFC 10-311] analyzing module chaos_cryptor_0_delay__parameterized25_2922
INFO: [VRFC 10-311] analyzing module chaos_cryptor_0_delay__parameterized25_333
INFO: [VRFC 10-311] analyzing module chaos_cryptor_0_delay__parameterized25_486
INFO: [VRFC 10-311] analyzing module chaos_cryptor_0_delay__parameterized25_803
INFO: [VRFC 10-311] analyzing module chaos_cryptor_0_delay__parameterized25_969
INFO: [VRFC 10-311] analyzing module chaos_cryptor_0_delay__parameterized28
INFO: [VRFC 10-311] analyzing module chaos_cryptor_0_delay__parameterized28_1004
INFO: [VRFC 10-311] analyzing module chaos_cryptor_0_delay__parameterized28_1075
INFO: [VRFC 10-311] analyzing module chaos_cryptor_0_delay__parameterized28_1077
INFO: [VRFC 10-311] analyzing module chaos_cryptor_0_delay__parameterized28_1078
INFO: [VRFC 10-311] analyzing module chaos_cryptor_0_delay__parameterized28_1326
INFO: [VRFC 10-311] analyzing module chaos_cryptor_0_delay__parameterized28_1401
INFO: [VRFC 10-311] analyzing module chaos_cryptor_0_delay__parameterized28_1403
INFO: [VRFC 10-311] analyzing module chaos_cryptor_0_delay__parameterized28_1404
INFO: [VRFC 10-311] analyzing module chaos_cryptor_0_delay__parameterized28_1430
INFO: [VRFC 10-311] analyzing module chaos_cryptor_0_delay__parameterized28_1505
INFO: [VRFC 10-311] analyzing module chaos_cryptor_0_delay__parameterized28_1507
INFO: [VRFC 10-311] analyzing module chaos_cryptor_0_delay__parameterized28_1508
INFO: [VRFC 10-311] analyzing module chaos_cryptor_0_delay__parameterized28_151
INFO: [VRFC 10-311] analyzing module chaos_cryptor_0_delay__parameterized28_153
INFO: [VRFC 10-311] analyzing module chaos_cryptor_0_delay__parameterized28_1534
INFO: [VRFC 10-311] analyzing module chaos_cryptor_0_delay__parameterized28_154
INFO: [VRFC 10-311] analyzing module chaos_cryptor_0_delay__parameterized28_1609
INFO: [VRFC 10-311] analyzing module chaos_cryptor_0_delay__parameterized28_1611
INFO: [VRFC 10-311] analyzing module chaos_cryptor_0_delay__parameterized28_1612
INFO: [VRFC 10-311] analyzing module chaos_cryptor_0_delay__parameterized28_1638
INFO: [VRFC 10-311] analyzing module chaos_cryptor_0_delay__parameterized28_1713
INFO: [VRFC 10-311] analyzing module chaos_cryptor_0_delay__parameterized28_1715
INFO: [VRFC 10-311] analyzing module chaos_cryptor_0_delay__parameterized28_1716
INFO: [VRFC 10-311] analyzing module chaos_cryptor_0_delay__parameterized28_1742
INFO: [VRFC 10-311] analyzing module chaos_cryptor_0_delay__parameterized28_1817
INFO: [VRFC 10-311] analyzing module chaos_cryptor_0_delay__parameterized28_1819
INFO: [VRFC 10-311] analyzing module chaos_cryptor_0_delay__parameterized28_1820
INFO: [VRFC 10-311] analyzing module chaos_cryptor_0_delay__parameterized28_1846
INFO: [VRFC 10-311] analyzing module chaos_cryptor_0_delay__parameterized28_1921
INFO: [VRFC 10-311] analyzing module chaos_cryptor_0_delay__parameterized28_1923
INFO: [VRFC 10-311] analyzing module chaos_cryptor_0_delay__parameterized28_1924
INFO: [VRFC 10-311] analyzing module chaos_cryptor_0_delay__parameterized28_1950
INFO: [VRFC 10-311] analyzing module chaos_cryptor_0_delay__parameterized28_2025
INFO: [VRFC 10-311] analyzing module chaos_cryptor_0_delay__parameterized28_2027
INFO: [VRFC 10-311] analyzing module chaos_cryptor_0_delay__parameterized28_2028
INFO: [VRFC 10-311] analyzing module chaos_cryptor_0_delay__parameterized28_2054
INFO: [VRFC 10-311] analyzing module chaos_cryptor_0_delay__parameterized28_2129
INFO: [VRFC 10-311] analyzing module chaos_cryptor_0_delay__parameterized28_2131
INFO: [VRFC 10-311] analyzing module chaos_cryptor_0_delay__parameterized28_2132
INFO: [VRFC 10-311] analyzing module chaos_cryptor_0_delay__parameterized28_2158
INFO: [VRFC 10-311] analyzing module chaos_cryptor_0_delay__parameterized28_2233
INFO: [VRFC 10-311] analyzing module chaos_cryptor_0_delay__parameterized28_2235
INFO: [VRFC 10-311] analyzing module chaos_cryptor_0_delay__parameterized28_2236
INFO: [VRFC 10-311] analyzing module chaos_cryptor_0_delay__parameterized28_2258
INFO: [VRFC 10-311] analyzing module chaos_cryptor_0_delay__parameterized28_2316
INFO: [VRFC 10-311] analyzing module chaos_cryptor_0_delay__parameterized28_2374
INFO: [VRFC 10-311] analyzing module chaos_cryptor_0_delay__parameterized28_2432
INFO: [VRFC 10-311] analyzing module chaos_cryptor_0_delay__parameterized28_2490
INFO: [VRFC 10-311] analyzing module chaos_cryptor_0_delay__parameterized28_2548
INFO: [VRFC 10-311] analyzing module chaos_cryptor_0_delay__parameterized28_2606
INFO: [VRFC 10-311] analyzing module chaos_cryptor_0_delay__parameterized28_2664
INFO: [VRFC 10-311] analyzing module chaos_cryptor_0_delay__parameterized28_2722
INFO: [VRFC 10-311] analyzing module chaos_cryptor_0_delay__parameterized28_2780
INFO: [VRFC 10-311] analyzing module chaos_cryptor_0_delay__parameterized28_2838
INFO: [VRFC 10-311] analyzing module chaos_cryptor_0_delay__parameterized28_2896
INFO: [VRFC 10-311] analyzing module chaos_cryptor_0_delay__parameterized28_29
INFO: [VRFC 10-311] analyzing module chaos_cryptor_0_delay__parameterized28_31
INFO: [VRFC 10-311] analyzing module chaos_cryptor_0_delay__parameterized28_32
INFO: [VRFC 10-311] analyzing module chaos_cryptor_0_delay__parameterized28_360
INFO: [VRFC 10-311] analyzing module chaos_cryptor_0_delay__parameterized28_40
INFO: [VRFC 10-311] analyzing module chaos_cryptor_0_delay__parameterized28_435
INFO: [VRFC 10-311] analyzing module chaos_cryptor_0_delay__parameterized28_437
INFO: [VRFC 10-311] analyzing module chaos_cryptor_0_delay__parameterized28_438
INFO: [VRFC 10-311] analyzing module chaos_cryptor_0_delay__parameterized28_460
INFO: [VRFC 10-311] analyzing module chaos_cryptor_0_delay__parameterized28_521
INFO: [VRFC 10-311] analyzing module chaos_cryptor_0_delay__parameterized28_592
INFO: [VRFC 10-311] analyzing module chaos_cryptor_0_delay__parameterized28_594
INFO: [VRFC 10-311] analyzing module chaos_cryptor_0_delay__parameterized28_595
INFO: [VRFC 10-311] analyzing module chaos_cryptor_0_delay__parameterized28_80
INFO: [VRFC 10-311] analyzing module chaos_cryptor_0_delay__parameterized28_843
INFO: [VRFC 10-311] analyzing module chaos_cryptor_0_delay__parameterized28_918
INFO: [VRFC 10-311] analyzing module chaos_cryptor_0_delay__parameterized28_920
INFO: [VRFC 10-311] analyzing module chaos_cryptor_0_delay__parameterized28_921
INFO: [VRFC 10-311] analyzing module chaos_cryptor_0_delay__parameterized28_943
INFO: [VRFC 10-311] analyzing module chaos_cryptor_0_delay__parameterized29
INFO: [VRFC 10-311] analyzing module chaos_cryptor_0_delay__parameterized29_2261
INFO: [VRFC 10-311] analyzing module chaos_cryptor_0_delay__parameterized29_2319
INFO: [VRFC 10-311] analyzing module chaos_cryptor_0_delay__parameterized29_2377
INFO: [VRFC 10-311] analyzing module chaos_cryptor_0_delay__parameterized29_2435
INFO: [VRFC 10-311] analyzing module chaos_cryptor_0_delay__parameterized29_2493
INFO: [VRFC 10-311] analyzing module chaos_cryptor_0_delay__parameterized29_2551
INFO: [VRFC 10-311] analyzing module chaos_cryptor_0_delay__parameterized29_2609
INFO: [VRFC 10-311] analyzing module chaos_cryptor_0_delay__parameterized29_2667
INFO: [VRFC 10-311] analyzing module chaos_cryptor_0_delay__parameterized29_2725
INFO: [VRFC 10-311] analyzing module chaos_cryptor_0_delay__parameterized29_2783
INFO: [VRFC 10-311] analyzing module chaos_cryptor_0_delay__parameterized29_2841
INFO: [VRFC 10-311] analyzing module chaos_cryptor_0_delay__parameterized29_2899
INFO: [VRFC 10-311] analyzing module chaos_cryptor_0_delay__parameterized29_463
INFO: [VRFC 10-311] analyzing module chaos_cryptor_0_delay__parameterized29_946
INFO: [VRFC 10-311] analyzing module chaos_cryptor_0_delay__parameterized30
INFO: [VRFC 10-311] analyzing module chaos_cryptor_0_delay__parameterized30_0
INFO: [VRFC 10-311] analyzing module chaos_cryptor_0_delay__parameterized30_1112
INFO: [VRFC 10-311] analyzing module chaos_cryptor_0_delay__parameterized30_1114
INFO: [VRFC 10-311] analyzing module chaos_cryptor_0_delay__parameterized30_1116
INFO: [VRFC 10-311] analyzing module chaos_cryptor_0_delay__parameterized30_1118
INFO: [VRFC 10-311] analyzing module chaos_cryptor_0_delay__parameterized30_1120
INFO: [VRFC 10-311] analyzing module chaos_cryptor_0_delay__parameterized30_1122
INFO: [VRFC 10-311] analyzing module chaos_cryptor_0_delay__parameterized30_1124
INFO: [VRFC 10-311] analyzing module chaos_cryptor_0_delay__parameterized30_1126
INFO: [VRFC 10-311] analyzing module chaos_cryptor_0_delay__parameterized30_1128
INFO: [VRFC 10-311] analyzing module chaos_cryptor_0_delay__parameterized30_1130
INFO: [VRFC 10-311] analyzing module chaos_cryptor_0_delay__parameterized30_1132
INFO: [VRFC 10-311] analyzing module chaos_cryptor_0_delay__parameterized30_1134
INFO: [VRFC 10-311] analyzing module chaos_cryptor_0_delay__parameterized30_1137
INFO: [VRFC 10-311] analyzing module chaos_cryptor_0_delay__parameterized30_1139
INFO: [VRFC 10-311] analyzing module chaos_cryptor_0_delay__parameterized30_1141
INFO: [VRFC 10-311] analyzing module chaos_cryptor_0_delay__parameterized30_1143
INFO: [VRFC 10-311] analyzing module chaos_cryptor_0_delay__parameterized30_1145
INFO: [VRFC 10-311] analyzing module chaos_cryptor_0_delay__parameterized30_1150
INFO: [VRFC 10-311] analyzing module chaos_cryptor_0_delay__parameterized30_1153
INFO: [VRFC 10-311] analyzing module chaos_cryptor_0_delay__parameterized30_1155
INFO: [VRFC 10-311] analyzing module chaos_cryptor_0_delay__parameterized30_1157
INFO: [VRFC 10-311] analyzing module chaos_cryptor_0_delay__parameterized30_1159
INFO: [VRFC 10-311] analyzing module chaos_cryptor_0_delay__parameterized30_1161
INFO: [VRFC 10-311] analyzing module chaos_cryptor_0_delay__parameterized30_1163
INFO: [VRFC 10-311] analyzing module chaos_cryptor_0_delay__parameterized30_1165
INFO: [VRFC 10-311] analyzing module chaos_cryptor_0_delay__parameterized30_1318
INFO: [VRFC 10-311] analyzing module chaos_cryptor_0_delay__parameterized30_1319
INFO: [VRFC 10-311] analyzing module chaos_cryptor_0_delay__parameterized30_1422
INFO: [VRFC 10-311] analyzing module chaos_cryptor_0_delay__parameterized30_1423
INFO: [VRFC 10-311] analyzing module chaos_cryptor_0_delay__parameterized30_1526
INFO: [VRFC 10-311] analyzing module chaos_cryptor_0_delay__parameterized30_1527
INFO: [VRFC 10-311] analyzing module chaos_cryptor_0_delay__parameterized30_1630
INFO: [VRFC 10-311] analyzing module chaos_cryptor_0_delay__parameterized30_1631
INFO: [VRFC 10-311] analyzing module chaos_cryptor_0_delay__parameterized30_1734
INFO: [VRFC 10-311] analyzing module chaos_cryptor_0_delay__parameterized30_1735
INFO: [VRFC 10-311] analyzing module chaos_cryptor_0_delay__parameterized30_174
INFO: [VRFC 10-311] analyzing module chaos_cryptor_0_delay__parameterized30_176
INFO: [VRFC 10-311] analyzing module chaos_cryptor_0_delay__parameterized30_178
INFO: [VRFC 10-311] analyzing module chaos_cryptor_0_delay__parameterized30_180
INFO: [VRFC 10-311] analyzing module chaos_cryptor_0_delay__parameterized30_182
INFO: [VRFC 10-311] analyzing module chaos_cryptor_0_delay__parameterized30_1838
INFO: [VRFC 10-311] analyzing module chaos_cryptor_0_delay__parameterized30_1839
INFO: [VRFC 10-311] analyzing module chaos_cryptor_0_delay__parameterized30_184
INFO: [VRFC 10-311] analyzing module chaos_cryptor_0_delay__parameterized30_186
INFO: [VRFC 10-311] analyzing module chaos_cryptor_0_delay__parameterized30_188
INFO: [VRFC 10-311] analyzing module chaos_cryptor_0_delay__parameterized30_190
INFO: [VRFC 10-311] analyzing module chaos_cryptor_0_delay__parameterized30_192
INFO: [VRFC 10-311] analyzing module chaos_cryptor_0_delay__parameterized30_194
INFO: [VRFC 10-311] analyzing module chaos_cryptor_0_delay__parameterized30_1942
INFO: [VRFC 10-311] analyzing module chaos_cryptor_0_delay__parameterized30_1943
INFO: [VRFC 10-311] analyzing module chaos_cryptor_0_delay__parameterized30_196
INFO: [VRFC 10-311] analyzing module chaos_cryptor_0_delay__parameterized30_198
INFO: [VRFC 10-311] analyzing module chaos_cryptor_0_delay__parameterized30_200
INFO: [VRFC 10-311] analyzing module chaos_cryptor_0_delay__parameterized30_202
INFO: [VRFC 10-311] analyzing module chaos_cryptor_0_delay__parameterized30_204
INFO: [VRFC 10-311] analyzing module chaos_cryptor_0_delay__parameterized30_2046
INFO: [VRFC 10-311] analyzing module chaos_cryptor_0_delay__parameterized30_2047
INFO: [VRFC 10-311] analyzing module chaos_cryptor_0_delay__parameterized30_206
INFO: [VRFC 10-311] analyzing module chaos_cryptor_0_delay__parameterized30_211
INFO: [VRFC 10-311] analyzing module chaos_cryptor_0_delay__parameterized30_214
INFO: [VRFC 10-311] analyzing module chaos_cryptor_0_delay__parameterized30_2150
INFO: [VRFC 10-311] analyzing module chaos_cryptor_0_delay__parameterized30_2151
INFO: [VRFC 10-311] analyzing module chaos_cryptor_0_delay__parameterized30_216
INFO: [VRFC 10-311] analyzing module chaos_cryptor_0_delay__parameterized30_218
INFO: [VRFC 10-311] analyzing module chaos_cryptor_0_delay__parameterized30_220
INFO: [VRFC 10-311] analyzing module chaos_cryptor_0_delay__parameterized30_222
INFO: [VRFC 10-311] analyzing module chaos_cryptor_0_delay__parameterized30_224
INFO: [VRFC 10-311] analyzing module chaos_cryptor_0_delay__parameterized30_226
INFO: [VRFC 10-311] analyzing module chaos_cryptor_0_delay__parameterized30_352
INFO: [VRFC 10-311] analyzing module chaos_cryptor_0_delay__parameterized30_353
INFO: [VRFC 10-311] analyzing module chaos_cryptor_0_delay__parameterized30_514
INFO: [VRFC 10-311] analyzing module chaos_cryptor_0_delay__parameterized30_629
INFO: [VRFC 10-311] analyzing module chaos_cryptor_0_delay__parameterized30_631
INFO: [VRFC 10-311] analyzing module chaos_cryptor_0_delay__parameterized30_633
INFO: [VRFC 10-311] analyzing module chaos_cryptor_0_delay__parameterized30_635
INFO: [VRFC 10-311] analyzing module chaos_cryptor_0_delay__parameterized30_637
INFO: [VRFC 10-311] analyzing module chaos_cryptor_0_delay__parameterized30_639
INFO: [VRFC 10-311] analyzing module chaos_cryptor_0_delay__parameterized30_641
INFO: [VRFC 10-311] analyzing module chaos_cryptor_0_delay__parameterized30_643
INFO: [VRFC 10-311] analyzing module chaos_cryptor_0_delay__parameterized30_645
INFO: [VRFC 10-311] analyzing module chaos_cryptor_0_delay__parameterized30_647
INFO: [VRFC 10-311] analyzing module chaos_cryptor_0_delay__parameterized30_649
INFO: [VRFC 10-311] analyzing module chaos_cryptor_0_delay__parameterized30_651
INFO: [VRFC 10-311] analyzing module chaos_cryptor_0_delay__parameterized30_654
INFO: [VRFC 10-311] analyzing module chaos_cryptor_0_delay__parameterized30_656
INFO: [VRFC 10-311] analyzing module chaos_cryptor_0_delay__parameterized30_658
INFO: [VRFC 10-311] analyzing module chaos_cryptor_0_delay__parameterized30_660
INFO: [VRFC 10-311] analyzing module chaos_cryptor_0_delay__parameterized30_662
INFO: [VRFC 10-311] analyzing module chaos_cryptor_0_delay__parameterized30_667
INFO: [VRFC 10-311] analyzing module chaos_cryptor_0_delay__parameterized30_670
INFO: [VRFC 10-311] analyzing module chaos_cryptor_0_delay__parameterized30_672
INFO: [VRFC 10-311] analyzing module chaos_cryptor_0_delay__parameterized30_674
INFO: [VRFC 10-311] analyzing module chaos_cryptor_0_delay__parameterized30_676
INFO: [VRFC 10-311] analyzing module chaos_cryptor_0_delay__parameterized30_678
INFO: [VRFC 10-311] analyzing module chaos_cryptor_0_delay__parameterized30_680
INFO: [VRFC 10-311] analyzing module chaos_cryptor_0_delay__parameterized30_682
INFO: [VRFC 10-311] analyzing module chaos_cryptor_0_delay__parameterized30_73
INFO: [VRFC 10-311] analyzing module chaos_cryptor_0_delay__parameterized30_835
INFO: [VRFC 10-311] analyzing module chaos_cryptor_0_delay__parameterized30_836
INFO: [VRFC 10-311] analyzing module chaos_cryptor_0_delay__parameterized30_997
INFO: [VRFC 10-311] analyzing module chaos_cryptor_0_delay__parameterized32
INFO: [VRFC 10-311] analyzing module chaos_cryptor_0_delay__parameterized32_1168
INFO: [VRFC 10-311] analyzing module chaos_cryptor_0_delay__parameterized32_1172
INFO: [VRFC 10-311] analyzing module chaos_cryptor_0_delay__parameterized32_1176
INFO: [VRFC 10-311] analyzing module chaos_cryptor_0_delay__parameterized32_1180
INFO: [VRFC 10-311] analyzing module chaos_cryptor_0_delay__parameterized32_1184
INFO: [VRFC 10-311] analyzing module chaos_cryptor_0_delay__parameterized32_1188
INFO: [VRFC 10-311] analyzing module chaos_cryptor_0_delay__parameterized32_1192
INFO: [VRFC 10-311] analyzing module chaos_cryptor_0_delay__parameterized32_1197
INFO: [VRFC 10-311] analyzing module chaos_cryptor_0_delay__parameterized32_1201
INFO: [VRFC 10-311] analyzing module chaos_cryptor_0_delay__parameterized32_1206
INFO: [VRFC 10-311] analyzing module chaos_cryptor_0_delay__parameterized32_1210
INFO: [VRFC 10-311] analyzing module chaos_cryptor_0_delay__parameterized32_1214
INFO: [VRFC 10-311] analyzing module chaos_cryptor_0_delay__parameterized32_1218
INFO: [VRFC 10-311] analyzing module chaos_cryptor_0_delay__parameterized32_1222
INFO: [VRFC 10-311] analyzing module chaos_cryptor_0_delay__parameterized32_1227
INFO: [VRFC 10-311] analyzing module chaos_cryptor_0_delay__parameterized32_1231
INFO: [VRFC 10-311] analyzing module chaos_cryptor_0_delay__parameterized32_1235
INFO: [VRFC 10-311] analyzing module chaos_cryptor_0_delay__parameterized32_1239
INFO: [VRFC 10-311] analyzing module chaos_cryptor_0_delay__parameterized32_1243
INFO: [VRFC 10-311] analyzing module chaos_cryptor_0_delay__parameterized32_1247
INFO: [VRFC 10-311] analyzing module chaos_cryptor_0_delay__parameterized32_1251
INFO: [VRFC 10-311] analyzing module chaos_cryptor_0_delay__parameterized32_1255
INFO: [VRFC 10-311] analyzing module chaos_cryptor_0_delay__parameterized32_1259
INFO: [VRFC 10-311] analyzing module chaos_cryptor_0_delay__parameterized32_1263
INFO: [VRFC 10-311] analyzing module chaos_cryptor_0_delay__parameterized32_1267
INFO: [VRFC 10-311] analyzing module chaos_cryptor_0_delay__parameterized32_1271
INFO: [VRFC 10-311] analyzing module chaos_cryptor_0_delay__parameterized32_230
INFO: [VRFC 10-311] analyzing module chaos_cryptor_0_delay__parameterized32_234
INFO: [VRFC 10-311] analyzing module chaos_cryptor_0_delay__parameterized32_238
INFO: [VRFC 10-311] analyzing module chaos_cryptor_0_delay__parameterized32_242
INFO: [VRFC 10-311] analyzing module chaos_cryptor_0_delay__parameterized32_246
INFO: [VRFC 10-311] analyzing module chaos_cryptor_0_delay__parameterized32_250
INFO: [VRFC 10-311] analyzing module chaos_cryptor_0_delay__parameterized32_254
INFO: [VRFC 10-311] analyzing module chaos_cryptor_0_delay__parameterized32_258
INFO: [VRFC 10-311] analyzing module chaos_cryptor_0_delay__parameterized32_263
INFO: [VRFC 10-311] analyzing module chaos_cryptor_0_delay__parameterized32_267
INFO: [VRFC 10-311] analyzing module chaos_cryptor_0_delay__parameterized32_271
INFO: [VRFC 10-311] analyzing module chaos_cryptor_0_delay__parameterized32_275
INFO: [VRFC 10-311] analyzing module chaos_cryptor_0_delay__parameterized32_279
INFO: [VRFC 10-311] analyzing module chaos_cryptor_0_delay__parameterized32_284
INFO: [VRFC 10-311] analyzing module chaos_cryptor_0_delay__parameterized32_288
INFO: [VRFC 10-311] analyzing module chaos_cryptor_0_delay__parameterized32_292
INFO: [VRFC 10-311] analyzing module chaos_cryptor_0_delay__parameterized32_296
INFO: [VRFC 10-311] analyzing module chaos_cryptor_0_delay__parameterized32_300
INFO: [VRFC 10-311] analyzing module chaos_cryptor_0_delay__parameterized32_304
INFO: [VRFC 10-311] analyzing module chaos_cryptor_0_delay__parameterized32_308
INFO: [VRFC 10-311] analyzing module chaos_cryptor_0_delay__parameterized32_312
INFO: [VRFC 10-311] analyzing module chaos_cryptor_0_delay__parameterized32_316
INFO: [VRFC 10-311] analyzing module chaos_cryptor_0_delay__parameterized32_320
INFO: [VRFC 10-311] analyzing module chaos_cryptor_0_delay__parameterized32_324
INFO: [VRFC 10-311] analyzing module chaos_cryptor_0_delay__parameterized32_328
INFO: [VRFC 10-311] analyzing module chaos_cryptor_0_delay__parameterized32_685
INFO: [VRFC 10-311] analyzing module chaos_cryptor_0_delay__parameterized32_689
INFO: [VRFC 10-311] analyzing module chaos_cryptor_0_delay__parameterized32_693
INFO: [VRFC 10-311] analyzing module chaos_cryptor_0_delay__parameterized32_697
INFO: [VRFC 10-311] analyzing module chaos_cryptor_0_delay__parameterized32_701
INFO: [VRFC 10-311] analyzing module chaos_cryptor_0_delay__parameterized32_705
INFO: [VRFC 10-311] analyzing module chaos_cryptor_0_delay__parameterized32_709
INFO: [VRFC 10-311] analyzing module chaos_cryptor_0_delay__parameterized32_714
INFO: [VRFC 10-311] analyzing module chaos_cryptor_0_delay__parameterized32_718
INFO: [VRFC 10-311] analyzing module chaos_cryptor_0_delay__parameterized32_723
INFO: [VRFC 10-311] analyzing module chaos_cryptor_0_delay__parameterized32_727
INFO: [VRFC 10-311] analyzing module chaos_cryptor_0_delay__parameterized32_731
INFO: [VRFC 10-311] analyzing module chaos_cryptor_0_delay__parameterized32_735
INFO: [VRFC 10-311] analyzing module chaos_cryptor_0_delay__parameterized32_739
INFO: [VRFC 10-311] analyzing module chaos_cryptor_0_delay__parameterized32_744
INFO: [VRFC 10-311] analyzing module chaos_cryptor_0_delay__parameterized32_748
INFO: [VRFC 10-311] analyzing module chaos_cryptor_0_delay__parameterized32_752
INFO: [VRFC 10-311] analyzing module chaos_cryptor_0_delay__parameterized32_756
INFO: [VRFC 10-311] analyzing module chaos_cryptor_0_delay__parameterized32_760
INFO: [VRFC 10-311] analyzing module chaos_cryptor_0_delay__parameterized32_764
INFO: [VRFC 10-311] analyzing module chaos_cryptor_0_delay__parameterized32_768
INFO: [VRFC 10-311] analyzing module chaos_cryptor_0_delay__parameterized32_772
INFO: [VRFC 10-311] analyzing module chaos_cryptor_0_delay__parameterized32_776
INFO: [VRFC 10-311] analyzing module chaos_cryptor_0_delay__parameterized32_780
INFO: [VRFC 10-311] analyzing module chaos_cryptor_0_delay__parameterized32_784
INFO: [VRFC 10-311] analyzing module chaos_cryptor_0_delay__parameterized32_788
INFO: [VRFC 10-311] analyzing module chaos_cryptor_0_delay__parameterized33
INFO: [VRFC 10-311] analyzing module chaos_cryptor_0_delay__parameterized33_1135
INFO: [VRFC 10-311] analyzing module chaos_cryptor_0_delay__parameterized33_1146
INFO: [VRFC 10-311] analyzing module chaos_cryptor_0_delay__parameterized33_1148
INFO: [VRFC 10-311] analyzing module chaos_cryptor_0_delay__parameterized33_1151
INFO: [VRFC 10-311] analyzing module chaos_cryptor_0_delay__parameterized33_207
INFO: [VRFC 10-311] analyzing module chaos_cryptor_0_delay__parameterized33_209
INFO: [VRFC 10-311] analyzing module chaos_cryptor_0_delay__parameterized33_212
INFO: [VRFC 10-311] analyzing module chaos_cryptor_0_delay__parameterized33_652
INFO: [VRFC 10-311] analyzing module chaos_cryptor_0_delay__parameterized33_663
INFO: [VRFC 10-311] analyzing module chaos_cryptor_0_delay__parameterized33_665
INFO: [VRFC 10-311] analyzing module chaos_cryptor_0_delay__parameterized33_668
INFO: [VRFC 10-311] analyzing module chaos_cryptor_0_delay__parameterized35
INFO: [VRFC 10-311] analyzing module chaos_cryptor_0_delay__parameterized35_1277
INFO: [VRFC 10-311] analyzing module chaos_cryptor_0_delay__parameterized35_794
INFO: [VRFC 10-311] analyzing module chaos_cryptor_0_delay__parameterized36
INFO: [VRFC 10-311] analyzing module chaos_cryptor_0_delay__parameterized36_1305
INFO: [VRFC 10-311] analyzing module chaos_cryptor_0_delay__parameterized36_1311
INFO: [VRFC 10-311] analyzing module chaos_cryptor_0_delay__parameterized36_345
INFO: [VRFC 10-311] analyzing module chaos_cryptor_0_delay__parameterized36_822
INFO: [VRFC 10-311] analyzing module chaos_cryptor_0_delay__parameterized36_828
INFO: [VRFC 10-311] analyzing module chaos_cryptor_0_delay__parameterized37
INFO: [VRFC 10-311] analyzing module chaos_cryptor_0_delay__parameterized37_1283
INFO: [VRFC 10-311] analyzing module chaos_cryptor_0_delay__parameterized37_800
INFO: [VRFC 10-311] analyzing module chaos_cryptor_0_delay__parameterized38
INFO: [VRFC 10-311] analyzing module chaos_cryptor_0_delay__parameterized38_1287
INFO: [VRFC 10-311] analyzing module chaos_cryptor_0_delay__parameterized38_804
INFO: [VRFC 10-311] analyzing module chaos_cryptor_0_delay__parameterized39
INFO: [VRFC 10-311] analyzing module chaos_cryptor_0_delay__parameterized39_1281
INFO: [VRFC 10-311] analyzing module chaos_cryptor_0_delay__parameterized39_798
INFO: [VRFC 10-311] analyzing module chaos_cryptor_0_delay__parameterized40
INFO: [VRFC 10-311] analyzing module chaos_cryptor_0_delay__parameterized40_1280
INFO: [VRFC 10-311] analyzing module chaos_cryptor_0_delay__parameterized40_797
INFO: [VRFC 10-311] analyzing module chaos_cryptor_0_delay__parameterized41
INFO: [VRFC 10-311] analyzing module chaos_cryptor_0_delay__parameterized41_1275
INFO: [VRFC 10-311] analyzing module chaos_cryptor_0_delay__parameterized41_792
INFO: [VRFC 10-311] analyzing module chaos_cryptor_0_delay__parameterized42
INFO: [VRFC 10-311] analyzing module chaos_cryptor_0_delay__parameterized42_1276
INFO: [VRFC 10-311] analyzing module chaos_cryptor_0_delay__parameterized42_793
INFO: [VRFC 10-311] analyzing module chaos_cryptor_0_delay__parameterized43
INFO: [VRFC 10-311] analyzing module chaos_cryptor_0_delay__parameterized43_1284
INFO: [VRFC 10-311] analyzing module chaos_cryptor_0_delay__parameterized43_801
INFO: [VRFC 10-311] analyzing module chaos_cryptor_0_delay__parameterized44
INFO: [VRFC 10-311] analyzing module chaos_cryptor_0_delay__parameterized44_1288
INFO: [VRFC 10-311] analyzing module chaos_cryptor_0_delay__parameterized44_805
INFO: [VRFC 10-311] analyzing module chaos_cryptor_0_delay__parameterized45
INFO: [VRFC 10-311] analyzing module chaos_cryptor_0_delay__parameterized45_1279
INFO: [VRFC 10-311] analyzing module chaos_cryptor_0_delay__parameterized45_796
INFO: [VRFC 10-311] analyzing module chaos_cryptor_0_delay__parameterized46
INFO: [VRFC 10-311] analyzing module chaos_cryptor_0_delay__parameterized46_1278
INFO: [VRFC 10-311] analyzing module chaos_cryptor_0_delay__parameterized46_795
INFO: [VRFC 10-311] analyzing module chaos_cryptor_0_delay__parameterized51
INFO: [VRFC 10-311] analyzing module chaos_cryptor_0_delay__parameterized51_100
INFO: [VRFC 10-311] analyzing module chaos_cryptor_0_delay__parameterized51_1022
INFO: [VRFC 10-311] analyzing module chaos_cryptor_0_delay__parameterized51_1024
INFO: [VRFC 10-311] analyzing module chaos_cryptor_0_delay__parameterized51_1099
INFO: [VRFC 10-311] analyzing module chaos_cryptor_0_delay__parameterized51_1100
INFO: [VRFC 10-311] analyzing module chaos_cryptor_0_delay__parameterized51_1344
INFO: [VRFC 10-311] analyzing module chaos_cryptor_0_delay__parameterized51_1347
INFO: [VRFC 10-311] analyzing module chaos_cryptor_0_delay__parameterized51_1448
INFO: [VRFC 10-311] analyzing module chaos_cryptor_0_delay__parameterized51_1451
INFO: [VRFC 10-311] analyzing module chaos_cryptor_0_delay__parameterized51_1552
INFO: [VRFC 10-311] analyzing module chaos_cryptor_0_delay__parameterized51_1555
INFO: [VRFC 10-311] analyzing module chaos_cryptor_0_delay__parameterized51_1656
INFO: [VRFC 10-311] analyzing module chaos_cryptor_0_delay__parameterized51_1659
INFO: [VRFC 10-311] analyzing module chaos_cryptor_0_delay__parameterized51_168
INFO: [VRFC 10-311] analyzing module chaos_cryptor_0_delay__parameterized51_169
INFO: [VRFC 10-311] analyzing module chaos_cryptor_0_delay__parameterized51_1760
INFO: [VRFC 10-311] analyzing module chaos_cryptor_0_delay__parameterized51_1763
INFO: [VRFC 10-311] analyzing module chaos_cryptor_0_delay__parameterized51_1864
INFO: [VRFC 10-311] analyzing module chaos_cryptor_0_delay__parameterized51_1867
INFO: [VRFC 10-311] analyzing module chaos_cryptor_0_delay__parameterized51_1968
INFO: [VRFC 10-311] analyzing module chaos_cryptor_0_delay__parameterized51_1971
INFO: [VRFC 10-311] analyzing module chaos_cryptor_0_delay__parameterized51_2072
INFO: [VRFC 10-311] analyzing module chaos_cryptor_0_delay__parameterized51_2075
INFO: [VRFC 10-311] analyzing module chaos_cryptor_0_delay__parameterized51_2176
INFO: [VRFC 10-311] analyzing module chaos_cryptor_0_delay__parameterized51_2179
INFO: [VRFC 10-311] analyzing module chaos_cryptor_0_delay__parameterized51_378
INFO: [VRFC 10-311] analyzing module chaos_cryptor_0_delay__parameterized51_381
INFO: [VRFC 10-311] analyzing module chaos_cryptor_0_delay__parameterized51_4
INFO: [VRFC 10-311] analyzing module chaos_cryptor_0_delay__parameterized51_539
INFO: [VRFC 10-311] analyzing module chaos_cryptor_0_delay__parameterized51_541
INFO: [VRFC 10-311] analyzing module chaos_cryptor_0_delay__parameterized51_616
INFO: [VRFC 10-311] analyzing module chaos_cryptor_0_delay__parameterized51_617
INFO: [VRFC 10-311] analyzing module chaos_cryptor_0_delay__parameterized51_861
INFO: [VRFC 10-311] analyzing module chaos_cryptor_0_delay__parameterized51_864
INFO: [VRFC 10-311] analyzing module chaos_cryptor_0_delay__parameterized51_98
INFO: [VRFC 10-311] analyzing module chaos_cryptor_0_delay__parameterized56
INFO: [VRFC 10-311] analyzing module chaos_cryptor_0_delay__parameterized56_1105
INFO: [VRFC 10-311] analyzing module chaos_cryptor_0_delay__parameterized56_1107
INFO: [VRFC 10-311] analyzing module chaos_cryptor_0_delay__parameterized56_170
INFO: [VRFC 10-311] analyzing module chaos_cryptor_0_delay__parameterized56_622
INFO: [VRFC 10-311] analyzing module chaos_cryptor_0_delay__parameterized56_624
INFO: [VRFC 10-311] analyzing module chaos_cryptor_0_delay__parameterized59
INFO: [VRFC 10-311] analyzing module chaos_cryptor_0_delay__parameterized59_1073
INFO: [VRFC 10-311] analyzing module chaos_cryptor_0_delay__parameterized59_1399
INFO: [VRFC 10-311] analyzing module chaos_cryptor_0_delay__parameterized59_149
INFO: [VRFC 10-311] analyzing module chaos_cryptor_0_delay__parameterized59_1503
INFO: [VRFC 10-311] analyzing module chaos_cryptor_0_delay__parameterized59_1607
INFO: [VRFC 10-311] analyzing module chaos_cryptor_0_delay__parameterized59_1711
INFO: [VRFC 10-311] analyzing module chaos_cryptor_0_delay__parameterized59_1815
INFO: [VRFC 10-311] analyzing module chaos_cryptor_0_delay__parameterized59_1919
INFO: [VRFC 10-311] analyzing module chaos_cryptor_0_delay__parameterized59_2023
INFO: [VRFC 10-311] analyzing module chaos_cryptor_0_delay__parameterized59_2127
INFO: [VRFC 10-311] analyzing module chaos_cryptor_0_delay__parameterized59_2231
INFO: [VRFC 10-311] analyzing module chaos_cryptor_0_delay__parameterized59_433
INFO: [VRFC 10-311] analyzing module chaos_cryptor_0_delay__parameterized59_590
INFO: [VRFC 10-311] analyzing module chaos_cryptor_0_delay__parameterized59_916
INFO: [VRFC 10-311] analyzing module chaos_cryptor_0_delay__parameterized6
INFO: [VRFC 10-311] analyzing module chaos_cryptor_0_delay__parameterized62
INFO: [VRFC 10-311] analyzing module chaos_cryptor_0_delay__parameterized62_1017
INFO: [VRFC 10-311] analyzing module chaos_cryptor_0_delay__parameterized62_1074
INFO: [VRFC 10-311] analyzing module chaos_cryptor_0_delay__parameterized62_1339
INFO: [VRFC 10-311] analyzing module chaos_cryptor_0_delay__parameterized62_1400
INFO: [VRFC 10-311] analyzing module chaos_cryptor_0_delay__parameterized62_1443
INFO: [VRFC 10-311] analyzing module chaos_cryptor_0_delay__parameterized62_150
INFO: [VRFC 10-311] analyzing module chaos_cryptor_0_delay__parameterized62_1504
INFO: [VRFC 10-311] analyzing module chaos_cryptor_0_delay__parameterized62_1547
INFO: [VRFC 10-311] analyzing module chaos_cryptor_0_delay__parameterized62_1608
INFO: [VRFC 10-311] analyzing module chaos_cryptor_0_delay__parameterized62_1651
INFO: [VRFC 10-311] analyzing module chaos_cryptor_0_delay__parameterized62_1712
INFO: [VRFC 10-311] analyzing module chaos_cryptor_0_delay__parameterized62_1755
INFO: [VRFC 10-311] analyzing module chaos_cryptor_0_delay__parameterized62_1816
INFO: [VRFC 10-311] analyzing module chaos_cryptor_0_delay__parameterized62_1859
INFO: [VRFC 10-311] analyzing module chaos_cryptor_0_delay__parameterized62_1920
INFO: [VRFC 10-311] analyzing module chaos_cryptor_0_delay__parameterized62_1963
INFO: [VRFC 10-311] analyzing module chaos_cryptor_0_delay__parameterized62_2024
INFO: [VRFC 10-311] analyzing module chaos_cryptor_0_delay__parameterized62_2067
INFO: [VRFC 10-311] analyzing module chaos_cryptor_0_delay__parameterized62_2128
INFO: [VRFC 10-311] analyzing module chaos_cryptor_0_delay__parameterized62_2171
INFO: [VRFC 10-311] analyzing module chaos_cryptor_0_delay__parameterized62_2232
INFO: [VRFC 10-311] analyzing module chaos_cryptor_0_delay__parameterized62_28
INFO: [VRFC 10-311] analyzing module chaos_cryptor_0_delay__parameterized62_373
INFO: [VRFC 10-311] analyzing module chaos_cryptor_0_delay__parameterized62_434
INFO: [VRFC 10-311] analyzing module chaos_cryptor_0_delay__parameterized62_534
INFO: [VRFC 10-311] analyzing module chaos_cryptor_0_delay__parameterized62_591
INFO: [VRFC 10-311] analyzing module chaos_cryptor_0_delay__parameterized62_856
INFO: [VRFC 10-311] analyzing module chaos_cryptor_0_delay__parameterized62_917
INFO: [VRFC 10-311] analyzing module chaos_cryptor_0_delay__parameterized62_93
INFO: [VRFC 10-311] analyzing module chaos_cryptor_0_delay__parameterized65
INFO: [VRFC 10-311] analyzing module chaos_cryptor_0_delay__parameterized65_1016
INFO: [VRFC 10-311] analyzing module chaos_cryptor_0_delay__parameterized65_1338
INFO: [VRFC 10-311] analyzing module chaos_cryptor_0_delay__parameterized65_1442
INFO: [VRFC 10-311] analyzing module chaos_cryptor_0_delay__parameterized65_1546
INFO: [VRFC 10-311] analyzing module chaos_cryptor_0_delay__parameterized65_1650
INFO: [VRFC 10-311] analyzing module chaos_cryptor_0_delay__parameterized65_1754
INFO: [VRFC 10-311] analyzing module chaos_cryptor_0_delay__parameterized65_1858
INFO: [VRFC 10-311] analyzing module chaos_cryptor_0_delay__parameterized65_1962
INFO: [VRFC 10-311] analyzing module chaos_cryptor_0_delay__parameterized65_2066
INFO: [VRFC 10-311] analyzing module chaos_cryptor_0_delay__parameterized65_2170
INFO: [VRFC 10-311] analyzing module chaos_cryptor_0_delay__parameterized65_372
INFO: [VRFC 10-311] analyzing module chaos_cryptor_0_delay__parameterized65_533
INFO: [VRFC 10-311] analyzing module chaos_cryptor_0_delay__parameterized65_855
INFO: [VRFC 10-311] analyzing module chaos_cryptor_0_delay__parameterized65_92
INFO: [VRFC 10-311] analyzing module chaos_cryptor_0_delay__parameterized66
INFO: [VRFC 10-311] analyzing module chaos_cryptor_0_delay__parameterized66_1014
INFO: [VRFC 10-311] analyzing module chaos_cryptor_0_delay__parameterized66_1336
INFO: [VRFC 10-311] analyzing module chaos_cryptor_0_delay__parameterized66_1440
INFO: [VRFC 10-311] analyzing module chaos_cryptor_0_delay__parameterized66_1544
INFO: [VRFC 10-311] analyzing module chaos_cryptor_0_delay__parameterized66_1648
INFO: [VRFC 10-311] analyzing module chaos_cryptor_0_delay__parameterized66_1752
INFO: [VRFC 10-311] analyzing module chaos_cryptor_0_delay__parameterized66_1856
INFO: [VRFC 10-311] analyzing module chaos_cryptor_0_delay__parameterized66_1960
INFO: [VRFC 10-311] analyzing module chaos_cryptor_0_delay__parameterized66_2064
INFO: [VRFC 10-311] analyzing module chaos_cryptor_0_delay__parameterized66_2168
INFO: [VRFC 10-311] analyzing module chaos_cryptor_0_delay__parameterized66_370
INFO: [VRFC 10-311] analyzing module chaos_cryptor_0_delay__parameterized66_531
INFO: [VRFC 10-311] analyzing module chaos_cryptor_0_delay__parameterized66_853
INFO: [VRFC 10-311] analyzing module chaos_cryptor_0_delay__parameterized66_90
INFO: [VRFC 10-311] analyzing module chaos_cryptor_0_delay__parameterized67
INFO: [VRFC 10-311] analyzing module chaos_cryptor_0_delay__parameterized67_1007
INFO: [VRFC 10-311] analyzing module chaos_cryptor_0_delay__parameterized67_1329
INFO: [VRFC 10-311] analyzing module chaos_cryptor_0_delay__parameterized67_1433
INFO: [VRFC 10-311] analyzing module chaos_cryptor_0_delay__parameterized67_1537
INFO: [VRFC 10-311] analyzing module chaos_cryptor_0_delay__parameterized67_1641
INFO: [VRFC 10-311] analyzing module chaos_cryptor_0_delay__parameterized67_1745
INFO: [VRFC 10-311] analyzing module chaos_cryptor_0_delay__parameterized67_1849
INFO: [VRFC 10-311] analyzing module chaos_cryptor_0_delay__parameterized67_1953
INFO: [VRFC 10-311] analyzing module chaos_cryptor_0_delay__parameterized67_2057
INFO: [VRFC 10-311] analyzing module chaos_cryptor_0_delay__parameterized67_2161
INFO: [VRFC 10-311] analyzing module chaos_cryptor_0_delay__parameterized67_363
INFO: [VRFC 10-311] analyzing module chaos_cryptor_0_delay__parameterized67_524
INFO: [VRFC 10-311] analyzing module chaos_cryptor_0_delay__parameterized67_83
INFO: [VRFC 10-311] analyzing module chaos_cryptor_0_delay__parameterized67_846
INFO: [VRFC 10-311] analyzing module chaos_cryptor_0_delay__parameterized68
INFO: [VRFC 10-311] analyzing module chaos_cryptor_0_delay__parameterized68_1006
INFO: [VRFC 10-311] analyzing module chaos_cryptor_0_delay__parameterized68_1328
INFO: [VRFC 10-311] analyzing module chaos_cryptor_0_delay__parameterized68_1432
INFO: [VRFC 10-311] analyzing module chaos_cryptor_0_delay__parameterized68_1536
INFO: [VRFC 10-311] analyzing module chaos_cryptor_0_delay__parameterized68_1640
INFO: [VRFC 10-311] analyzing module chaos_cryptor_0_delay__parameterized68_1744
INFO: [VRFC 10-311] analyzing module chaos_cryptor_0_delay__parameterized68_1848
INFO: [VRFC 10-311] analyzing module chaos_cryptor_0_delay__parameterized68_1952
INFO: [VRFC 10-311] analyzing module chaos_cryptor_0_delay__parameterized68_2056
INFO: [VRFC 10-311] analyzing module chaos_cryptor_0_delay__parameterized68_2160
INFO: [VRFC 10-311] analyzing module chaos_cryptor_0_delay__parameterized68_362
INFO: [VRFC 10-311] analyzing module chaos_cryptor_0_delay__parameterized68_523
INFO: [VRFC 10-311] analyzing module chaos_cryptor_0_delay__parameterized68_82
INFO: [VRFC 10-311] analyzing module chaos_cryptor_0_delay__parameterized68_845
INFO: [VRFC 10-311] analyzing module chaos_cryptor_0_delay__parameterized69
INFO: [VRFC 10-311] analyzing module chaos_cryptor_0_delay__parameterized69_1003
INFO: [VRFC 10-311] analyzing module chaos_cryptor_0_delay__parameterized69_1325
INFO: [VRFC 10-311] analyzing module chaos_cryptor_0_delay__parameterized69_1429
INFO: [VRFC 10-311] analyzing module chaos_cryptor_0_delay__parameterized69_1533
INFO: [VRFC 10-311] analyzing module chaos_cryptor_0_delay__parameterized69_1637
INFO: [VRFC 10-311] analyzing module chaos_cryptor_0_delay__parameterized69_1741
INFO: [VRFC 10-311] analyzing module chaos_cryptor_0_delay__parameterized69_1845
INFO: [VRFC 10-311] analyzing module chaos_cryptor_0_delay__parameterized69_1949
INFO: [VRFC 10-311] analyzing module chaos_cryptor_0_delay__parameterized69_2053
INFO: [VRFC 10-311] analyzing module chaos_cryptor_0_delay__parameterized69_2157
INFO: [VRFC 10-311] analyzing module chaos_cryptor_0_delay__parameterized69_359
INFO: [VRFC 10-311] analyzing module chaos_cryptor_0_delay__parameterized69_520
INFO: [VRFC 10-311] analyzing module chaos_cryptor_0_delay__parameterized69_79
INFO: [VRFC 10-311] analyzing module chaos_cryptor_0_delay__parameterized69_842
INFO: [VRFC 10-311] analyzing module chaos_cryptor_0_delay__parameterized6_1
INFO: [VRFC 10-311] analyzing module chaos_cryptor_0_delay__parameterized6_1008
INFO: [VRFC 10-311] analyzing module chaos_cryptor_0_delay__parameterized6_1015
INFO: [VRFC 10-311] analyzing module chaos_cryptor_0_delay__parameterized6_1039
INFO: [VRFC 10-311] analyzing module chaos_cryptor_0_delay__parameterized6_1071
INFO: [VRFC 10-311] analyzing module chaos_cryptor_0_delay__parameterized6_1076
INFO: [VRFC 10-311] analyzing module chaos_cryptor_0_delay__parameterized6_115
INFO: [VRFC 10-311] analyzing module chaos_cryptor_0_delay__parameterized6_1330
INFO: [VRFC 10-311] analyzing module chaos_cryptor_0_delay__parameterized6_1337
INFO: [VRFC 10-311] analyzing module chaos_cryptor_0_delay__parameterized6_1345
INFO: [VRFC 10-311] analyzing module chaos_cryptor_0_delay__parameterized6_1348
INFO: [VRFC 10-311] analyzing module chaos_cryptor_0_delay__parameterized6_1363
INFO: [VRFC 10-311] analyzing module chaos_cryptor_0_delay__parameterized6_1397
INFO: [VRFC 10-311] analyzing module chaos_cryptor_0_delay__parameterized6_1402
INFO: [VRFC 10-311] analyzing module chaos_cryptor_0_delay__parameterized6_1434
INFO: [VRFC 10-311] analyzing module chaos_cryptor_0_delay__parameterized6_1441
INFO: [VRFC 10-311] analyzing module chaos_cryptor_0_delay__parameterized6_1449
INFO: [VRFC 10-311] analyzing module chaos_cryptor_0_delay__parameterized6_1452
INFO: [VRFC 10-311] analyzing module chaos_cryptor_0_delay__parameterized6_1467
INFO: [VRFC 10-311] analyzing module chaos_cryptor_0_delay__parameterized6_147
INFO: [VRFC 10-311] analyzing module chaos_cryptor_0_delay__parameterized6_1501
INFO: [VRFC 10-311] analyzing module chaos_cryptor_0_delay__parameterized6_1506
INFO: [VRFC 10-311] analyzing module chaos_cryptor_0_delay__parameterized6_152
INFO: [VRFC 10-311] analyzing module chaos_cryptor_0_delay__parameterized6_1538
INFO: [VRFC 10-311] analyzing module chaos_cryptor_0_delay__parameterized6_1545
INFO: [VRFC 10-311] analyzing module chaos_cryptor_0_delay__parameterized6_1553
INFO: [VRFC 10-311] analyzing module chaos_cryptor_0_delay__parameterized6_1556
INFO: [VRFC 10-311] analyzing module chaos_cryptor_0_delay__parameterized6_1571
INFO: [VRFC 10-311] analyzing module chaos_cryptor_0_delay__parameterized6_1605
INFO: [VRFC 10-311] analyzing module chaos_cryptor_0_delay__parameterized6_1610
INFO: [VRFC 10-311] analyzing module chaos_cryptor_0_delay__parameterized6_1642
INFO: [VRFC 10-311] analyzing module chaos_cryptor_0_delay__parameterized6_1649
INFO: [VRFC 10-311] analyzing module chaos_cryptor_0_delay__parameterized6_1657
INFO: [VRFC 10-311] analyzing module chaos_cryptor_0_delay__parameterized6_1660
INFO: [VRFC 10-311] analyzing module chaos_cryptor_0_delay__parameterized6_1675
INFO: [VRFC 10-311] analyzing module chaos_cryptor_0_delay__parameterized6_1709
INFO: [VRFC 10-311] analyzing module chaos_cryptor_0_delay__parameterized6_1714
INFO: [VRFC 10-311] analyzing module chaos_cryptor_0_delay__parameterized6_1746
INFO: [VRFC 10-311] analyzing module chaos_cryptor_0_delay__parameterized6_1753
INFO: [VRFC 10-311] analyzing module chaos_cryptor_0_delay__parameterized6_1761
INFO: [VRFC 10-311] analyzing module chaos_cryptor_0_delay__parameterized6_1764
INFO: [VRFC 10-311] analyzing module chaos_cryptor_0_delay__parameterized6_1779
INFO: [VRFC 10-311] analyzing module chaos_cryptor_0_delay__parameterized6_1813
INFO: [VRFC 10-311] analyzing module chaos_cryptor_0_delay__parameterized6_1818
INFO: [VRFC 10-311] analyzing module chaos_cryptor_0_delay__parameterized6_1850
INFO: [VRFC 10-311] analyzing module chaos_cryptor_0_delay__parameterized6_1857
INFO: [VRFC 10-311] analyzing module chaos_cryptor_0_delay__parameterized6_1865
INFO: [VRFC 10-311] analyzing module chaos_cryptor_0_delay__parameterized6_1868
INFO: [VRFC 10-311] analyzing module chaos_cryptor_0_delay__parameterized6_1883
INFO: [VRFC 10-311] analyzing module chaos_cryptor_0_delay__parameterized6_1917
INFO: [VRFC 10-311] analyzing module chaos_cryptor_0_delay__parameterized6_1922
INFO: [VRFC 10-311] analyzing module chaos_cryptor_0_delay__parameterized6_1954
INFO: [VRFC 10-311] analyzing module chaos_cryptor_0_delay__parameterized6_1961
INFO: [VRFC 10-311] analyzing module chaos_cryptor_0_delay__parameterized6_1969
INFO: [VRFC 10-311] analyzing module chaos_cryptor_0_delay__parameterized6_1972
INFO: [VRFC 10-311] analyzing module chaos_cryptor_0_delay__parameterized6_1987
INFO: [VRFC 10-311] analyzing module chaos_cryptor_0_delay__parameterized6_2021
INFO: [VRFC 10-311] analyzing module chaos_cryptor_0_delay__parameterized6_2026
INFO: [VRFC 10-311] analyzing module chaos_cryptor_0_delay__parameterized6_2058
INFO: [VRFC 10-311] analyzing module chaos_cryptor_0_delay__parameterized6_2065
INFO: [VRFC 10-311] analyzing module chaos_cryptor_0_delay__parameterized6_2073
INFO: [VRFC 10-311] analyzing module chaos_cryptor_0_delay__parameterized6_2076
INFO: [VRFC 10-311] analyzing module chaos_cryptor_0_delay__parameterized6_2091
INFO: [VRFC 10-311] analyzing module chaos_cryptor_0_delay__parameterized6_2125
INFO: [VRFC 10-311] analyzing module chaos_cryptor_0_delay__parameterized6_2130
INFO: [VRFC 10-311] analyzing module chaos_cryptor_0_delay__parameterized6_2162
INFO: [VRFC 10-311] analyzing module chaos_cryptor_0_delay__parameterized6_2169
INFO: [VRFC 10-311] analyzing module chaos_cryptor_0_delay__parameterized6_2177
INFO: [VRFC 10-311] analyzing module chaos_cryptor_0_delay__parameterized6_2180
INFO: [VRFC 10-311] analyzing module chaos_cryptor_0_delay__parameterized6_2195
INFO: [VRFC 10-311] analyzing module chaos_cryptor_0_delay__parameterized6_2229
INFO: [VRFC 10-311] analyzing module chaos_cryptor_0_delay__parameterized6_2234
INFO: [VRFC 10-311] analyzing module chaos_cryptor_0_delay__parameterized6_2260
INFO: [VRFC 10-311] analyzing module chaos_cryptor_0_delay__parameterized6_2262
INFO: [VRFC 10-311] analyzing module chaos_cryptor_0_delay__parameterized6_2263
INFO: [VRFC 10-311] analyzing module chaos_cryptor_0_delay__parameterized6_2272
INFO: [VRFC 10-311] analyzing module chaos_cryptor_0_delay__parameterized6_2318
INFO: [VRFC 10-311] analyzing module chaos_cryptor_0_delay__parameterized6_2320
INFO: [VRFC 10-311] analyzing module chaos_cryptor_0_delay__parameterized6_2321
INFO: [VRFC 10-311] analyzing module chaos_cryptor_0_delay__parameterized6_2330
INFO: [VRFC 10-311] analyzing module chaos_cryptor_0_delay__parameterized6_2376
INFO: [VRFC 10-311] analyzing module chaos_cryptor_0_delay__parameterized6_2378
INFO: [VRFC 10-311] analyzing module chaos_cryptor_0_delay__parameterized6_2379
INFO: [VRFC 10-311] analyzing module chaos_cryptor_0_delay__parameterized6_2388
INFO: [VRFC 10-311] analyzing module chaos_cryptor_0_delay__parameterized6_2434
INFO: [VRFC 10-311] analyzing module chaos_cryptor_0_delay__parameterized6_2436
INFO: [VRFC 10-311] analyzing module chaos_cryptor_0_delay__parameterized6_2437
INFO: [VRFC 10-311] analyzing module chaos_cryptor_0_delay__parameterized6_2446
INFO: [VRFC 10-311] analyzing module chaos_cryptor_0_delay__parameterized6_2492
INFO: [VRFC 10-311] analyzing module chaos_cryptor_0_delay__parameterized6_2494
INFO: [VRFC 10-311] analyzing module chaos_cryptor_0_delay__parameterized6_2495
INFO: [VRFC 10-311] analyzing module chaos_cryptor_0_delay__parameterized6_2504
INFO: [VRFC 10-311] analyzing module chaos_cryptor_0_delay__parameterized6_2550
INFO: [VRFC 10-311] analyzing module chaos_cryptor_0_delay__parameterized6_2552
INFO: [VRFC 10-311] analyzing module chaos_cryptor_0_delay__parameterized6_2553
INFO: [VRFC 10-311] analyzing module chaos_cryptor_0_delay__parameterized6_2562
INFO: [VRFC 10-311] analyzing module chaos_cryptor_0_delay__parameterized6_2608
INFO: [VRFC 10-311] analyzing module chaos_cryptor_0_delay__parameterized6_2610
INFO: [VRFC 10-311] analyzing module chaos_cryptor_0_delay__parameterized6_2611
INFO: [VRFC 10-311] analyzing module chaos_cryptor_0_delay__parameterized6_2620
INFO: [VRFC 10-311] analyzing module chaos_cryptor_0_delay__parameterized6_2666
INFO: [VRFC 10-311] analyzing module chaos_cryptor_0_delay__parameterized6_2668
INFO: [VRFC 10-311] analyzing module chaos_cryptor_0_delay__parameterized6_2669
INFO: [VRFC 10-311] analyzing module chaos_cryptor_0_delay__parameterized6_2678
INFO: [VRFC 10-311] analyzing module chaos_cryptor_0_delay__parameterized6_27
INFO: [VRFC 10-311] analyzing module chaos_cryptor_0_delay__parameterized6_2724
INFO: [VRFC 10-311] analyzing module chaos_cryptor_0_delay__parameterized6_2726
INFO: [VRFC 10-311] analyzing module chaos_cryptor_0_delay__parameterized6_2727
INFO: [VRFC 10-311] analyzing module chaos_cryptor_0_delay__parameterized6_2736
INFO: [VRFC 10-311] analyzing module chaos_cryptor_0_delay__parameterized6_2782
INFO: [VRFC 10-311] analyzing module chaos_cryptor_0_delay__parameterized6_2784
INFO: [VRFC 10-311] analyzing module chaos_cryptor_0_delay__parameterized6_2785
INFO: [VRFC 10-311] analyzing module chaos_cryptor_0_delay__parameterized6_2794
INFO: [VRFC 10-311] analyzing module chaos_cryptor_0_delay__parameterized6_2840
INFO: [VRFC 10-311] analyzing module chaos_cryptor_0_delay__parameterized6_2842
INFO: [VRFC 10-311] analyzing module chaos_cryptor_0_delay__parameterized6_2843
INFO: [VRFC 10-311] analyzing module chaos_cryptor_0_delay__parameterized6_2852
INFO: [VRFC 10-311] analyzing module chaos_cryptor_0_delay__parameterized6_2898
INFO: [VRFC 10-311] analyzing module chaos_cryptor_0_delay__parameterized6_2900
INFO: [VRFC 10-311] analyzing module chaos_cryptor_0_delay__parameterized6_2901
INFO: [VRFC 10-311] analyzing module chaos_cryptor_0_delay__parameterized6_2910
INFO: [VRFC 10-311] analyzing module chaos_cryptor_0_delay__parameterized6_3
INFO: [VRFC 10-311] analyzing module chaos_cryptor_0_delay__parameterized6_30
INFO: [VRFC 10-311] analyzing module chaos_cryptor_0_delay__parameterized6_364
INFO: [VRFC 10-311] analyzing module chaos_cryptor_0_delay__parameterized6_371
INFO: [VRFC 10-311] analyzing module chaos_cryptor_0_delay__parameterized6_379
INFO: [VRFC 10-311] analyzing module chaos_cryptor_0_delay__parameterized6_382
INFO: [VRFC 10-311] analyzing module chaos_cryptor_0_delay__parameterized6_397
INFO: [VRFC 10-311] analyzing module chaos_cryptor_0_delay__parameterized6_41
INFO: [VRFC 10-311] analyzing module chaos_cryptor_0_delay__parameterized6_42
INFO: [VRFC 10-311] analyzing module chaos_cryptor_0_delay__parameterized6_43
INFO: [VRFC 10-311] analyzing module chaos_cryptor_0_delay__parameterized6_431
INFO: [VRFC 10-311] analyzing module chaos_cryptor_0_delay__parameterized6_436
INFO: [VRFC 10-311] analyzing module chaos_cryptor_0_delay__parameterized6_462
INFO: [VRFC 10-311] analyzing module chaos_cryptor_0_delay__parameterized6_464
INFO: [VRFC 10-311] analyzing module chaos_cryptor_0_delay__parameterized6_465
INFO: [VRFC 10-311] analyzing module chaos_cryptor_0_delay__parameterized6_474
INFO: [VRFC 10-311] analyzing module chaos_cryptor_0_delay__parameterized6_48
INFO: [VRFC 10-311] analyzing module chaos_cryptor_0_delay__parameterized6_5
INFO: [VRFC 10-311] analyzing module chaos_cryptor_0_delay__parameterized6_525
INFO: [VRFC 10-311] analyzing module chaos_cryptor_0_delay__parameterized6_532
INFO: [VRFC 10-311] analyzing module chaos_cryptor_0_delay__parameterized6_556
INFO: [VRFC 10-311] analyzing module chaos_cryptor_0_delay__parameterized6_588
INFO: [VRFC 10-311] analyzing module chaos_cryptor_0_delay__parameterized6_593
INFO: [VRFC 10-311] analyzing module chaos_cryptor_0_delay__parameterized6_8
INFO: [VRFC 10-311] analyzing module chaos_cryptor_0_delay__parameterized6_84
INFO: [VRFC 10-311] analyzing module chaos_cryptor_0_delay__parameterized6_847
INFO: [VRFC 10-311] analyzing module chaos_cryptor_0_delay__parameterized6_854
INFO: [VRFC 10-311] analyzing module chaos_cryptor_0_delay__parameterized6_862
INFO: [VRFC 10-311] analyzing module chaos_cryptor_0_delay__parameterized6_865
INFO: [VRFC 10-311] analyzing module chaos_cryptor_0_delay__parameterized6_880
INFO: [VRFC 10-311] analyzing module chaos_cryptor_0_delay__parameterized6_91
INFO: [VRFC 10-311] analyzing module chaos_cryptor_0_delay__parameterized6_914
INFO: [VRFC 10-311] analyzing module chaos_cryptor_0_delay__parameterized6_919
INFO: [VRFC 10-311] analyzing module chaos_cryptor_0_delay__parameterized6_945
INFO: [VRFC 10-311] analyzing module chaos_cryptor_0_delay__parameterized6_947
INFO: [VRFC 10-311] analyzing module chaos_cryptor_0_delay__parameterized6_948
INFO: [VRFC 10-311] analyzing module chaos_cryptor_0_delay__parameterized6_957
INFO: [VRFC 10-311] analyzing module chaos_cryptor_0_delay__parameterized72
INFO: [VRFC 10-311] analyzing module chaos_cryptor_0_delay__parameterized72_10
INFO: [VRFC 10-311] analyzing module chaos_cryptor_0_delay__parameterized72_1023
INFO: [VRFC 10-311] analyzing module chaos_cryptor_0_delay__parameterized72_1041
INFO: [VRFC 10-311] analyzing module chaos_cryptor_0_delay__parameterized72_117
INFO: [VRFC 10-311] analyzing module chaos_cryptor_0_delay__parameterized72_1346
INFO: [VRFC 10-311] analyzing module chaos_cryptor_0_delay__parameterized72_1365
INFO: [VRFC 10-311] analyzing module chaos_cryptor_0_delay__parameterized72_1450
INFO: [VRFC 10-311] analyzing module chaos_cryptor_0_delay__parameterized72_1469
INFO: [VRFC 10-311] analyzing module chaos_cryptor_0_delay__parameterized72_1554
INFO: [VRFC 10-311] analyzing module chaos_cryptor_0_delay__parameterized72_1573
INFO: [VRFC 10-311] analyzing module chaos_cryptor_0_delay__parameterized72_1658
INFO: [VRFC 10-311] analyzing module chaos_cryptor_0_delay__parameterized72_1677
INFO: [VRFC 10-311] analyzing module chaos_cryptor_0_delay__parameterized72_1762
INFO: [VRFC 10-311] analyzing module chaos_cryptor_0_delay__parameterized72_1781
INFO: [VRFC 10-311] analyzing module chaos_cryptor_0_delay__parameterized72_1866
INFO: [VRFC 10-311] analyzing module chaos_cryptor_0_delay__parameterized72_1885
INFO: [VRFC 10-311] analyzing module chaos_cryptor_0_delay__parameterized72_1970
INFO: [VRFC 10-311] analyzing module chaos_cryptor_0_delay__parameterized72_1989
INFO: [VRFC 10-311] analyzing module chaos_cryptor_0_delay__parameterized72_2074
INFO: [VRFC 10-311] analyzing module chaos_cryptor_0_delay__parameterized72_2093
INFO: [VRFC 10-311] analyzing module chaos_cryptor_0_delay__parameterized72_2178
INFO: [VRFC 10-311] analyzing module chaos_cryptor_0_delay__parameterized72_2197
INFO: [VRFC 10-311] analyzing module chaos_cryptor_0_delay__parameterized72_380
INFO: [VRFC 10-311] analyzing module chaos_cryptor_0_delay__parameterized72_399
INFO: [VRFC 10-311] analyzing module chaos_cryptor_0_delay__parameterized72_540
INFO: [VRFC 10-311] analyzing module chaos_cryptor_0_delay__parameterized72_558
INFO: [VRFC 10-311] analyzing module chaos_cryptor_0_delay__parameterized72_863
INFO: [VRFC 10-311] analyzing module chaos_cryptor_0_delay__parameterized72_882
INFO: [VRFC 10-311] analyzing module chaos_cryptor_0_delay__parameterized72_99
INFO: [VRFC 10-311] analyzing module chaos_cryptor_0_delay__parameterized73
INFO: [VRFC 10-311] analyzing module chaos_cryptor_0_delay__parameterized73_1038
INFO: [VRFC 10-311] analyzing module chaos_cryptor_0_delay__parameterized73_114
INFO: [VRFC 10-311] analyzing module chaos_cryptor_0_delay__parameterized73_1362
INFO: [VRFC 10-311] analyzing module chaos_cryptor_0_delay__parameterized73_1466
INFO: [VRFC 10-311] analyzing module chaos_cryptor_0_delay__parameterized73_1570
INFO: [VRFC 10-311] analyzing module chaos_cryptor_0_delay__parameterized73_1674
INFO: [VRFC 10-311] analyzing module chaos_cryptor_0_delay__parameterized73_1778
INFO: [VRFC 10-311] analyzing module chaos_cryptor_0_delay__parameterized73_1882
INFO: [VRFC 10-311] analyzing module chaos_cryptor_0_delay__parameterized73_1986
INFO: [VRFC 10-311] analyzing module chaos_cryptor_0_delay__parameterized73_2090
INFO: [VRFC 10-311] analyzing module chaos_cryptor_0_delay__parameterized73_2194
INFO: [VRFC 10-311] analyzing module chaos_cryptor_0_delay__parameterized73_396
INFO: [VRFC 10-311] analyzing module chaos_cryptor_0_delay__parameterized73_555
INFO: [VRFC 10-311] analyzing module chaos_cryptor_0_delay__parameterized73_879
INFO: [VRFC 10-311] analyzing module chaos_cryptor_0_delay__parameterized74
INFO: [VRFC 10-311] analyzing module chaos_cryptor_0_delay__parameterized74_1033
INFO: [VRFC 10-311] analyzing module chaos_cryptor_0_delay__parameterized74_109
INFO: [VRFC 10-311] analyzing module chaos_cryptor_0_delay__parameterized74_1357
INFO: [VRFC 10-311] analyzing module chaos_cryptor_0_delay__parameterized74_1461
INFO: [VRFC 10-311] analyzing module chaos_cryptor_0_delay__parameterized74_1565
INFO: [VRFC 10-311] analyzing module chaos_cryptor_0_delay__parameterized74_1669
INFO: [VRFC 10-311] analyzing module chaos_cryptor_0_delay__parameterized74_1773
INFO: [VRFC 10-311] analyzing module chaos_cryptor_0_delay__parameterized74_1877
INFO: [VRFC 10-311] analyzing module chaos_cryptor_0_delay__parameterized74_1981
INFO: [VRFC 10-311] analyzing module chaos_cryptor_0_delay__parameterized74_2085
INFO: [VRFC 10-311] analyzing module chaos_cryptor_0_delay__parameterized74_2189
INFO: [VRFC 10-311] analyzing module chaos_cryptor_0_delay__parameterized74_391
INFO: [VRFC 10-311] analyzing module chaos_cryptor_0_delay__parameterized74_550
INFO: [VRFC 10-311] analyzing module chaos_cryptor_0_delay__parameterized74_874
INFO: [VRFC 10-311] analyzing module chaos_cryptor_0_delay__parameterized75
INFO: [VRFC 10-311] analyzing module chaos_cryptor_0_delay__parameterized75_1029
INFO: [VRFC 10-311] analyzing module chaos_cryptor_0_delay__parameterized75_105
INFO: [VRFC 10-311] analyzing module chaos_cryptor_0_delay__parameterized75_1353
INFO: [VRFC 10-311] analyzing module chaos_cryptor_0_delay__parameterized75_1457
INFO: [VRFC 10-311] analyzing module chaos_cryptor_0_delay__parameterized75_1561
INFO: [VRFC 10-311] analyzing module chaos_cryptor_0_delay__parameterized75_1665
INFO: [VRFC 10-311] analyzing module chaos_cryptor_0_delay__parameterized75_1769
INFO: [VRFC 10-311] analyzing module chaos_cryptor_0_delay__parameterized75_1873
INFO: [VRFC 10-311] analyzing module chaos_cryptor_0_delay__parameterized75_1977
INFO: [VRFC 10-311] analyzing module chaos_cryptor_0_delay__parameterized75_2081
INFO: [VRFC 10-311] analyzing module chaos_cryptor_0_delay__parameterized75_2185
INFO: [VRFC 10-311] analyzing module chaos_cryptor_0_delay__parameterized75_387
INFO: [VRFC 10-311] analyzing module chaos_cryptor_0_delay__parameterized75_546
INFO: [VRFC 10-311] analyzing module chaos_cryptor_0_delay__parameterized75_870
INFO: [VRFC 10-311] analyzing module chaos_cryptor_0_delay__parameterized76
INFO: [VRFC 10-311] analyzing module chaos_cryptor_0_delay__parameterized76_1030
INFO: [VRFC 10-311] analyzing module chaos_cryptor_0_delay__parameterized76_106
INFO: [VRFC 10-311] analyzing module chaos_cryptor_0_delay__parameterized76_1354
INFO: [VRFC 10-311] analyzing module chaos_cryptor_0_delay__parameterized76_1458
INFO: [VRFC 10-311] analyzing module chaos_cryptor_0_delay__parameterized76_1562
INFO: [VRFC 10-311] analyzing module chaos_cryptor_0_delay__parameterized76_1666
INFO: [VRFC 10-311] analyzing module chaos_cryptor_0_delay__parameterized76_1770
INFO: [VRFC 10-311] analyzing module chaos_cryptor_0_delay__parameterized76_1874
INFO: [VRFC 10-311] analyzing module chaos_cryptor_0_delay__parameterized76_1978
INFO: [VRFC 10-311] analyzing module chaos_cryptor_0_delay__parameterized76_2082
INFO: [VRFC 10-311] analyzing module chaos_cryptor_0_delay__parameterized76_2186
INFO: [VRFC 10-311] analyzing module chaos_cryptor_0_delay__parameterized76_388
INFO: [VRFC 10-311] analyzing module chaos_cryptor_0_delay__parameterized76_547
INFO: [VRFC 10-311] analyzing module chaos_cryptor_0_delay__parameterized76_871
INFO: [VRFC 10-311] analyzing module chaos_cryptor_0_delay__parameterized77
INFO: [VRFC 10-311] analyzing module chaos_cryptor_0_delay__parameterized77_1034
INFO: [VRFC 10-311] analyzing module chaos_cryptor_0_delay__parameterized77_110
INFO: [VRFC 10-311] analyzing module chaos_cryptor_0_delay__parameterized77_1358
INFO: [VRFC 10-311] analyzing module chaos_cryptor_0_delay__parameterized77_1462
INFO: [VRFC 10-311] analyzing module chaos_cryptor_0_delay__parameterized77_1566
INFO: [VRFC 10-311] analyzing module chaos_cryptor_0_delay__parameterized77_1670
INFO: [VRFC 10-311] analyzing module chaos_cryptor_0_delay__parameterized77_1774
INFO: [VRFC 10-311] analyzing module chaos_cryptor_0_delay__parameterized77_1878
INFO: [VRFC 10-311] analyzing module chaos_cryptor_0_delay__parameterized77_1982
INFO: [VRFC 10-311] analyzing module chaos_cryptor_0_delay__parameterized77_2086
INFO: [VRFC 10-311] analyzing module chaos_cryptor_0_delay__parameterized77_2190
INFO: [VRFC 10-311] analyzing module chaos_cryptor_0_delay__parameterized77_392
INFO: [VRFC 10-311] analyzing module chaos_cryptor_0_delay__parameterized77_551
INFO: [VRFC 10-311] analyzing module chaos_cryptor_0_delay__parameterized77_875
INFO: [VRFC 10-311] analyzing module chaos_cryptor_0_delay__parameterized78
INFO: [VRFC 10-311] analyzing module chaos_cryptor_0_delay__parameterized78_101
INFO: [VRFC 10-311] analyzing module chaos_cryptor_0_delay__parameterized78_1025
INFO: [VRFC 10-311] analyzing module chaos_cryptor_0_delay__parameterized78_1349
INFO: [VRFC 10-311] analyzing module chaos_cryptor_0_delay__parameterized78_1453
INFO: [VRFC 10-311] analyzing module chaos_cryptor_0_delay__parameterized78_1557
INFO: [VRFC 10-311] analyzing module chaos_cryptor_0_delay__parameterized78_1661
INFO: [VRFC 10-311] analyzing module chaos_cryptor_0_delay__parameterized78_1765
INFO: [VRFC 10-311] analyzing module chaos_cryptor_0_delay__parameterized78_1869
INFO: [VRFC 10-311] analyzing module chaos_cryptor_0_delay__parameterized78_1973
INFO: [VRFC 10-311] analyzing module chaos_cryptor_0_delay__parameterized78_2077
INFO: [VRFC 10-311] analyzing module chaos_cryptor_0_delay__parameterized78_2181
INFO: [VRFC 10-311] analyzing module chaos_cryptor_0_delay__parameterized78_383
INFO: [VRFC 10-311] analyzing module chaos_cryptor_0_delay__parameterized78_542
INFO: [VRFC 10-311] analyzing module chaos_cryptor_0_delay__parameterized78_866
INFO: [VRFC 10-311] analyzing module chaos_cryptor_0_delay__parameterized79
INFO: [VRFC 10-311] analyzing module chaos_cryptor_0_delay__parameterized79_1028
INFO: [VRFC 10-311] analyzing module chaos_cryptor_0_delay__parameterized79_104
INFO: [VRFC 10-311] analyzing module chaos_cryptor_0_delay__parameterized79_1352
INFO: [VRFC 10-311] analyzing module chaos_cryptor_0_delay__parameterized79_1456
INFO: [VRFC 10-311] analyzing module chaos_cryptor_0_delay__parameterized79_1560
INFO: [VRFC 10-311] analyzing module chaos_cryptor_0_delay__parameterized79_1664
INFO: [VRFC 10-311] analyzing module chaos_cryptor_0_delay__parameterized79_1768
INFO: [VRFC 10-311] analyzing module chaos_cryptor_0_delay__parameterized79_1872
INFO: [VRFC 10-311] analyzing module chaos_cryptor_0_delay__parameterized79_1976
INFO: [VRFC 10-311] analyzing module chaos_cryptor_0_delay__parameterized79_2080
INFO: [VRFC 10-311] analyzing module chaos_cryptor_0_delay__parameterized79_2184
INFO: [VRFC 10-311] analyzing module chaos_cryptor_0_delay__parameterized79_386
INFO: [VRFC 10-311] analyzing module chaos_cryptor_0_delay__parameterized79_545
INFO: [VRFC 10-311] analyzing module chaos_cryptor_0_delay__parameterized79_869
INFO: [VRFC 10-311] analyzing module chaos_cryptor_0_dsp48e1_wrapper
INFO: [VRFC 10-311] analyzing module chaos_cryptor_0_dsp48e1_wrapper_2270
INFO: [VRFC 10-311] analyzing module chaos_cryptor_0_dsp48e1_wrapper_2328
INFO: [VRFC 10-311] analyzing module chaos_cryptor_0_dsp48e1_wrapper_2386
INFO: [VRFC 10-311] analyzing module chaos_cryptor_0_dsp48e1_wrapper_2444
INFO: [VRFC 10-311] analyzing module chaos_cryptor_0_dsp48e1_wrapper_2502
INFO: [VRFC 10-311] analyzing module chaos_cryptor_0_dsp48e1_wrapper_2560
INFO: [VRFC 10-311] analyzing module chaos_cryptor_0_dsp48e1_wrapper_2618
INFO: [VRFC 10-311] analyzing module chaos_cryptor_0_dsp48e1_wrapper_2676
INFO: [VRFC 10-311] analyzing module chaos_cryptor_0_dsp48e1_wrapper_2734
INFO: [VRFC 10-311] analyzing module chaos_cryptor_0_dsp48e1_wrapper_2792
INFO: [VRFC 10-311] analyzing module chaos_cryptor_0_dsp48e1_wrapper_2850
INFO: [VRFC 10-311] analyzing module chaos_cryptor_0_dsp48e1_wrapper_2908
INFO: [VRFC 10-311] analyzing module chaos_cryptor_0_dsp48e1_wrapper_472
INFO: [VRFC 10-311] analyzing module chaos_cryptor_0_dsp48e1_wrapper_955
INFO: [VRFC 10-311] analyzing module chaos_cryptor_0_dsp48e1_wrapper__parameterized0
INFO: [VRFC 10-311] analyzing module chaos_cryptor_0_dsp48e1_wrapper__parameterized0_2271
INFO: [VRFC 10-311] analyzing module chaos_cryptor_0_dsp48e1_wrapper__parameterized0_2329
INFO: [VRFC 10-311] analyzing module chaos_cryptor_0_dsp48e1_wrapper__parameterized0_2387
INFO: [VRFC 10-311] analyzing module chaos_cryptor_0_dsp48e1_wrapper__parameterized0_2445
INFO: [VRFC 10-311] analyzing module chaos_cryptor_0_dsp48e1_wrapper__parameterized0_2503
INFO: [VRFC 10-311] analyzing module chaos_cryptor_0_dsp48e1_wrapper__parameterized0_2561
INFO: [VRFC 10-311] analyzing module chaos_cryptor_0_dsp48e1_wrapper__parameterized0_2619
INFO: [VRFC 10-311] analyzing module chaos_cryptor_0_dsp48e1_wrapper__parameterized0_2677
INFO: [VRFC 10-311] analyzing module chaos_cryptor_0_dsp48e1_wrapper__parameterized0_2735
INFO: [VRFC 10-311] analyzing module chaos_cryptor_0_dsp48e1_wrapper__parameterized0_2793
INFO: [VRFC 10-311] analyzing module chaos_cryptor_0_dsp48e1_wrapper__parameterized0_2851
INFO: [VRFC 10-311] analyzing module chaos_cryptor_0_dsp48e1_wrapper__parameterized0_2909
INFO: [VRFC 10-311] analyzing module chaos_cryptor_0_dsp48e1_wrapper__parameterized0_473
INFO: [VRFC 10-311] analyzing module chaos_cryptor_0_dsp48e1_wrapper__parameterized0_956
INFO: [VRFC 10-311] analyzing module chaos_cryptor_0_dsp48e1_wrapper__parameterized1
INFO: [VRFC 10-311] analyzing module chaos_cryptor_0_dsp48e1_wrapper__parameterized1_2259
INFO: [VRFC 10-311] analyzing module chaos_cryptor_0_dsp48e1_wrapper__parameterized1_2317
INFO: [VRFC 10-311] analyzing module chaos_cryptor_0_dsp48e1_wrapper__parameterized1_2375
INFO: [VRFC 10-311] analyzing module chaos_cryptor_0_dsp48e1_wrapper__parameterized1_2433
INFO: [VRFC 10-311] analyzing module chaos_cryptor_0_dsp48e1_wrapper__parameterized1_2491
INFO: [VRFC 10-311] analyzing module chaos_cryptor_0_dsp48e1_wrapper__parameterized1_2549
INFO: [VRFC 10-311] analyzing module chaos_cryptor_0_dsp48e1_wrapper__parameterized1_2607
INFO: [VRFC 10-311] analyzing module chaos_cryptor_0_dsp48e1_wrapper__parameterized1_2665
INFO: [VRFC 10-311] analyzing module chaos_cryptor_0_dsp48e1_wrapper__parameterized1_2723
INFO: [VRFC 10-311] analyzing module chaos_cryptor_0_dsp48e1_wrapper__parameterized1_2781
INFO: [VRFC 10-311] analyzing module chaos_cryptor_0_dsp48e1_wrapper__parameterized1_2839
INFO: [VRFC 10-311] analyzing module chaos_cryptor_0_dsp48e1_wrapper__parameterized1_2897
INFO: [VRFC 10-311] analyzing module chaos_cryptor_0_dsp48e1_wrapper__parameterized1_461
INFO: [VRFC 10-311] analyzing module chaos_cryptor_0_dsp48e1_wrapper__parameterized1_944
INFO: [VRFC 10-311] analyzing module chaos_cryptor_0_dsp48e1_wrapper__parameterized2
INFO: [VRFC 10-311] analyzing module chaos_cryptor_0_dsp48e1_wrapper__parameterized2_1072
INFO: [VRFC 10-311] analyzing module chaos_cryptor_0_dsp48e1_wrapper__parameterized2_1398
INFO: [VRFC 10-311] analyzing module chaos_cryptor_0_dsp48e1_wrapper__parameterized2_148
INFO: [VRFC 10-311] analyzing module chaos_cryptor_0_dsp48e1_wrapper__parameterized2_1502
INFO: [VRFC 10-311] analyzing module chaos_cryptor_0_dsp48e1_wrapper__parameterized2_1606
INFO: [VRFC 10-311] analyzing module chaos_cryptor_0_dsp48e1_wrapper__parameterized2_1710
INFO: [VRFC 10-311] analyzing module chaos_cryptor_0_dsp48e1_wrapper__parameterized2_1814
INFO: [VRFC 10-311] analyzing module chaos_cryptor_0_dsp48e1_wrapper__parameterized2_1918
INFO: [VRFC 10-311] analyzing module chaos_cryptor_0_dsp48e1_wrapper__parameterized2_2022
INFO: [VRFC 10-311] analyzing module chaos_cryptor_0_dsp48e1_wrapper__parameterized2_2126
INFO: [VRFC 10-311] analyzing module chaos_cryptor_0_dsp48e1_wrapper__parameterized2_2230
INFO: [VRFC 10-311] analyzing module chaos_cryptor_0_dsp48e1_wrapper__parameterized2_432
INFO: [VRFC 10-311] analyzing module chaos_cryptor_0_dsp48e1_wrapper__parameterized2_589
INFO: [VRFC 10-311] analyzing module chaos_cryptor_0_dsp48e1_wrapper__parameterized2_915
INFO: [VRFC 10-311] analyzing module chaos_cryptor_0_dsp48e1_wrapper__parameterized3
INFO: [VRFC 10-311] analyzing module chaos_cryptor_0_dsp48e1_wrapper__parameterized3_1005
INFO: [VRFC 10-311] analyzing module chaos_cryptor_0_dsp48e1_wrapper__parameterized3_1327
INFO: [VRFC 10-311] analyzing module chaos_cryptor_0_dsp48e1_wrapper__parameterized3_1431
INFO: [VRFC 10-311] analyzing module chaos_cryptor_0_dsp48e1_wrapper__parameterized3_1535
INFO: [VRFC 10-311] analyzing module chaos_cryptor_0_dsp48e1_wrapper__parameterized3_1639
INFO: [VRFC 10-311] analyzing module chaos_cryptor_0_dsp48e1_wrapper__parameterized3_1743
INFO: [VRFC 10-311] analyzing module chaos_cryptor_0_dsp48e1_wrapper__parameterized3_1847
INFO: [VRFC 10-311] analyzing module chaos_cryptor_0_dsp48e1_wrapper__parameterized3_1951
INFO: [VRFC 10-311] analyzing module chaos_cryptor_0_dsp48e1_wrapper__parameterized3_2055
INFO: [VRFC 10-311] analyzing module chaos_cryptor_0_dsp48e1_wrapper__parameterized3_2159
INFO: [VRFC 10-311] analyzing module chaos_cryptor_0_dsp48e1_wrapper__parameterized3_361
INFO: [VRFC 10-311] analyzing module chaos_cryptor_0_dsp48e1_wrapper__parameterized3_522
INFO: [VRFC 10-311] analyzing module chaos_cryptor_0_dsp48e1_wrapper__parameterized3_81
INFO: [VRFC 10-311] analyzing module chaos_cryptor_0_dsp48e1_wrapper__parameterized3_844
INFO: [VRFC 10-311] analyzing module chaos_cryptor_0_fix_mult
INFO: [VRFC 10-311] analyzing module chaos_cryptor_0_fix_mult_2254
INFO: [VRFC 10-311] analyzing module chaos_cryptor_0_fix_mult_2312
INFO: [VRFC 10-311] analyzing module chaos_cryptor_0_fix_mult_2370
INFO: [VRFC 10-311] analyzing module chaos_cryptor_0_fix_mult_2428
INFO: [VRFC 10-311] analyzing module chaos_cryptor_0_fix_mult_2486
INFO: [VRFC 10-311] analyzing module chaos_cryptor_0_fix_mult_2544
INFO: [VRFC 10-311] analyzing module chaos_cryptor_0_fix_mult_2602
INFO: [VRFC 10-311] analyzing module chaos_cryptor_0_fix_mult_2660
INFO: [VRFC 10-311] analyzing module chaos_cryptor_0_fix_mult_2718
INFO: [VRFC 10-311] analyzing module chaos_cryptor_0_fix_mult_2776
INFO: [VRFC 10-311] analyzing module chaos_cryptor_0_fix_mult_2834
INFO: [VRFC 10-311] analyzing module chaos_cryptor_0_fix_mult_2892
INFO: [VRFC 10-311] analyzing module chaos_cryptor_0_fix_mult_456
INFO: [VRFC 10-311] analyzing module chaos_cryptor_0_fix_mult_939
INFO: [VRFC 10-311] analyzing module chaos_cryptor_0_fix_mult_dsp48e1_sgl
INFO: [VRFC 10-311] analyzing module chaos_cryptor_0_fix_mult_dsp48e1_sgl_2269
INFO: [VRFC 10-311] analyzing module chaos_cryptor_0_fix_mult_dsp48e1_sgl_2327
INFO: [VRFC 10-311] analyzing module chaos_cryptor_0_fix_mult_dsp48e1_sgl_2385
INFO: [VRFC 10-311] analyzing module chaos_cryptor_0_fix_mult_dsp48e1_sgl_2443
INFO: [VRFC 10-311] analyzing module chaos_cryptor_0_fix_mult_dsp48e1_sgl_2501
INFO: [VRFC 10-311] analyzing module chaos_cryptor_0_fix_mult_dsp48e1_sgl_2559
INFO: [VRFC 10-311] analyzing module chaos_cryptor_0_fix_mult_dsp48e1_sgl_2617
INFO: [VRFC 10-311] analyzing module chaos_cryptor_0_fix_mult_dsp48e1_sgl_2675
INFO: [VRFC 10-311] analyzing module chaos_cryptor_0_fix_mult_dsp48e1_sgl_2733
INFO: [VRFC 10-311] analyzing module chaos_cryptor_0_fix_mult_dsp48e1_sgl_2791
INFO: [VRFC 10-311] analyzing module chaos_cryptor_0_fix_mult_dsp48e1_sgl_2849
INFO: [VRFC 10-311] analyzing module chaos_cryptor_0_fix_mult_dsp48e1_sgl_2907
INFO: [VRFC 10-311] analyzing module chaos_cryptor_0_fix_mult_dsp48e1_sgl_471
INFO: [VRFC 10-311] analyzing module chaos_cryptor_0_fix_mult_dsp48e1_sgl_954
INFO: [VRFC 10-311] analyzing module chaos_cryptor_0_floating_point_v7_1_16_viv
INFO: [VRFC 10-311] analyzing module chaos_cryptor_0_floating_point_v7_1_16_viv__10
INFO: [VRFC 10-311] analyzing module chaos_cryptor_0_floating_point_v7_1_16_viv__11
INFO: [VRFC 10-311] analyzing module chaos_cryptor_0_floating_point_v7_1_16_viv__12
INFO: [VRFC 10-311] analyzing module chaos_cryptor_0_floating_point_v7_1_16_viv__13
INFO: [VRFC 10-311] analyzing module chaos_cryptor_0_floating_point_v7_1_16_viv__14
INFO: [VRFC 10-311] analyzing module chaos_cryptor_0_floating_point_v7_1_16_viv__15
INFO: [VRFC 10-311] analyzing module chaos_cryptor_0_floating_point_v7_1_16_viv__16
INFO: [VRFC 10-311] analyzing module chaos_cryptor_0_floating_point_v7_1_16_viv__3
INFO: [VRFC 10-311] analyzing module chaos_cryptor_0_floating_point_v7_1_16_viv__4
INFO: [VRFC 10-311] analyzing module chaos_cryptor_0_floating_point_v7_1_16_viv__5
INFO: [VRFC 10-311] analyzing module chaos_cryptor_0_floating_point_v7_1_16_viv__6
INFO: [VRFC 10-311] analyzing module chaos_cryptor_0_floating_point_v7_1_16_viv__7
INFO: [VRFC 10-311] analyzing module chaos_cryptor_0_floating_point_v7_1_16_viv__8
INFO: [VRFC 10-311] analyzing module chaos_cryptor_0_floating_point_v7_1_16_viv__9
INFO: [VRFC 10-311] analyzing module chaos_cryptor_0_floating_point_v7_1_16_viv__parameterized1
INFO: [VRFC 10-311] analyzing module chaos_cryptor_0_floating_point_v7_1_16_viv__parameterized1__3
INFO: [VRFC 10-311] analyzing module chaos_cryptor_0_floating_point_v7_1_16_viv__parameterized1__4
INFO: [VRFC 10-311] analyzing module chaos_cryptor_0_floating_point_v7_1_16_viv__parameterized3
INFO: [VRFC 10-311] analyzing module chaos_cryptor_0_floating_point_v7_1_16_viv__parameterized3__10
INFO: [VRFC 10-311] analyzing module chaos_cryptor_0_floating_point_v7_1_16_viv__parameterized3__11
INFO: [VRFC 10-311] analyzing module chaos_cryptor_0_floating_point_v7_1_16_viv__parameterized3__12
INFO: [VRFC 10-311] analyzing module chaos_cryptor_0_floating_point_v7_1_16_viv__parameterized3__13
INFO: [VRFC 10-311] analyzing module chaos_cryptor_0_floating_point_v7_1_16_viv__parameterized3__14
INFO: [VRFC 10-311] analyzing module chaos_cryptor_0_floating_point_v7_1_16_viv__parameterized3__15
INFO: [VRFC 10-311] analyzing module chaos_cryptor_0_floating_point_v7_1_16_viv__parameterized3__16
INFO: [VRFC 10-311] analyzing module chaos_cryptor_0_floating_point_v7_1_16_viv__parameterized3__3
INFO: [VRFC 10-311] analyzing module chaos_cryptor_0_floating_point_v7_1_16_viv__parameterized3__4
INFO: [VRFC 10-311] analyzing module chaos_cryptor_0_floating_point_v7_1_16_viv__parameterized3__5
INFO: [VRFC 10-311] analyzing module chaos_cryptor_0_floating_point_v7_1_16_viv__parameterized3__6
INFO: [VRFC 10-311] analyzing module chaos_cryptor_0_floating_point_v7_1_16_viv__parameterized3__7
INFO: [VRFC 10-311] analyzing module chaos_cryptor_0_floating_point_v7_1_16_viv__parameterized3__8
INFO: [VRFC 10-311] analyzing module chaos_cryptor_0_floating_point_v7_1_16_viv__parameterized3__9
INFO: [VRFC 10-311] analyzing module chaos_cryptor_0_flt_add
INFO: [VRFC 10-311] analyzing module chaos_cryptor_0_flt_add_1315
INFO: [VRFC 10-311] analyzing module chaos_cryptor_0_flt_add_1419
INFO: [VRFC 10-311] analyzing module chaos_cryptor_0_flt_add_1523
INFO: [VRFC 10-311] analyzing module chaos_cryptor_0_flt_add_1627
INFO: [VRFC 10-311] analyzing module chaos_cryptor_0_flt_add_1731
INFO: [VRFC 10-311] analyzing module chaos_cryptor_0_flt_add_1835
INFO: [VRFC 10-311] analyzing module chaos_cryptor_0_flt_add_1939
INFO: [VRFC 10-311] analyzing module chaos_cryptor_0_flt_add_2043
INFO: [VRFC 10-311] analyzing module chaos_cryptor_0_flt_add_2147
INFO: [VRFC 10-311] analyzing module chaos_cryptor_0_flt_add_349
INFO: [VRFC 10-311] analyzing module chaos_cryptor_0_flt_add_511
INFO: [VRFC 10-311] analyzing module chaos_cryptor_0_flt_add_70
INFO: [VRFC 10-311] analyzing module chaos_cryptor_0_flt_add_832
INFO: [VRFC 10-311] analyzing module chaos_cryptor_0_flt_add_994
INFO: [VRFC 10-311] analyzing module chaos_cryptor_0_flt_add_dsp
INFO: [VRFC 10-311] analyzing module chaos_cryptor_0_flt_add_dsp_1317
INFO: [VRFC 10-311] analyzing module chaos_cryptor_0_flt_add_dsp_1421
INFO: [VRFC 10-311] analyzing module chaos_cryptor_0_flt_add_dsp_1525
INFO: [VRFC 10-311] analyzing module chaos_cryptor_0_flt_add_dsp_1629
INFO: [VRFC 10-311] analyzing module chaos_cryptor_0_flt_add_dsp_1733
INFO: [VRFC 10-311] analyzing module chaos_cryptor_0_flt_add_dsp_1837
INFO: [VRFC 10-311] analyzing module chaos_cryptor_0_flt_add_dsp_1941
INFO: [VRFC 10-311] analyzing module chaos_cryptor_0_flt_add_dsp_2045
INFO: [VRFC 10-311] analyzing module chaos_cryptor_0_flt_add_dsp_2149
INFO: [VRFC 10-311] analyzing module chaos_cryptor_0_flt_add_dsp_351
INFO: [VRFC 10-311] analyzing module chaos_cryptor_0_flt_add_dsp_513
INFO: [VRFC 10-311] analyzing module chaos_cryptor_0_flt_add_dsp_72
INFO: [VRFC 10-311] analyzing module chaos_cryptor_0_flt_add_dsp_834
INFO: [VRFC 10-311] analyzing module chaos_cryptor_0_flt_add_dsp_996
INFO: [VRFC 10-311] analyzing module chaos_cryptor_0_flt_add_exp_sp
INFO: [VRFC 10-311] analyzing module chaos_cryptor_0_flt_add_exp_sp_1321
INFO: [VRFC 10-311] analyzing module chaos_cryptor_0_flt_add_exp_sp_1425
INFO: [VRFC 10-311] analyzing module chaos_cryptor_0_flt_add_exp_sp_1529
INFO: [VRFC 10-311] analyzing module chaos_cryptor_0_flt_add_exp_sp_1633
INFO: [VRFC 10-311] analyzing module chaos_cryptor_0_flt_add_exp_sp_1737
INFO: [VRFC 10-311] analyzing module chaos_cryptor_0_flt_add_exp_sp_1841
INFO: [VRFC 10-311] analyzing module chaos_cryptor_0_flt_add_exp_sp_1945
INFO: [VRFC 10-311] analyzing module chaos_cryptor_0_flt_add_exp_sp_2049
INFO: [VRFC 10-311] analyzing module chaos_cryptor_0_flt_add_exp_sp_2153
INFO: [VRFC 10-311] analyzing module chaos_cryptor_0_flt_add_exp_sp_355
INFO: [VRFC 10-311] analyzing module chaos_cryptor_0_flt_add_exp_sp_516
INFO: [VRFC 10-311] analyzing module chaos_cryptor_0_flt_add_exp_sp_75
INFO: [VRFC 10-311] analyzing module chaos_cryptor_0_flt_add_exp_sp_838
INFO: [VRFC 10-311] analyzing module chaos_cryptor_0_flt_add_exp_sp_999
INFO: [VRFC 10-311] analyzing module chaos_cryptor_0_flt_dec_op
INFO: [VRFC 10-311] analyzing module chaos_cryptor_0_flt_dec_op_1001
INFO: [VRFC 10-311] analyzing module chaos_cryptor_0_flt_dec_op_1323
INFO: [VRFC 10-311] analyzing module chaos_cryptor_0_flt_dec_op_1427
INFO: [VRFC 10-311] analyzing module chaos_cryptor_0_flt_dec_op_1531
INFO: [VRFC 10-311] analyzing module chaos_cryptor_0_flt_dec_op_1635
INFO: [VRFC 10-311] analyzing module chaos_cryptor_0_flt_dec_op_1739
INFO: [VRFC 10-311] analyzing module chaos_cryptor_0_flt_dec_op_1843
INFO: [VRFC 10-311] analyzing module chaos_cryptor_0_flt_dec_op_1947
INFO: [VRFC 10-311] analyzing module chaos_cryptor_0_flt_dec_op_2051
INFO: [VRFC 10-311] analyzing module chaos_cryptor_0_flt_dec_op_2155
INFO: [VRFC 10-311] analyzing module chaos_cryptor_0_flt_dec_op_357
INFO: [VRFC 10-311] analyzing module chaos_cryptor_0_flt_dec_op_518
INFO: [VRFC 10-311] analyzing module chaos_cryptor_0_flt_dec_op_77
INFO: [VRFC 10-311] analyzing module chaos_cryptor_0_flt_dec_op_840
INFO: [VRFC 10-311] analyzing module chaos_cryptor_0_flt_dec_op_lat
INFO: [VRFC 10-311] analyzing module chaos_cryptor_0_flt_dec_op_lat_2255
INFO: [VRFC 10-311] analyzing module chaos_cryptor_0_flt_dec_op_lat_2313
INFO: [VRFC 10-311] analyzing module chaos_cryptor_0_flt_dec_op_lat_2371
INFO: [VRFC 10-311] analyzing module chaos_cryptor_0_flt_dec_op_lat_2429
INFO: [VRFC 10-311] analyzing module chaos_cryptor_0_flt_dec_op_lat_2487
INFO: [VRFC 10-311] analyzing module chaos_cryptor_0_flt_dec_op_lat_2545
INFO: [VRFC 10-311] analyzing module chaos_cryptor_0_flt_dec_op_lat_2603
INFO: [VRFC 10-311] analyzing module chaos_cryptor_0_flt_dec_op_lat_2661
INFO: [VRFC 10-311] analyzing module chaos_cryptor_0_flt_dec_op_lat_2719
INFO: [VRFC 10-311] analyzing module chaos_cryptor_0_flt_dec_op_lat_2777
INFO: [VRFC 10-311] analyzing module chaos_cryptor_0_flt_dec_op_lat_2835
INFO: [VRFC 10-311] analyzing module chaos_cryptor_0_flt_dec_op_lat_2893
INFO: [VRFC 10-311] analyzing module chaos_cryptor_0_flt_dec_op_lat_457
INFO: [VRFC 10-311] analyzing module chaos_cryptor_0_flt_dec_op_lat_940
INFO: [VRFC 10-311] analyzing module chaos_cryptor_0_flt_dec_op_lat__parameterized0
INFO: [VRFC 10-311] analyzing module chaos_cryptor_0_flt_dec_op_lat__parameterized0_1096
INFO: [VRFC 10-311] analyzing module chaos_cryptor_0_flt_dec_op_lat__parameterized0_613
INFO: [VRFC 10-311] analyzing module chaos_cryptor_0_flt_div
INFO: [VRFC 10-311] analyzing module chaos_cryptor_0_flt_div_1092
INFO: [VRFC 10-311] analyzing module chaos_cryptor_0_flt_div_609
INFO: [VRFC 10-311] analyzing module chaos_cryptor_0_flt_div_exp
INFO: [VRFC 10-311] analyzing module chaos_cryptor_0_flt_div_exp_1094
INFO: [VRFC 10-311] analyzing module chaos_cryptor_0_flt_div_exp_611
INFO: [VRFC 10-311] analyzing module chaos_cryptor_0_flt_div_mant
INFO: [VRFC 10-311] analyzing module chaos_cryptor_0_flt_div_mant_1095
INFO: [VRFC 10-311] analyzing module chaos_cryptor_0_flt_div_mant_612
INFO: [VRFC 10-311] analyzing module chaos_cryptor_0_flt_div_mant_addsub
INFO: [VRFC 10-311] analyzing module chaos_cryptor_0_flt_div_mant_addsub_1111
INFO: [VRFC 10-311] analyzing module chaos_cryptor_0_flt_div_mant_addsub_1113
INFO: [VRFC 10-311] analyzing module chaos_cryptor_0_flt_div_mant_addsub_1115
INFO: [VRFC 10-311] analyzing module chaos_cryptor_0_flt_div_mant_addsub_1117
INFO: [VRFC 10-311] analyzing module chaos_cryptor_0_flt_div_mant_addsub_1119
INFO: [VRFC 10-311] analyzing module chaos_cryptor_0_flt_div_mant_addsub_1121
INFO: [VRFC 10-311] analyzing module chaos_cryptor_0_flt_div_mant_addsub_1123
INFO: [VRFC 10-311] analyzing module chaos_cryptor_0_flt_div_mant_addsub_1125
INFO: [VRFC 10-311] analyzing module chaos_cryptor_0_flt_div_mant_addsub_1127
INFO: [VRFC 10-311] analyzing module chaos_cryptor_0_flt_div_mant_addsub_1129
INFO: [VRFC 10-311] analyzing module chaos_cryptor_0_flt_div_mant_addsub_1131
INFO: [VRFC 10-311] analyzing module chaos_cryptor_0_flt_div_mant_addsub_1133
INFO: [VRFC 10-311] analyzing module chaos_cryptor_0_flt_div_mant_addsub_1136
INFO: [VRFC 10-311] analyzing module chaos_cryptor_0_flt_div_mant_addsub_1138
INFO: [VRFC 10-311] analyzing module chaos_cryptor_0_flt_div_mant_addsub_1140
INFO: [VRFC 10-311] analyzing module chaos_cryptor_0_flt_div_mant_addsub_1142
INFO: [VRFC 10-311] analyzing module chaos_cryptor_0_flt_div_mant_addsub_1144
INFO: [VRFC 10-311] analyzing module chaos_cryptor_0_flt_div_mant_addsub_1147
INFO: [VRFC 10-311] analyzing module chaos_cryptor_0_flt_div_mant_addsub_1149
INFO: [VRFC 10-311] analyzing module chaos_cryptor_0_flt_div_mant_addsub_1152
INFO: [VRFC 10-311] analyzing module chaos_cryptor_0_flt_div_mant_addsub_1154
INFO: [VRFC 10-311] analyzing module chaos_cryptor_0_flt_div_mant_addsub_1156
INFO: [VRFC 10-311] analyzing module chaos_cryptor_0_flt_div_mant_addsub_1158
INFO: [VRFC 10-311] analyzing module chaos_cryptor_0_flt_div_mant_addsub_1160
INFO: [VRFC 10-311] analyzing module chaos_cryptor_0_flt_div_mant_addsub_1162
INFO: [VRFC 10-311] analyzing module chaos_cryptor_0_flt_div_mant_addsub_1164
INFO: [VRFC 10-311] analyzing module chaos_cryptor_0_flt_div_mant_addsub_175
INFO: [VRFC 10-311] analyzing module chaos_cryptor_0_flt_div_mant_addsub_177
INFO: [VRFC 10-311] analyzing module chaos_cryptor_0_flt_div_mant_addsub_179
INFO: [VRFC 10-311] analyzing module chaos_cryptor_0_flt_div_mant_addsub_181
INFO: [VRFC 10-311] analyzing module chaos_cryptor_0_flt_div_mant_addsub_183
INFO: [VRFC 10-311] analyzing module chaos_cryptor_0_flt_div_mant_addsub_185
INFO: [VRFC 10-311] analyzing module chaos_cryptor_0_flt_div_mant_addsub_187
INFO: [VRFC 10-311] analyzing module chaos_cryptor_0_flt_div_mant_addsub_189
INFO: [VRFC 10-311] analyzing module chaos_cryptor_0_flt_div_mant_addsub_191
INFO: [VRFC 10-311] analyzing module chaos_cryptor_0_flt_div_mant_addsub_193
INFO: [VRFC 10-311] analyzing module chaos_cryptor_0_flt_div_mant_addsub_195
INFO: [VRFC 10-311] analyzing module chaos_cryptor_0_flt_div_mant_addsub_197
INFO: [VRFC 10-311] analyzing module chaos_cryptor_0_flt_div_mant_addsub_199
INFO: [VRFC 10-311] analyzing module chaos_cryptor_0_flt_div_mant_addsub_201
INFO: [VRFC 10-311] analyzing module chaos_cryptor_0_flt_div_mant_addsub_203
INFO: [VRFC 10-311] analyzing module chaos_cryptor_0_flt_div_mant_addsub_205
INFO: [VRFC 10-311] analyzing module chaos_cryptor_0_flt_div_mant_addsub_208
INFO: [VRFC 10-311] analyzing module chaos_cryptor_0_flt_div_mant_addsub_210
INFO: [VRFC 10-311] analyzing module chaos_cryptor_0_flt_div_mant_addsub_213
INFO: [VRFC 10-311] analyzing module chaos_cryptor_0_flt_div_mant_addsub_215
INFO: [VRFC 10-311] analyzing module chaos_cryptor_0_flt_div_mant_addsub_217
INFO: [VRFC 10-311] analyzing module chaos_cryptor_0_flt_div_mant_addsub_219
INFO: [VRFC 10-311] analyzing module chaos_cryptor_0_flt_div_mant_addsub_221
INFO: [VRFC 10-311] analyzing module chaos_cryptor_0_flt_div_mant_addsub_223
INFO: [VRFC 10-311] analyzing module chaos_cryptor_0_flt_div_mant_addsub_225
INFO: [VRFC 10-311] analyzing module chaos_cryptor_0_flt_div_mant_addsub_628
INFO: [VRFC 10-311] analyzing module chaos_cryptor_0_flt_div_mant_addsub_630
INFO: [VRFC 10-311] analyzing module chaos_cryptor_0_flt_div_mant_addsub_632
INFO: [VRFC 10-311] analyzing module chaos_cryptor_0_flt_div_mant_addsub_634
INFO: [VRFC 10-311] analyzing module chaos_cryptor_0_flt_div_mant_addsub_636
INFO: [VRFC 10-311] analyzing module chaos_cryptor_0_flt_div_mant_addsub_638
INFO: [VRFC 10-311] analyzing module chaos_cryptor_0_flt_div_mant_addsub_640
INFO: [VRFC 10-311] analyzing module chaos_cryptor_0_flt_div_mant_addsub_642
INFO: [VRFC 10-311] analyzing module chaos_cryptor_0_flt_div_mant_addsub_644
INFO: [VRFC 10-311] analyzing module chaos_cryptor_0_flt_div_mant_addsub_646
INFO: [VRFC 10-311] analyzing module chaos_cryptor_0_flt_div_mant_addsub_648
INFO: [VRFC 10-311] analyzing module chaos_cryptor_0_flt_div_mant_addsub_650
INFO: [VRFC 10-311] analyzing module chaos_cryptor_0_flt_div_mant_addsub_653
INFO: [VRFC 10-311] analyzing module chaos_cryptor_0_flt_div_mant_addsub_655
INFO: [VRFC 10-311] analyzing module chaos_cryptor_0_flt_div_mant_addsub_657
INFO: [VRFC 10-311] analyzing module chaos_cryptor_0_flt_div_mant_addsub_659
INFO: [VRFC 10-311] analyzing module chaos_cryptor_0_flt_div_mant_addsub_661
INFO: [VRFC 10-311] analyzing module chaos_cryptor_0_flt_div_mant_addsub_664
INFO: [VRFC 10-311] analyzing module chaos_cryptor_0_flt_div_mant_addsub_666
INFO: [VRFC 10-311] analyzing module chaos_cryptor_0_flt_div_mant_addsub_669
INFO: [VRFC 10-311] analyzing module chaos_cryptor_0_flt_div_mant_addsub_671
INFO: [VRFC 10-311] analyzing module chaos_cryptor_0_flt_div_mant_addsub_673
INFO: [VRFC 10-311] analyzing module chaos_cryptor_0_flt_div_mant_addsub_675
INFO: [VRFC 10-311] analyzing module chaos_cryptor_0_flt_div_mant_addsub_677
INFO: [VRFC 10-311] analyzing module chaos_cryptor_0_flt_div_mant_addsub_679
INFO: [VRFC 10-311] analyzing module chaos_cryptor_0_flt_div_mant_addsub_681
INFO: [VRFC 10-311] analyzing module chaos_cryptor_0_flt_mult
INFO: [VRFC 10-311] analyzing module chaos_cryptor_0_flt_mult_2251
INFO: [VRFC 10-311] analyzing module chaos_cryptor_0_flt_mult_2309
INFO: [VRFC 10-311] analyzing module chaos_cryptor_0_flt_mult_2367
INFO: [VRFC 10-311] analyzing module chaos_cryptor_0_flt_mult_2425
INFO: [VRFC 10-311] analyzing module chaos_cryptor_0_flt_mult_2483
INFO: [VRFC 10-311] analyzing module chaos_cryptor_0_flt_mult_2541
INFO: [VRFC 10-311] analyzing module chaos_cryptor_0_flt_mult_2599
INFO: [VRFC 10-311] analyzing module chaos_cryptor_0_flt_mult_2657
INFO: [VRFC 10-311] analyzing module chaos_cryptor_0_flt_mult_2715
INFO: [VRFC 10-311] analyzing module chaos_cryptor_0_flt_mult_2773
INFO: [VRFC 10-311] analyzing module chaos_cryptor_0_flt_mult_2831
INFO: [VRFC 10-311] analyzing module chaos_cryptor_0_flt_mult_2889
INFO: [VRFC 10-311] analyzing module chaos_cryptor_0_flt_mult_453
INFO: [VRFC 10-311] analyzing module chaos_cryptor_0_flt_mult_936
INFO: [VRFC 10-311] analyzing module chaos_cryptor_0_flt_mult_exp
INFO: [VRFC 10-311] analyzing module chaos_cryptor_0_flt_mult_exp_2253
INFO: [VRFC 10-311] analyzing module chaos_cryptor_0_flt_mult_exp_2311
INFO: [VRFC 10-311] analyzing module chaos_cryptor_0_flt_mult_exp_2369
INFO: [VRFC 10-311] analyzing module chaos_cryptor_0_flt_mult_exp_2427
INFO: [VRFC 10-311] analyzing module chaos_cryptor_0_flt_mult_exp_2485
INFO: [VRFC 10-311] analyzing module chaos_cryptor_0_flt_mult_exp_2543
INFO: [VRFC 10-311] analyzing module chaos_cryptor_0_flt_mult_exp_2601
INFO: [VRFC 10-311] analyzing module chaos_cryptor_0_flt_mult_exp_2659
INFO: [VRFC 10-311] analyzing module chaos_cryptor_0_flt_mult_exp_2717
INFO: [VRFC 10-311] analyzing module chaos_cryptor_0_flt_mult_exp_2775
INFO: [VRFC 10-311] analyzing module chaos_cryptor_0_flt_mult_exp_2833
INFO: [VRFC 10-311] analyzing module chaos_cryptor_0_flt_mult_exp_2891
INFO: [VRFC 10-311] analyzing module chaos_cryptor_0_flt_mult_exp_455
INFO: [VRFC 10-311] analyzing module chaos_cryptor_0_flt_mult_exp_938
INFO: [VRFC 10-311] analyzing module chaos_cryptor_0_flt_mult_round
INFO: [VRFC 10-311] analyzing module chaos_cryptor_0_flt_mult_round_2256
INFO: [VRFC 10-311] analyzing module chaos_cryptor_0_flt_mult_round_2314
INFO: [VRFC 10-311] analyzing module chaos_cryptor_0_flt_mult_round_2372
INFO: [VRFC 10-311] analyzing module chaos_cryptor_0_flt_mult_round_2430
INFO: [VRFC 10-311] analyzing module chaos_cryptor_0_flt_mult_round_2488
INFO: [VRFC 10-311] analyzing module chaos_cryptor_0_flt_mult_round_2546
INFO: [VRFC 10-311] analyzing module chaos_cryptor_0_flt_mult_round_2604
INFO: [VRFC 10-311] analyzing module chaos_cryptor_0_flt_mult_round_2662
INFO: [VRFC 10-311] analyzing module chaos_cryptor_0_flt_mult_round_2720
INFO: [VRFC 10-311] analyzing module chaos_cryptor_0_flt_mult_round_2778
INFO: [VRFC 10-311] analyzing module chaos_cryptor_0_flt_mult_round_2836
INFO: [VRFC 10-311] analyzing module chaos_cryptor_0_flt_mult_round_2894
INFO: [VRFC 10-311] analyzing module chaos_cryptor_0_flt_mult_round_458
INFO: [VRFC 10-311] analyzing module chaos_cryptor_0_flt_mult_round_941
INFO: [VRFC 10-311] analyzing module chaos_cryptor_0_flt_round_bit
INFO: [VRFC 10-311] analyzing module chaos_cryptor_0_flt_round_bit_1103
INFO: [VRFC 10-311] analyzing module chaos_cryptor_0_flt_round_bit_620
INFO: [VRFC 10-311] analyzing module chaos_cryptor_0_flt_round_dsp_opt_full
INFO: [VRFC 10-311] analyzing module chaos_cryptor_0_flt_round_dsp_opt_full_2257
INFO: [VRFC 10-311] analyzing module chaos_cryptor_0_flt_round_dsp_opt_full_2315
INFO: [VRFC 10-311] analyzing module chaos_cryptor_0_flt_round_dsp_opt_full_2373
INFO: [VRFC 10-311] analyzing module chaos_cryptor_0_flt_round_dsp_opt_full_2431
INFO: [VRFC 10-311] analyzing module chaos_cryptor_0_flt_round_dsp_opt_full_2489
INFO: [VRFC 10-311] analyzing module chaos_cryptor_0_flt_round_dsp_opt_full_2547
INFO: [VRFC 10-311] analyzing module chaos_cryptor_0_flt_round_dsp_opt_full_2605
INFO: [VRFC 10-311] analyzing module chaos_cryptor_0_flt_round_dsp_opt_full_2663
INFO: [VRFC 10-311] analyzing module chaos_cryptor_0_flt_round_dsp_opt_full_2721
INFO: [VRFC 10-311] analyzing module chaos_cryptor_0_flt_round_dsp_opt_full_2779
INFO: [VRFC 10-311] analyzing module chaos_cryptor_0_flt_round_dsp_opt_full_2837
INFO: [VRFC 10-311] analyzing module chaos_cryptor_0_flt_round_dsp_opt_full_2895
INFO: [VRFC 10-311] analyzing module chaos_cryptor_0_flt_round_dsp_opt_full_459
INFO: [VRFC 10-311] analyzing module chaos_cryptor_0_flt_round_dsp_opt_full_942
INFO: [VRFC 10-311] analyzing module chaos_cryptor_0_lead_zero_encode_shift
INFO: [VRFC 10-311] analyzing module chaos_cryptor_0_lead_zero_encode_shift_1002
INFO: [VRFC 10-311] analyzing module chaos_cryptor_0_lead_zero_encode_shift_1324
INFO: [VRFC 10-311] analyzing module chaos_cryptor_0_lead_zero_encode_shift_1428
INFO: [VRFC 10-311] analyzing module chaos_cryptor_0_lead_zero_encode_shift_1532
INFO: [VRFC 10-311] analyzing module chaos_cryptor_0_lead_zero_encode_shift_1636
INFO: [VRFC 10-311] analyzing module chaos_cryptor_0_lead_zero_encode_shift_1740
INFO: [VRFC 10-311] analyzing module chaos_cryptor_0_lead_zero_encode_shift_1844
INFO: [VRFC 10-311] analyzing module chaos_cryptor_0_lead_zero_encode_shift_1948
INFO: [VRFC 10-311] analyzing module chaos_cryptor_0_lead_zero_encode_shift_2052
INFO: [VRFC 10-311] analyzing module chaos_cryptor_0_lead_zero_encode_shift_2156
INFO: [VRFC 10-311] analyzing module chaos_cryptor_0_lead_zero_encode_shift_358
INFO: [VRFC 10-311] analyzing module chaos_cryptor_0_lead_zero_encode_shift_519
INFO: [VRFC 10-311] analyzing module chaos_cryptor_0_lead_zero_encode_shift_78
INFO: [VRFC 10-311] analyzing module chaos_cryptor_0_lead_zero_encode_shift_841
INFO: [VRFC 10-311] analyzing module chaos_cryptor_0_norm_and_round_dsp48e1_sgl
INFO: [VRFC 10-311] analyzing module chaos_cryptor_0_norm_and_round_dsp48e1_sgl_1000
INFO: [VRFC 10-311] analyzing module chaos_cryptor_0_norm_and_round_dsp48e1_sgl_1322
INFO: [VRFC 10-311] analyzing module chaos_cryptor_0_norm_and_round_dsp48e1_sgl_1426
INFO: [VRFC 10-311] analyzing module chaos_cryptor_0_norm_and_round_dsp48e1_sgl_1530
INFO: [VRFC 10-311] analyzing module chaos_cryptor_0_norm_and_round_dsp48e1_sgl_1634
INFO: [VRFC 10-311] analyzing module chaos_cryptor_0_norm_and_round_dsp48e1_sgl_1738
INFO: [VRFC 10-311] analyzing module chaos_cryptor_0_norm_and_round_dsp48e1_sgl_1842
INFO: [VRFC 10-311] analyzing module chaos_cryptor_0_norm_and_round_dsp48e1_sgl_1946
INFO: [VRFC 10-311] analyzing module chaos_cryptor_0_norm_and_round_dsp48e1_sgl_2050
INFO: [VRFC 10-311] analyzing module chaos_cryptor_0_norm_and_round_dsp48e1_sgl_2154
INFO: [VRFC 10-311] analyzing module chaos_cryptor_0_norm_and_round_dsp48e1_sgl_356
INFO: [VRFC 10-311] analyzing module chaos_cryptor_0_norm_and_round_dsp48e1_sgl_517
INFO: [VRFC 10-311] analyzing module chaos_cryptor_0_norm_and_round_dsp48e1_sgl_76
INFO: [VRFC 10-311] analyzing module chaos_cryptor_0_norm_and_round_dsp48e1_sgl_839
INFO: [VRFC 10-311] analyzing module chaos_cryptor_0_renorm_and_round_logic
INFO: [VRFC 10-311] analyzing module chaos_cryptor_0_renorm_and_round_logic_1097
INFO: [VRFC 10-311] analyzing module chaos_cryptor_0_renorm_and_round_logic_614
INFO: [VRFC 10-311] analyzing module chaos_cryptor_0_special_detect
INFO: [VRFC 10-311] analyzing module chaos_cryptor_0_special_detect_102
INFO: [VRFC 10-311] analyzing module chaos_cryptor_0_special_detect_1026
INFO: [VRFC 10-311] analyzing module chaos_cryptor_0_special_detect_1027
INFO: [VRFC 10-311] analyzing module chaos_cryptor_0_special_detect_103
INFO: [VRFC 10-311] analyzing module chaos_cryptor_0_special_detect_1350
INFO: [VRFC 10-311] analyzing module chaos_cryptor_0_special_detect_1351
INFO: [VRFC 10-311] analyzing module chaos_cryptor_0_special_detect_1454
INFO: [VRFC 10-311] analyzing module chaos_cryptor_0_special_detect_1455
INFO: [VRFC 10-311] analyzing module chaos_cryptor_0_special_detect_1558
INFO: [VRFC 10-311] analyzing module chaos_cryptor_0_special_detect_1559
INFO: [VRFC 10-311] analyzing module chaos_cryptor_0_special_detect_1662
INFO: [VRFC 10-311] analyzing module chaos_cryptor_0_special_detect_1663
INFO: [VRFC 10-311] analyzing module chaos_cryptor_0_special_detect_1766
INFO: [VRFC 10-311] analyzing module chaos_cryptor_0_special_detect_1767
INFO: [VRFC 10-311] analyzing module chaos_cryptor_0_special_detect_1870
INFO: [VRFC 10-311] analyzing module chaos_cryptor_0_special_detect_1871
INFO: [VRFC 10-311] analyzing module chaos_cryptor_0_special_detect_1974
INFO: [VRFC 10-311] analyzing module chaos_cryptor_0_special_detect_1975
INFO: [VRFC 10-311] analyzing module chaos_cryptor_0_special_detect_2078
INFO: [VRFC 10-311] analyzing module chaos_cryptor_0_special_detect_2079
INFO: [VRFC 10-311] analyzing module chaos_cryptor_0_special_detect_2182
INFO: [VRFC 10-311] analyzing module chaos_cryptor_0_special_detect_2183
INFO: [VRFC 10-311] analyzing module chaos_cryptor_0_special_detect_2274
INFO: [VRFC 10-311] analyzing module chaos_cryptor_0_special_detect_2275
INFO: [VRFC 10-311] analyzing module chaos_cryptor_0_special_detect_2332
INFO: [VRFC 10-311] analyzing module chaos_cryptor_0_special_detect_2333
INFO: [VRFC 10-311] analyzing module chaos_cryptor_0_special_detect_2390
INFO: [VRFC 10-311] analyzing module chaos_cryptor_0_special_detect_2391
INFO: [VRFC 10-311] analyzing module chaos_cryptor_0_special_detect_2448
INFO: [VRFC 10-311] analyzing module chaos_cryptor_0_special_detect_2449
INFO: [VRFC 10-311] analyzing module chaos_cryptor_0_special_detect_2506
INFO: [VRFC 10-311] analyzing module chaos_cryptor_0_special_detect_2507
INFO: [VRFC 10-311] analyzing module chaos_cryptor_0_special_detect_2564
INFO: [VRFC 10-311] analyzing module chaos_cryptor_0_special_detect_2565
INFO: [VRFC 10-311] analyzing module chaos_cryptor_0_special_detect_2622
INFO: [VRFC 10-311] analyzing module chaos_cryptor_0_special_detect_2623
INFO: [VRFC 10-311] analyzing module chaos_cryptor_0_special_detect_2680
INFO: [VRFC 10-311] analyzing module chaos_cryptor_0_special_detect_2681
INFO: [VRFC 10-311] analyzing module chaos_cryptor_0_special_detect_2738
INFO: [VRFC 10-311] analyzing module chaos_cryptor_0_special_detect_2739
INFO: [VRFC 10-311] analyzing module chaos_cryptor_0_special_detect_2796
INFO: [VRFC 10-311] analyzing module chaos_cryptor_0_special_detect_2797
INFO: [VRFC 10-311] analyzing module chaos_cryptor_0_special_detect_2854
INFO: [VRFC 10-311] analyzing module chaos_cryptor_0_special_detect_2855
INFO: [VRFC 10-311] analyzing module chaos_cryptor_0_special_detect_2912
INFO: [VRFC 10-311] analyzing module chaos_cryptor_0_special_detect_2913
INFO: [VRFC 10-311] analyzing module chaos_cryptor_0_special_detect_384
INFO: [VRFC 10-311] analyzing module chaos_cryptor_0_special_detect_385
INFO: [VRFC 10-311] analyzing module chaos_cryptor_0_special_detect_476
INFO: [VRFC 10-311] analyzing module chaos_cryptor_0_special_detect_477
INFO: [VRFC 10-311] analyzing module chaos_cryptor_0_special_detect_50
INFO: [VRFC 10-311] analyzing module chaos_cryptor_0_special_detect_51
INFO: [VRFC 10-311] analyzing module chaos_cryptor_0_special_detect_543
INFO: [VRFC 10-311] analyzing module chaos_cryptor_0_special_detect_544
INFO: [VRFC 10-311] analyzing module chaos_cryptor_0_special_detect_6
INFO: [VRFC 10-311] analyzing module chaos_cryptor_0_special_detect_867
INFO: [VRFC 10-311] analyzing module chaos_cryptor_0_special_detect_868
INFO: [VRFC 10-311] analyzing module chaos_cryptor_0_special_detect_959
INFO: [VRFC 10-311] analyzing module chaos_cryptor_0_special_detect_960
INFO: [VRFC 10-311] analyzing module chaos_cryptor_0_special_detect__parameterized0
INFO: [VRFC 10-311] analyzing module chaos_cryptor_0_special_detect__parameterized0_1273
INFO: [VRFC 10-311] analyzing module chaos_cryptor_0_special_detect__parameterized0_1274
INFO: [VRFC 10-311] analyzing module chaos_cryptor_0_special_detect__parameterized0_330
INFO: [VRFC 10-311] analyzing module chaos_cryptor_0_special_detect__parameterized0_790
INFO: [VRFC 10-311] analyzing module chaos_cryptor_0_special_detect__parameterized0_791
INFO: [VRFC 10-311] analyzing module chaos_cryptor_0_xbip_pipe_v3_0_7_viv
INFO: [VRFC 10-311] analyzing module chaos_cryptor_0_xbip_pipe_v3_0_7_viv_2252
INFO: [VRFC 10-311] analyzing module chaos_cryptor_0_xbip_pipe_v3_0_7_viv_2310
INFO: [VRFC 10-311] analyzing module chaos_cryptor_0_xbip_pipe_v3_0_7_viv_2368
INFO: [VRFC 10-311] analyzing module chaos_cryptor_0_xbip_pipe_v3_0_7_viv_2426
INFO: [VRFC 10-311] analyzing module chaos_cryptor_0_xbip_pipe_v3_0_7_viv_2484
INFO: [VRFC 10-311] analyzing module chaos_cryptor_0_xbip_pipe_v3_0_7_viv_2542
INFO: [VRFC 10-311] analyzing module chaos_cryptor_0_xbip_pipe_v3_0_7_viv_2600
INFO: [VRFC 10-311] analyzing module chaos_cryptor_0_xbip_pipe_v3_0_7_viv_2658
INFO: [VRFC 10-311] analyzing module chaos_cryptor_0_xbip_pipe_v3_0_7_viv_2716
INFO: [VRFC 10-311] analyzing module chaos_cryptor_0_xbip_pipe_v3_0_7_viv_2774
INFO: [VRFC 10-311] analyzing module chaos_cryptor_0_xbip_pipe_v3_0_7_viv_2832
INFO: [VRFC 10-311] analyzing module chaos_cryptor_0_xbip_pipe_v3_0_7_viv_2890
INFO: [VRFC 10-311] analyzing module chaos_cryptor_0_xbip_pipe_v3_0_7_viv_454
INFO: [VRFC 10-311] analyzing module chaos_cryptor_0_xbip_pipe_v3_0_7_viv_937
INFO: [VRFC 10-311] analyzing module chaos_cryptor_0_xbip_pipe_v3_0_7_viv__parameterized100
INFO: [VRFC 10-311] analyzing module chaos_cryptor_0_xbip_pipe_v3_0_7_viv__parameterized100_1106
INFO: [VRFC 10-311] analyzing module chaos_cryptor_0_xbip_pipe_v3_0_7_viv__parameterized100_1108
INFO: [VRFC 10-311] analyzing module chaos_cryptor_0_xbip_pipe_v3_0_7_viv__parameterized100_171
INFO: [VRFC 10-311] analyzing module chaos_cryptor_0_xbip_pipe_v3_0_7_viv__parameterized100_623
INFO: [VRFC 10-311] analyzing module chaos_cryptor_0_xbip_pipe_v3_0_7_viv__parameterized100_625
INFO: [VRFC 10-311] analyzing module chaos_cryptor_0_xbip_pipe_v3_0_7_viv__parameterized103
INFO: [VRFC 10-311] analyzing module chaos_cryptor_0_xbip_pipe_v3_0_7_viv__parameterized103_1316
INFO: [VRFC 10-311] analyzing module chaos_cryptor_0_xbip_pipe_v3_0_7_viv__parameterized103_1420
INFO: [VRFC 10-311] analyzing module chaos_cryptor_0_xbip_pipe_v3_0_7_viv__parameterized103_1524
INFO: [VRFC 10-311] analyzing module chaos_cryptor_0_xbip_pipe_v3_0_7_viv__parameterized103_1628
INFO: [VRFC 10-311] analyzing module chaos_cryptor_0_xbip_pipe_v3_0_7_viv__parameterized103_1732
INFO: [VRFC 10-311] analyzing module chaos_cryptor_0_xbip_pipe_v3_0_7_viv__parameterized103_1836
INFO: [VRFC 10-311] analyzing module chaos_cryptor_0_xbip_pipe_v3_0_7_viv__parameterized103_1940
INFO: [VRFC 10-311] analyzing module chaos_cryptor_0_xbip_pipe_v3_0_7_viv__parameterized103_2044
INFO: [VRFC 10-311] analyzing module chaos_cryptor_0_xbip_pipe_v3_0_7_viv__parameterized103_2148
INFO: [VRFC 10-311] analyzing module chaos_cryptor_0_xbip_pipe_v3_0_7_viv__parameterized103_350
INFO: [VRFC 10-311] analyzing module chaos_cryptor_0_xbip_pipe_v3_0_7_viv__parameterized103_512
INFO: [VRFC 10-311] analyzing module chaos_cryptor_0_xbip_pipe_v3_0_7_viv__parameterized103_71
INFO: [VRFC 10-311] analyzing module chaos_cryptor_0_xbip_pipe_v3_0_7_viv__parameterized103_833
INFO: [VRFC 10-311] analyzing module chaos_cryptor_0_xbip_pipe_v3_0_7_viv__parameterized103_995
INFO: [VRFC 10-311] analyzing module chaos_cryptor_0_xbip_pipe_v3_0_7_viv__parameterized105
INFO: [VRFC 10-311] analyzing module chaos_cryptor_0_xbip_pipe_v3_0_7_viv__parameterized105_1089
INFO: [VRFC 10-311] analyzing module chaos_cryptor_0_xbip_pipe_v3_0_7_viv__parameterized105_1415
INFO: [VRFC 10-311] analyzing module chaos_cryptor_0_xbip_pipe_v3_0_7_viv__parameterized105_1519
INFO: [VRFC 10-311] analyzing module chaos_cryptor_0_xbip_pipe_v3_0_7_viv__parameterized105_1623
INFO: [VRFC 10-311] analyzing module chaos_cryptor_0_xbip_pipe_v3_0_7_viv__parameterized105_165
INFO: [VRFC 10-311] analyzing module chaos_cryptor_0_xbip_pipe_v3_0_7_viv__parameterized105_1727
INFO: [VRFC 10-311] analyzing module chaos_cryptor_0_xbip_pipe_v3_0_7_viv__parameterized105_1831
INFO: [VRFC 10-311] analyzing module chaos_cryptor_0_xbip_pipe_v3_0_7_viv__parameterized105_1935
INFO: [VRFC 10-311] analyzing module chaos_cryptor_0_xbip_pipe_v3_0_7_viv__parameterized105_2039
INFO: [VRFC 10-311] analyzing module chaos_cryptor_0_xbip_pipe_v3_0_7_viv__parameterized105_2143
INFO: [VRFC 10-311] analyzing module chaos_cryptor_0_xbip_pipe_v3_0_7_viv__parameterized105_2247
INFO: [VRFC 10-311] analyzing module chaos_cryptor_0_xbip_pipe_v3_0_7_viv__parameterized105_449
INFO: [VRFC 10-311] analyzing module chaos_cryptor_0_xbip_pipe_v3_0_7_viv__parameterized105_606
INFO: [VRFC 10-311] analyzing module chaos_cryptor_0_xbip_pipe_v3_0_7_viv__parameterized105_932
INFO: [VRFC 10-311] analyzing module chaos_cryptor_0_xbip_pipe_v3_0_7_viv__parameterized107
INFO: [VRFC 10-311] analyzing module chaos_cryptor_0_xbip_pipe_v3_0_7_viv__parameterized107_1018
INFO: [VRFC 10-311] analyzing module chaos_cryptor_0_xbip_pipe_v3_0_7_viv__parameterized107_1088
INFO: [VRFC 10-311] analyzing module chaos_cryptor_0_xbip_pipe_v3_0_7_viv__parameterized107_1340
INFO: [VRFC 10-311] analyzing module chaos_cryptor_0_xbip_pipe_v3_0_7_viv__parameterized107_1414
INFO: [VRFC 10-311] analyzing module chaos_cryptor_0_xbip_pipe_v3_0_7_viv__parameterized107_1444
INFO: [VRFC 10-311] analyzing module chaos_cryptor_0_xbip_pipe_v3_0_7_viv__parameterized107_1518
INFO: [VRFC 10-311] analyzing module chaos_cryptor_0_xbip_pipe_v3_0_7_viv__parameterized107_1548
INFO: [VRFC 10-311] analyzing module chaos_cryptor_0_xbip_pipe_v3_0_7_viv__parameterized107_1622
INFO: [VRFC 10-311] analyzing module chaos_cryptor_0_xbip_pipe_v3_0_7_viv__parameterized107_164
INFO: [VRFC 10-311] analyzing module chaos_cryptor_0_xbip_pipe_v3_0_7_viv__parameterized107_1652
INFO: [VRFC 10-311] analyzing module chaos_cryptor_0_xbip_pipe_v3_0_7_viv__parameterized107_1726
INFO: [VRFC 10-311] analyzing module chaos_cryptor_0_xbip_pipe_v3_0_7_viv__parameterized107_1756
INFO: [VRFC 10-311] analyzing module chaos_cryptor_0_xbip_pipe_v3_0_7_viv__parameterized107_1830
INFO: [VRFC 10-311] analyzing module chaos_cryptor_0_xbip_pipe_v3_0_7_viv__parameterized107_1860
INFO: [VRFC 10-311] analyzing module chaos_cryptor_0_xbip_pipe_v3_0_7_viv__parameterized107_1934
INFO: [VRFC 10-311] analyzing module chaos_cryptor_0_xbip_pipe_v3_0_7_viv__parameterized107_1964
INFO: [VRFC 10-311] analyzing module chaos_cryptor_0_xbip_pipe_v3_0_7_viv__parameterized107_2038
INFO: [VRFC 10-311] analyzing module chaos_cryptor_0_xbip_pipe_v3_0_7_viv__parameterized107_2068
INFO: [VRFC 10-311] analyzing module chaos_cryptor_0_xbip_pipe_v3_0_7_viv__parameterized107_2142
INFO: [VRFC 10-311] analyzing module chaos_cryptor_0_xbip_pipe_v3_0_7_viv__parameterized107_2172
INFO: [VRFC 10-311] analyzing module chaos_cryptor_0_xbip_pipe_v3_0_7_viv__parameterized107_2246
INFO: [VRFC 10-311] analyzing module chaos_cryptor_0_xbip_pipe_v3_0_7_viv__parameterized107_37
INFO: [VRFC 10-311] analyzing module chaos_cryptor_0_xbip_pipe_v3_0_7_viv__parameterized107_374
INFO: [VRFC 10-311] analyzing module chaos_cryptor_0_xbip_pipe_v3_0_7_viv__parameterized107_448
INFO: [VRFC 10-311] analyzing module chaos_cryptor_0_xbip_pipe_v3_0_7_viv__parameterized107_535
INFO: [VRFC 10-311] analyzing module chaos_cryptor_0_xbip_pipe_v3_0_7_viv__parameterized107_605
INFO: [VRFC 10-311] analyzing module chaos_cryptor_0_xbip_pipe_v3_0_7_viv__parameterized107_857
INFO: [VRFC 10-311] analyzing module chaos_cryptor_0_xbip_pipe_v3_0_7_viv__parameterized107_931
INFO: [VRFC 10-311] analyzing module chaos_cryptor_0_xbip_pipe_v3_0_7_viv__parameterized107_94
INFO: [VRFC 10-311] analyzing module chaos_cryptor_0_xbip_pipe_v3_0_7_viv__parameterized113
INFO: [VRFC 10-311] analyzing module chaos_cryptor_0_xbip_pipe_v3_0_7_viv__parameterized113_1019
INFO: [VRFC 10-311] analyzing module chaos_cryptor_0_xbip_pipe_v3_0_7_viv__parameterized113_1341
INFO: [VRFC 10-311] analyzing module chaos_cryptor_0_xbip_pipe_v3_0_7_viv__parameterized113_1445
INFO: [VRFC 10-311] analyzing module chaos_cryptor_0_xbip_pipe_v3_0_7_viv__parameterized113_1549
INFO: [VRFC 10-311] analyzing module chaos_cryptor_0_xbip_pipe_v3_0_7_viv__parameterized113_1653
INFO: [VRFC 10-311] analyzing module chaos_cryptor_0_xbip_pipe_v3_0_7_viv__parameterized113_1757
INFO: [VRFC 10-311] analyzing module chaos_cryptor_0_xbip_pipe_v3_0_7_viv__parameterized113_1861
INFO: [VRFC 10-311] analyzing module chaos_cryptor_0_xbip_pipe_v3_0_7_viv__parameterized113_1965
INFO: [VRFC 10-311] analyzing module chaos_cryptor_0_xbip_pipe_v3_0_7_viv__parameterized113_2069
INFO: [VRFC 10-311] analyzing module chaos_cryptor_0_xbip_pipe_v3_0_7_viv__parameterized113_2173
INFO: [VRFC 10-311] analyzing module chaos_cryptor_0_xbip_pipe_v3_0_7_viv__parameterized113_375
INFO: [VRFC 10-311] analyzing module chaos_cryptor_0_xbip_pipe_v3_0_7_viv__parameterized113_536
INFO: [VRFC 10-311] analyzing module chaos_cryptor_0_xbip_pipe_v3_0_7_viv__parameterized113_858
INFO: [VRFC 10-311] analyzing module chaos_cryptor_0_xbip_pipe_v3_0_7_viv__parameterized113_95
INFO: [VRFC 10-311] analyzing module chaos_cryptor_0_xbip_pipe_v3_0_7_viv__parameterized115
INFO: [VRFC 10-311] analyzing module chaos_cryptor_0_xbip_pipe_v3_0_7_viv__parameterized115_1021
INFO: [VRFC 10-311] analyzing module chaos_cryptor_0_xbip_pipe_v3_0_7_viv__parameterized115_1343
INFO: [VRFC 10-311] analyzing module chaos_cryptor_0_xbip_pipe_v3_0_7_viv__parameterized115_1447
INFO: [VRFC 10-311] analyzing module chaos_cryptor_0_xbip_pipe_v3_0_7_viv__parameterized115_1551
INFO: [VRFC 10-311] analyzing module chaos_cryptor_0_xbip_pipe_v3_0_7_viv__parameterized115_1655
INFO: [VRFC 10-311] analyzing module chaos_cryptor_0_xbip_pipe_v3_0_7_viv__parameterized115_1759
INFO: [VRFC 10-311] analyzing module chaos_cryptor_0_xbip_pipe_v3_0_7_viv__parameterized115_1863
INFO: [VRFC 10-311] analyzing module chaos_cryptor_0_xbip_pipe_v3_0_7_viv__parameterized115_1967
INFO: [VRFC 10-311] analyzing module chaos_cryptor_0_xbip_pipe_v3_0_7_viv__parameterized115_2071
INFO: [VRFC 10-311] analyzing module chaos_cryptor_0_xbip_pipe_v3_0_7_viv__parameterized115_2175
INFO: [VRFC 10-311] analyzing module chaos_cryptor_0_xbip_pipe_v3_0_7_viv__parameterized115_377
INFO: [VRFC 10-311] analyzing module chaos_cryptor_0_xbip_pipe_v3_0_7_viv__parameterized115_538
INFO: [VRFC 10-311] analyzing module chaos_cryptor_0_xbip_pipe_v3_0_7_viv__parameterized115_860
INFO: [VRFC 10-311] analyzing module chaos_cryptor_0_xbip_pipe_v3_0_7_viv__parameterized115_97
INFO: [VRFC 10-311] analyzing module chaos_cryptor_0_xbip_pipe_v3_0_7_viv__parameterized117
INFO: [VRFC 10-311] analyzing module chaos_cryptor_0_xbip_pipe_v3_0_7_viv__parameterized117_1010
INFO: [VRFC 10-311] analyzing module chaos_cryptor_0_xbip_pipe_v3_0_7_viv__parameterized117_1332
INFO: [VRFC 10-311] analyzing module chaos_cryptor_0_xbip_pipe_v3_0_7_viv__parameterized117_1436
INFO: [VRFC 10-311] analyzing module chaos_cryptor_0_xbip_pipe_v3_0_7_viv__parameterized117_1540
INFO: [VRFC 10-311] analyzing module chaos_cryptor_0_xbip_pipe_v3_0_7_viv__parameterized117_1644
INFO: [VRFC 10-311] analyzing module chaos_cryptor_0_xbip_pipe_v3_0_7_viv__parameterized117_1748
INFO: [VRFC 10-311] analyzing module chaos_cryptor_0_xbip_pipe_v3_0_7_viv__parameterized117_1852
INFO: [VRFC 10-311] analyzing module chaos_cryptor_0_xbip_pipe_v3_0_7_viv__parameterized117_1956
INFO: [VRFC 10-311] analyzing module chaos_cryptor_0_xbip_pipe_v3_0_7_viv__parameterized117_2060
INFO: [VRFC 10-311] analyzing module chaos_cryptor_0_xbip_pipe_v3_0_7_viv__parameterized117_2164
INFO: [VRFC 10-311] analyzing module chaos_cryptor_0_xbip_pipe_v3_0_7_viv__parameterized117_366
INFO: [VRFC 10-311] analyzing module chaos_cryptor_0_xbip_pipe_v3_0_7_viv__parameterized117_527
INFO: [VRFC 10-311] analyzing module chaos_cryptor_0_xbip_pipe_v3_0_7_viv__parameterized117_849
INFO: [VRFC 10-311] analyzing module chaos_cryptor_0_xbip_pipe_v3_0_7_viv__parameterized117_86
INFO: [VRFC 10-311] analyzing module chaos_cryptor_0_xbip_pipe_v3_0_7_viv__parameterized119
INFO: [VRFC 10-311] analyzing module chaos_cryptor_0_xbip_pipe_v3_0_7_viv__parameterized119_1011
INFO: [VRFC 10-311] analyzing module chaos_cryptor_0_xbip_pipe_v3_0_7_viv__parameterized119_1333
INFO: [VRFC 10-311] analyzing module chaos_cryptor_0_xbip_pipe_v3_0_7_viv__parameterized119_1437
INFO: [VRFC 10-311] analyzing module chaos_cryptor_0_xbip_pipe_v3_0_7_viv__parameterized119_1541
INFO: [VRFC 10-311] analyzing module chaos_cryptor_0_xbip_pipe_v3_0_7_viv__parameterized119_1645
INFO: [VRFC 10-311] analyzing module chaos_cryptor_0_xbip_pipe_v3_0_7_viv__parameterized119_1749
INFO: [VRFC 10-311] analyzing module chaos_cryptor_0_xbip_pipe_v3_0_7_viv__parameterized119_1853
INFO: [VRFC 10-311] analyzing module chaos_cryptor_0_xbip_pipe_v3_0_7_viv__parameterized119_1957
INFO: [VRFC 10-311] analyzing module chaos_cryptor_0_xbip_pipe_v3_0_7_viv__parameterized119_2061
INFO: [VRFC 10-311] analyzing module chaos_cryptor_0_xbip_pipe_v3_0_7_viv__parameterized119_2165
INFO: [VRFC 10-311] analyzing module chaos_cryptor_0_xbip_pipe_v3_0_7_viv__parameterized119_367
INFO: [VRFC 10-311] analyzing module chaos_cryptor_0_xbip_pipe_v3_0_7_viv__parameterized119_528
INFO: [VRFC 10-311] analyzing module chaos_cryptor_0_xbip_pipe_v3_0_7_viv__parameterized119_850
INFO: [VRFC 10-311] analyzing module chaos_cryptor_0_xbip_pipe_v3_0_7_viv__parameterized119_87
INFO: [VRFC 10-311] analyzing module chaos_cryptor_0_xbip_pipe_v3_0_7_viv__parameterized121
INFO: [VRFC 10-311] analyzing module chaos_cryptor_0_xbip_pipe_v3_0_7_viv__parameterized121_1013
INFO: [VRFC 10-311] analyzing module chaos_cryptor_0_xbip_pipe_v3_0_7_viv__parameterized121_1335
INFO: [VRFC 10-311] analyzing module chaos_cryptor_0_xbip_pipe_v3_0_7_viv__parameterized121_1439
INFO: [VRFC 10-311] analyzing module chaos_cryptor_0_xbip_pipe_v3_0_7_viv__parameterized121_1543
INFO: [VRFC 10-311] analyzing module chaos_cryptor_0_xbip_pipe_v3_0_7_viv__parameterized121_1647
INFO: [VRFC 10-311] analyzing module chaos_cryptor_0_xbip_pipe_v3_0_7_viv__parameterized121_1751
INFO: [VRFC 10-311] analyzing module chaos_cryptor_0_xbip_pipe_v3_0_7_viv__parameterized121_1855
INFO: [VRFC 10-311] analyzing module chaos_cryptor_0_xbip_pipe_v3_0_7_viv__parameterized121_1959
INFO: [VRFC 10-311] analyzing module chaos_cryptor_0_xbip_pipe_v3_0_7_viv__parameterized121_2063
INFO: [VRFC 10-311] analyzing module chaos_cryptor_0_xbip_pipe_v3_0_7_viv__parameterized121_2167
INFO: [VRFC 10-311] analyzing module chaos_cryptor_0_xbip_pipe_v3_0_7_viv__parameterized121_369
INFO: [VRFC 10-311] analyzing module chaos_cryptor_0_xbip_pipe_v3_0_7_viv__parameterized121_530
INFO: [VRFC 10-311] analyzing module chaos_cryptor_0_xbip_pipe_v3_0_7_viv__parameterized121_852
INFO: [VRFC 10-311] analyzing module chaos_cryptor_0_xbip_pipe_v3_0_7_viv__parameterized121_89
INFO: [VRFC 10-311] analyzing module chaos_cryptor_0_xbip_pipe_v3_0_7_viv__parameterized125
INFO: [VRFC 10-311] analyzing module chaos_cryptor_0_xbip_pipe_v3_0_7_viv__parameterized125_1042
INFO: [VRFC 10-311] analyzing module chaos_cryptor_0_xbip_pipe_v3_0_7_viv__parameterized125_1069
INFO: [VRFC 10-311] analyzing module chaos_cryptor_0_xbip_pipe_v3_0_7_viv__parameterized125_118
INFO: [VRFC 10-311] analyzing module chaos_cryptor_0_xbip_pipe_v3_0_7_viv__parameterized125_1366
INFO: [VRFC 10-311] analyzing module chaos_cryptor_0_xbip_pipe_v3_0_7_viv__parameterized125_1394
INFO: [VRFC 10-311] analyzing module chaos_cryptor_0_xbip_pipe_v3_0_7_viv__parameterized125_145
INFO: [VRFC 10-311] analyzing module chaos_cryptor_0_xbip_pipe_v3_0_7_viv__parameterized125_1470
INFO: [VRFC 10-311] analyzing module chaos_cryptor_0_xbip_pipe_v3_0_7_viv__parameterized125_1498
INFO: [VRFC 10-311] analyzing module chaos_cryptor_0_xbip_pipe_v3_0_7_viv__parameterized125_1574
INFO: [VRFC 10-311] analyzing module chaos_cryptor_0_xbip_pipe_v3_0_7_viv__parameterized125_1602
INFO: [VRFC 10-311] analyzing module chaos_cryptor_0_xbip_pipe_v3_0_7_viv__parameterized125_1678
INFO: [VRFC 10-311] analyzing module chaos_cryptor_0_xbip_pipe_v3_0_7_viv__parameterized125_1706
INFO: [VRFC 10-311] analyzing module chaos_cryptor_0_xbip_pipe_v3_0_7_viv__parameterized125_1782
INFO: [VRFC 10-311] analyzing module chaos_cryptor_0_xbip_pipe_v3_0_7_viv__parameterized125_1810
INFO: [VRFC 10-311] analyzing module chaos_cryptor_0_xbip_pipe_v3_0_7_viv__parameterized125_1886
INFO: [VRFC 10-311] analyzing module chaos_cryptor_0_xbip_pipe_v3_0_7_viv__parameterized125_1914
INFO: [VRFC 10-311] analyzing module chaos_cryptor_0_xbip_pipe_v3_0_7_viv__parameterized125_1990
INFO: [VRFC 10-311] analyzing module chaos_cryptor_0_xbip_pipe_v3_0_7_viv__parameterized125_2018
INFO: [VRFC 10-311] analyzing module chaos_cryptor_0_xbip_pipe_v3_0_7_viv__parameterized125_2094
INFO: [VRFC 10-311] analyzing module chaos_cryptor_0_xbip_pipe_v3_0_7_viv__parameterized125_2122
INFO: [VRFC 10-311] analyzing module chaos_cryptor_0_xbip_pipe_v3_0_7_viv__parameterized125_2198
INFO: [VRFC 10-311] analyzing module chaos_cryptor_0_xbip_pipe_v3_0_7_viv__parameterized125_2226
INFO: [VRFC 10-311] analyzing module chaos_cryptor_0_xbip_pipe_v3_0_7_viv__parameterized125_24
INFO: [VRFC 10-311] analyzing module chaos_cryptor_0_xbip_pipe_v3_0_7_viv__parameterized125_400
INFO: [VRFC 10-311] analyzing module chaos_cryptor_0_xbip_pipe_v3_0_7_viv__parameterized125_428
INFO: [VRFC 10-311] analyzing module chaos_cryptor_0_xbip_pipe_v3_0_7_viv__parameterized125_559
INFO: [VRFC 10-311] analyzing module chaos_cryptor_0_xbip_pipe_v3_0_7_viv__parameterized125_586
INFO: [VRFC 10-311] analyzing module chaos_cryptor_0_xbip_pipe_v3_0_7_viv__parameterized125_883
INFO: [VRFC 10-311] analyzing module chaos_cryptor_0_xbip_pipe_v3_0_7_viv__parameterized125_911
INFO: [VRFC 10-311] analyzing module chaos_cryptor_0_xbip_pipe_v3_0_7_viv__parameterized127
INFO: [VRFC 10-311] analyzing module chaos_cryptor_0_xbip_pipe_v3_0_7_viv__parameterized127_1044
INFO: [VRFC 10-311] analyzing module chaos_cryptor_0_xbip_pipe_v3_0_7_viv__parameterized127_120
INFO: [VRFC 10-311] analyzing module chaos_cryptor_0_xbip_pipe_v3_0_7_viv__parameterized127_1368
INFO: [VRFC 10-311] analyzing module chaos_cryptor_0_xbip_pipe_v3_0_7_viv__parameterized127_1472
INFO: [VRFC 10-311] analyzing module chaos_cryptor_0_xbip_pipe_v3_0_7_viv__parameterized127_1576
INFO: [VRFC 10-311] analyzing module chaos_cryptor_0_xbip_pipe_v3_0_7_viv__parameterized127_1680
INFO: [VRFC 10-311] analyzing module chaos_cryptor_0_xbip_pipe_v3_0_7_viv__parameterized127_1784
INFO: [VRFC 10-311] analyzing module chaos_cryptor_0_xbip_pipe_v3_0_7_viv__parameterized127_1888
INFO: [VRFC 10-311] analyzing module chaos_cryptor_0_xbip_pipe_v3_0_7_viv__parameterized127_1992
INFO: [VRFC 10-311] analyzing module chaos_cryptor_0_xbip_pipe_v3_0_7_viv__parameterized127_2096
INFO: [VRFC 10-311] analyzing module chaos_cryptor_0_xbip_pipe_v3_0_7_viv__parameterized127_2200
INFO: [VRFC 10-311] analyzing module chaos_cryptor_0_xbip_pipe_v3_0_7_viv__parameterized127_402
INFO: [VRFC 10-311] analyzing module chaos_cryptor_0_xbip_pipe_v3_0_7_viv__parameterized127_561
INFO: [VRFC 10-311] analyzing module chaos_cryptor_0_xbip_pipe_v3_0_7_viv__parameterized127_885
INFO: [VRFC 10-311] analyzing module chaos_cryptor_0_xbip_pipe_v3_0_7_viv__parameterized129
INFO: [VRFC 10-311] analyzing module chaos_cryptor_0_xbip_pipe_v3_0_7_viv__parameterized129_1050
INFO: [VRFC 10-311] analyzing module chaos_cryptor_0_xbip_pipe_v3_0_7_viv__parameterized129_126
INFO: [VRFC 10-311] analyzing module chaos_cryptor_0_xbip_pipe_v3_0_7_viv__parameterized129_1374
INFO: [VRFC 10-311] analyzing module chaos_cryptor_0_xbip_pipe_v3_0_7_viv__parameterized129_1478
INFO: [VRFC 10-311] analyzing module chaos_cryptor_0_xbip_pipe_v3_0_7_viv__parameterized129_1582
INFO: [VRFC 10-311] analyzing module chaos_cryptor_0_xbip_pipe_v3_0_7_viv__parameterized129_1686
INFO: [VRFC 10-311] analyzing module chaos_cryptor_0_xbip_pipe_v3_0_7_viv__parameterized129_1790
INFO: [VRFC 10-311] analyzing module chaos_cryptor_0_xbip_pipe_v3_0_7_viv__parameterized129_1894
INFO: [VRFC 10-311] analyzing module chaos_cryptor_0_xbip_pipe_v3_0_7_viv__parameterized129_1998
INFO: [VRFC 10-311] analyzing module chaos_cryptor_0_xbip_pipe_v3_0_7_viv__parameterized129_2102
INFO: [VRFC 10-311] analyzing module chaos_cryptor_0_xbip_pipe_v3_0_7_viv__parameterized129_2206
INFO: [VRFC 10-311] analyzing module chaos_cryptor_0_xbip_pipe_v3_0_7_viv__parameterized129_408
INFO: [VRFC 10-311] analyzing module chaos_cryptor_0_xbip_pipe_v3_0_7_viv__parameterized129_567
INFO: [VRFC 10-311] analyzing module chaos_cryptor_0_xbip_pipe_v3_0_7_viv__parameterized129_891
INFO: [VRFC 10-311] analyzing module chaos_cryptor_0_xbip_pipe_v3_0_7_viv__parameterized131
INFO: [VRFC 10-311] analyzing module chaos_cryptor_0_xbip_pipe_v3_0_7_viv__parameterized131_1053
INFO: [VRFC 10-311] analyzing module chaos_cryptor_0_xbip_pipe_v3_0_7_viv__parameterized131_129
INFO: [VRFC 10-311] analyzing module chaos_cryptor_0_xbip_pipe_v3_0_7_viv__parameterized131_1377
INFO: [VRFC 10-311] analyzing module chaos_cryptor_0_xbip_pipe_v3_0_7_viv__parameterized131_1481
INFO: [VRFC 10-311] analyzing module chaos_cryptor_0_xbip_pipe_v3_0_7_viv__parameterized131_1585
INFO: [VRFC 10-311] analyzing module chaos_cryptor_0_xbip_pipe_v3_0_7_viv__parameterized131_1689
INFO: [VRFC 10-311] analyzing module chaos_cryptor_0_xbip_pipe_v3_0_7_viv__parameterized131_1793
INFO: [VRFC 10-311] analyzing module chaos_cryptor_0_xbip_pipe_v3_0_7_viv__parameterized131_1897
INFO: [VRFC 10-311] analyzing module chaos_cryptor_0_xbip_pipe_v3_0_7_viv__parameterized131_2001
INFO: [VRFC 10-311] analyzing module chaos_cryptor_0_xbip_pipe_v3_0_7_viv__parameterized131_2105
INFO: [VRFC 10-311] analyzing module chaos_cryptor_0_xbip_pipe_v3_0_7_viv__parameterized131_2209
INFO: [VRFC 10-311] analyzing module chaos_cryptor_0_xbip_pipe_v3_0_7_viv__parameterized131_411
INFO: [VRFC 10-311] analyzing module chaos_cryptor_0_xbip_pipe_v3_0_7_viv__parameterized131_570
INFO: [VRFC 10-311] analyzing module chaos_cryptor_0_xbip_pipe_v3_0_7_viv__parameterized131_894
INFO: [VRFC 10-311] analyzing module chaos_cryptor_0_xbip_pipe_v3_0_7_viv__parameterized133
INFO: [VRFC 10-311] analyzing module chaos_cryptor_0_xbip_pipe_v3_0_7_viv__parameterized133_1052
INFO: [VRFC 10-311] analyzing module chaos_cryptor_0_xbip_pipe_v3_0_7_viv__parameterized133_128
INFO: [VRFC 10-311] analyzing module chaos_cryptor_0_xbip_pipe_v3_0_7_viv__parameterized133_1376
INFO: [VRFC 10-311] analyzing module chaos_cryptor_0_xbip_pipe_v3_0_7_viv__parameterized133_1480
INFO: [VRFC 10-311] analyzing module chaos_cryptor_0_xbip_pipe_v3_0_7_viv__parameterized133_1584
INFO: [VRFC 10-311] analyzing module chaos_cryptor_0_xbip_pipe_v3_0_7_viv__parameterized133_1688
INFO: [VRFC 10-311] analyzing module chaos_cryptor_0_xbip_pipe_v3_0_7_viv__parameterized133_1792
INFO: [VRFC 10-311] analyzing module chaos_cryptor_0_xbip_pipe_v3_0_7_viv__parameterized133_1896
INFO: [VRFC 10-311] analyzing module chaos_cryptor_0_xbip_pipe_v3_0_7_viv__parameterized133_2000
INFO: [VRFC 10-311] analyzing module chaos_cryptor_0_xbip_pipe_v3_0_7_viv__parameterized133_2104
INFO: [VRFC 10-311] analyzing module chaos_cryptor_0_xbip_pipe_v3_0_7_viv__parameterized133_2208
INFO: [VRFC 10-311] analyzing module chaos_cryptor_0_xbip_pipe_v3_0_7_viv__parameterized133_410
INFO: [VRFC 10-311] analyzing module chaos_cryptor_0_xbip_pipe_v3_0_7_viv__parameterized133_569
INFO: [VRFC 10-311] analyzing module chaos_cryptor_0_xbip_pipe_v3_0_7_viv__parameterized133_893
INFO: [VRFC 10-311] analyzing module chaos_cryptor_0_xbip_pipe_v3_0_7_viv__parameterized135
INFO: [VRFC 10-311] analyzing module chaos_cryptor_0_xbip_pipe_v3_0_7_viv__parameterized135_1049
INFO: [VRFC 10-311] analyzing module chaos_cryptor_0_xbip_pipe_v3_0_7_viv__parameterized135_125
INFO: [VRFC 10-311] analyzing module chaos_cryptor_0_xbip_pipe_v3_0_7_viv__parameterized135_1373
INFO: [VRFC 10-311] analyzing module chaos_cryptor_0_xbip_pipe_v3_0_7_viv__parameterized135_1477
INFO: [VRFC 10-311] analyzing module chaos_cryptor_0_xbip_pipe_v3_0_7_viv__parameterized135_1581
INFO: [VRFC 10-311] analyzing module chaos_cryptor_0_xbip_pipe_v3_0_7_viv__parameterized135_1685
INFO: [VRFC 10-311] analyzing module chaos_cryptor_0_xbip_pipe_v3_0_7_viv__parameterized135_1789
INFO: [VRFC 10-311] analyzing module chaos_cryptor_0_xbip_pipe_v3_0_7_viv__parameterized135_1893
INFO: [VRFC 10-311] analyzing module chaos_cryptor_0_xbip_pipe_v3_0_7_viv__parameterized135_1997
INFO: [VRFC 10-311] analyzing module chaos_cryptor_0_xbip_pipe_v3_0_7_viv__parameterized135_2101
INFO: [VRFC 10-311] analyzing module chaos_cryptor_0_xbip_pipe_v3_0_7_viv__parameterized135_2205
INFO: [VRFC 10-311] analyzing module chaos_cryptor_0_xbip_pipe_v3_0_7_viv__parameterized135_407
INFO: [VRFC 10-311] analyzing module chaos_cryptor_0_xbip_pipe_v3_0_7_viv__parameterized135_566
INFO: [VRFC 10-311] analyzing module chaos_cryptor_0_xbip_pipe_v3_0_7_viv__parameterized135_890
INFO: [VRFC 10-311] analyzing module chaos_cryptor_0_xbip_pipe_v3_0_7_viv__parameterized137
INFO: [VRFC 10-311] analyzing module chaos_cryptor_0_xbip_pipe_v3_0_7_viv__parameterized137_1054
INFO: [VRFC 10-311] analyzing module chaos_cryptor_0_xbip_pipe_v3_0_7_viv__parameterized137_130
INFO: [VRFC 10-311] analyzing module chaos_cryptor_0_xbip_pipe_v3_0_7_viv__parameterized137_1378
INFO: [VRFC 10-311] analyzing module chaos_cryptor_0_xbip_pipe_v3_0_7_viv__parameterized137_1482
INFO: [VRFC 10-311] analyzing module chaos_cryptor_0_xbip_pipe_v3_0_7_viv__parameterized137_1586
INFO: [VRFC 10-311] analyzing module chaos_cryptor_0_xbip_pipe_v3_0_7_viv__parameterized137_1690
INFO: [VRFC 10-311] analyzing module chaos_cryptor_0_xbip_pipe_v3_0_7_viv__parameterized137_1794
INFO: [VRFC 10-311] analyzing module chaos_cryptor_0_xbip_pipe_v3_0_7_viv__parameterized137_1898
INFO: [VRFC 10-311] analyzing module chaos_cryptor_0_xbip_pipe_v3_0_7_viv__parameterized137_2002
INFO: [VRFC 10-311] analyzing module chaos_cryptor_0_xbip_pipe_v3_0_7_viv__parameterized137_2106
INFO: [VRFC 10-311] analyzing module chaos_cryptor_0_xbip_pipe_v3_0_7_viv__parameterized137_2210
INFO: [VRFC 10-311] analyzing module chaos_cryptor_0_xbip_pipe_v3_0_7_viv__parameterized137_412
INFO: [VRFC 10-311] analyzing module chaos_cryptor_0_xbip_pipe_v3_0_7_viv__parameterized137_571
INFO: [VRFC 10-311] analyzing module chaos_cryptor_0_xbip_pipe_v3_0_7_viv__parameterized137_895
INFO: [VRFC 10-311] analyzing module chaos_cryptor_0_xbip_pipe_v3_0_7_viv__parameterized15
INFO: [VRFC 10-311] analyzing module chaos_cryptor_0_xbip_pipe_v3_0_7_viv__parameterized15_1009
INFO: [VRFC 10-311] analyzing module chaos_cryptor_0_xbip_pipe_v3_0_7_viv__parameterized15_1020
INFO: [VRFC 10-311] analyzing module chaos_cryptor_0_xbip_pipe_v3_0_7_viv__parameterized15_1043
INFO: [VRFC 10-311] analyzing module chaos_cryptor_0_xbip_pipe_v3_0_7_viv__parameterized15_1086
INFO: [VRFC 10-311] analyzing module chaos_cryptor_0_xbip_pipe_v3_0_7_viv__parameterized15_1090
INFO: [VRFC 10-311] analyzing module chaos_cryptor_0_xbip_pipe_v3_0_7_viv__parameterized15_11
INFO: [VRFC 10-311] analyzing module chaos_cryptor_0_xbip_pipe_v3_0_7_viv__parameterized15_119
INFO: [VRFC 10-311] analyzing module chaos_cryptor_0_xbip_pipe_v3_0_7_viv__parameterized15_1295
INFO: [VRFC 10-311] analyzing module chaos_cryptor_0_xbip_pipe_v3_0_7_viv__parameterized15_1331
INFO: [VRFC 10-311] analyzing module chaos_cryptor_0_xbip_pipe_v3_0_7_viv__parameterized15_1342
INFO: [VRFC 10-311] analyzing module chaos_cryptor_0_xbip_pipe_v3_0_7_viv__parameterized15_1367
INFO: [VRFC 10-311] analyzing module chaos_cryptor_0_xbip_pipe_v3_0_7_viv__parameterized15_1392
INFO: [VRFC 10-311] analyzing module chaos_cryptor_0_xbip_pipe_v3_0_7_viv__parameterized15_1395
INFO: [VRFC 10-311] analyzing module chaos_cryptor_0_xbip_pipe_v3_0_7_viv__parameterized15_1412
INFO: [VRFC 10-311] analyzing module chaos_cryptor_0_xbip_pipe_v3_0_7_viv__parameterized15_1416
INFO: [VRFC 10-311] analyzing module chaos_cryptor_0_xbip_pipe_v3_0_7_viv__parameterized15_1435
INFO: [VRFC 10-311] analyzing module chaos_cryptor_0_xbip_pipe_v3_0_7_viv__parameterized15_1446
INFO: [VRFC 10-311] analyzing module chaos_cryptor_0_xbip_pipe_v3_0_7_viv__parameterized15_1471
INFO: [VRFC 10-311] analyzing module chaos_cryptor_0_xbip_pipe_v3_0_7_viv__parameterized15_1496
INFO: [VRFC 10-311] analyzing module chaos_cryptor_0_xbip_pipe_v3_0_7_viv__parameterized15_1499
INFO: [VRFC 10-311] analyzing module chaos_cryptor_0_xbip_pipe_v3_0_7_viv__parameterized15_1516
INFO: [VRFC 10-311] analyzing module chaos_cryptor_0_xbip_pipe_v3_0_7_viv__parameterized15_1520
INFO: [VRFC 10-311] analyzing module chaos_cryptor_0_xbip_pipe_v3_0_7_viv__parameterized15_1539
INFO: [VRFC 10-311] analyzing module chaos_cryptor_0_xbip_pipe_v3_0_7_viv__parameterized15_1550
INFO: [VRFC 10-311] analyzing module chaos_cryptor_0_xbip_pipe_v3_0_7_viv__parameterized15_1575
INFO: [VRFC 10-311] analyzing module chaos_cryptor_0_xbip_pipe_v3_0_7_viv__parameterized15_1600
INFO: [VRFC 10-311] analyzing module chaos_cryptor_0_xbip_pipe_v3_0_7_viv__parameterized15_1603
INFO: [VRFC 10-311] analyzing module chaos_cryptor_0_xbip_pipe_v3_0_7_viv__parameterized15_162
INFO: [VRFC 10-311] analyzing module chaos_cryptor_0_xbip_pipe_v3_0_7_viv__parameterized15_1620
INFO: [VRFC 10-311] analyzing module chaos_cryptor_0_xbip_pipe_v3_0_7_viv__parameterized15_1624
INFO: [VRFC 10-311] analyzing module chaos_cryptor_0_xbip_pipe_v3_0_7_viv__parameterized15_1643
INFO: [VRFC 10-311] analyzing module chaos_cryptor_0_xbip_pipe_v3_0_7_viv__parameterized15_1654
INFO: [VRFC 10-311] analyzing module chaos_cryptor_0_xbip_pipe_v3_0_7_viv__parameterized15_166
INFO: [VRFC 10-311] analyzing module chaos_cryptor_0_xbip_pipe_v3_0_7_viv__parameterized15_1679
INFO: [VRFC 10-311] analyzing module chaos_cryptor_0_xbip_pipe_v3_0_7_viv__parameterized15_1704
INFO: [VRFC 10-311] analyzing module chaos_cryptor_0_xbip_pipe_v3_0_7_viv__parameterized15_1707
INFO: [VRFC 10-311] analyzing module chaos_cryptor_0_xbip_pipe_v3_0_7_viv__parameterized15_1724
INFO: [VRFC 10-311] analyzing module chaos_cryptor_0_xbip_pipe_v3_0_7_viv__parameterized15_1728
INFO: [VRFC 10-311] analyzing module chaos_cryptor_0_xbip_pipe_v3_0_7_viv__parameterized15_1747
INFO: [VRFC 10-311] analyzing module chaos_cryptor_0_xbip_pipe_v3_0_7_viv__parameterized15_1758
INFO: [VRFC 10-311] analyzing module chaos_cryptor_0_xbip_pipe_v3_0_7_viv__parameterized15_1783
INFO: [VRFC 10-311] analyzing module chaos_cryptor_0_xbip_pipe_v3_0_7_viv__parameterized15_1808
INFO: [VRFC 10-311] analyzing module chaos_cryptor_0_xbip_pipe_v3_0_7_viv__parameterized15_1811
INFO: [VRFC 10-311] analyzing module chaos_cryptor_0_xbip_pipe_v3_0_7_viv__parameterized15_1828
INFO: [VRFC 10-311] analyzing module chaos_cryptor_0_xbip_pipe_v3_0_7_viv__parameterized15_1832
INFO: [VRFC 10-311] analyzing module chaos_cryptor_0_xbip_pipe_v3_0_7_viv__parameterized15_1851
INFO: [VRFC 10-311] analyzing module chaos_cryptor_0_xbip_pipe_v3_0_7_viv__parameterized15_1862
INFO: [VRFC 10-311] analyzing module chaos_cryptor_0_xbip_pipe_v3_0_7_viv__parameterized15_1887
INFO: [VRFC 10-311] analyzing module chaos_cryptor_0_xbip_pipe_v3_0_7_viv__parameterized15_1912
INFO: [VRFC 10-311] analyzing module chaos_cryptor_0_xbip_pipe_v3_0_7_viv__parameterized15_1915
INFO: [VRFC 10-311] analyzing module chaos_cryptor_0_xbip_pipe_v3_0_7_viv__parameterized15_1932
INFO: [VRFC 10-311] analyzing module chaos_cryptor_0_xbip_pipe_v3_0_7_viv__parameterized15_1936
INFO: [VRFC 10-311] analyzing module chaos_cryptor_0_xbip_pipe_v3_0_7_viv__parameterized15_1955
INFO: [VRFC 10-311] analyzing module chaos_cryptor_0_xbip_pipe_v3_0_7_viv__parameterized15_1966
INFO: [VRFC 10-311] analyzing module chaos_cryptor_0_xbip_pipe_v3_0_7_viv__parameterized15_1991
INFO: [VRFC 10-311] analyzing module chaos_cryptor_0_xbip_pipe_v3_0_7_viv__parameterized15_2
INFO: [VRFC 10-311] analyzing module chaos_cryptor_0_xbip_pipe_v3_0_7_viv__parameterized15_2016
INFO: [VRFC 10-311] analyzing module chaos_cryptor_0_xbip_pipe_v3_0_7_viv__parameterized15_2019
INFO: [VRFC 10-311] analyzing module chaos_cryptor_0_xbip_pipe_v3_0_7_viv__parameterized15_2036
INFO: [VRFC 10-311] analyzing module chaos_cryptor_0_xbip_pipe_v3_0_7_viv__parameterized15_2040
INFO: [VRFC 10-311] analyzing module chaos_cryptor_0_xbip_pipe_v3_0_7_viv__parameterized15_2059
INFO: [VRFC 10-311] analyzing module chaos_cryptor_0_xbip_pipe_v3_0_7_viv__parameterized15_2070
INFO: [VRFC 10-311] analyzing module chaos_cryptor_0_xbip_pipe_v3_0_7_viv__parameterized15_2095
INFO: [VRFC 10-311] analyzing module chaos_cryptor_0_xbip_pipe_v3_0_7_viv__parameterized15_2120
INFO: [VRFC 10-311] analyzing module chaos_cryptor_0_xbip_pipe_v3_0_7_viv__parameterized15_2123
INFO: [VRFC 10-311] analyzing module chaos_cryptor_0_xbip_pipe_v3_0_7_viv__parameterized15_2140
INFO: [VRFC 10-311] analyzing module chaos_cryptor_0_xbip_pipe_v3_0_7_viv__parameterized15_2144
INFO: [VRFC 10-311] analyzing module chaos_cryptor_0_xbip_pipe_v3_0_7_viv__parameterized15_2163
INFO: [VRFC 10-311] analyzing module chaos_cryptor_0_xbip_pipe_v3_0_7_viv__parameterized15_2174
INFO: [VRFC 10-311] analyzing module chaos_cryptor_0_xbip_pipe_v3_0_7_viv__parameterized15_2199
INFO: [VRFC 10-311] analyzing module chaos_cryptor_0_xbip_pipe_v3_0_7_viv__parameterized15_2224
INFO: [VRFC 10-311] analyzing module chaos_cryptor_0_xbip_pipe_v3_0_7_viv__parameterized15_2227
INFO: [VRFC 10-311] analyzing module chaos_cryptor_0_xbip_pipe_v3_0_7_viv__parameterized15_2244
INFO: [VRFC 10-311] analyzing module chaos_cryptor_0_xbip_pipe_v3_0_7_viv__parameterized15_2248
INFO: [VRFC 10-311] analyzing module chaos_cryptor_0_xbip_pipe_v3_0_7_viv__parameterized15_2264
INFO: [VRFC 10-311] analyzing module chaos_cryptor_0_xbip_pipe_v3_0_7_viv__parameterized15_2265
INFO: [VRFC 10-311] analyzing module chaos_cryptor_0_xbip_pipe_v3_0_7_viv__parameterized15_2267
INFO: [VRFC 10-311] analyzing module chaos_cryptor_0_xbip_pipe_v3_0_7_viv__parameterized15_2273
INFO: [VRFC 10-311] analyzing module chaos_cryptor_0_xbip_pipe_v3_0_7_viv__parameterized15_2290
INFO: [VRFC 10-311] analyzing module chaos_cryptor_0_xbip_pipe_v3_0_7_viv__parameterized15_23
INFO: [VRFC 10-311] analyzing module chaos_cryptor_0_xbip_pipe_v3_0_7_viv__parameterized15_2322
INFO: [VRFC 10-311] analyzing module chaos_cryptor_0_xbip_pipe_v3_0_7_viv__parameterized15_2323
INFO: [VRFC 10-311] analyzing module chaos_cryptor_0_xbip_pipe_v3_0_7_viv__parameterized15_2325
INFO: [VRFC 10-311] analyzing module chaos_cryptor_0_xbip_pipe_v3_0_7_viv__parameterized15_2331
INFO: [VRFC 10-311] analyzing module chaos_cryptor_0_xbip_pipe_v3_0_7_viv__parameterized15_2348
INFO: [VRFC 10-311] analyzing module chaos_cryptor_0_xbip_pipe_v3_0_7_viv__parameterized15_2380
INFO: [VRFC 10-311] analyzing module chaos_cryptor_0_xbip_pipe_v3_0_7_viv__parameterized15_2381
INFO: [VRFC 10-311] analyzing module chaos_cryptor_0_xbip_pipe_v3_0_7_viv__parameterized15_2383
INFO: [VRFC 10-311] analyzing module chaos_cryptor_0_xbip_pipe_v3_0_7_viv__parameterized15_2389
INFO: [VRFC 10-311] analyzing module chaos_cryptor_0_xbip_pipe_v3_0_7_viv__parameterized15_2406
INFO: [VRFC 10-311] analyzing module chaos_cryptor_0_xbip_pipe_v3_0_7_viv__parameterized15_2438
INFO: [VRFC 10-311] analyzing module chaos_cryptor_0_xbip_pipe_v3_0_7_viv__parameterized15_2439
INFO: [VRFC 10-311] analyzing module chaos_cryptor_0_xbip_pipe_v3_0_7_viv__parameterized15_2441
INFO: [VRFC 10-311] analyzing module chaos_cryptor_0_xbip_pipe_v3_0_7_viv__parameterized15_2447
INFO: [VRFC 10-311] analyzing module chaos_cryptor_0_xbip_pipe_v3_0_7_viv__parameterized15_2464
INFO: [VRFC 10-311] analyzing module chaos_cryptor_0_xbip_pipe_v3_0_7_viv__parameterized15_2496
INFO: [VRFC 10-311] analyzing module chaos_cryptor_0_xbip_pipe_v3_0_7_viv__parameterized15_2497
INFO: [VRFC 10-311] analyzing module chaos_cryptor_0_xbip_pipe_v3_0_7_viv__parameterized15_2499
INFO: [VRFC 10-311] analyzing module chaos_cryptor_0_xbip_pipe_v3_0_7_viv__parameterized15_25
INFO: [VRFC 10-311] analyzing module chaos_cryptor_0_xbip_pipe_v3_0_7_viv__parameterized15_2505
INFO: [VRFC 10-311] analyzing module chaos_cryptor_0_xbip_pipe_v3_0_7_viv__parameterized15_2522
INFO: [VRFC 10-311] analyzing module chaos_cryptor_0_xbip_pipe_v3_0_7_viv__parameterized15_2554
INFO: [VRFC 10-311] analyzing module chaos_cryptor_0_xbip_pipe_v3_0_7_viv__parameterized15_2555
INFO: [VRFC 10-311] analyzing module chaos_cryptor_0_xbip_pipe_v3_0_7_viv__parameterized15_2557
INFO: [VRFC 10-311] analyzing module chaos_cryptor_0_xbip_pipe_v3_0_7_viv__parameterized15_2563
INFO: [VRFC 10-311] analyzing module chaos_cryptor_0_xbip_pipe_v3_0_7_viv__parameterized15_2580
INFO: [VRFC 10-311] analyzing module chaos_cryptor_0_xbip_pipe_v3_0_7_viv__parameterized15_2612
INFO: [VRFC 10-311] analyzing module chaos_cryptor_0_xbip_pipe_v3_0_7_viv__parameterized15_2613
INFO: [VRFC 10-311] analyzing module chaos_cryptor_0_xbip_pipe_v3_0_7_viv__parameterized15_2615
INFO: [VRFC 10-311] analyzing module chaos_cryptor_0_xbip_pipe_v3_0_7_viv__parameterized15_2621
INFO: [VRFC 10-311] analyzing module chaos_cryptor_0_xbip_pipe_v3_0_7_viv__parameterized15_2638
INFO: [VRFC 10-311] analyzing module chaos_cryptor_0_xbip_pipe_v3_0_7_viv__parameterized15_2670
INFO: [VRFC 10-311] analyzing module chaos_cryptor_0_xbip_pipe_v3_0_7_viv__parameterized15_2671
INFO: [VRFC 10-311] analyzing module chaos_cryptor_0_xbip_pipe_v3_0_7_viv__parameterized15_2673
INFO: [VRFC 10-311] analyzing module chaos_cryptor_0_xbip_pipe_v3_0_7_viv__parameterized15_2679
INFO: [VRFC 10-311] analyzing module chaos_cryptor_0_xbip_pipe_v3_0_7_viv__parameterized15_2696
INFO: [VRFC 10-311] analyzing module chaos_cryptor_0_xbip_pipe_v3_0_7_viv__parameterized15_2728
INFO: [VRFC 10-311] analyzing module chaos_cryptor_0_xbip_pipe_v3_0_7_viv__parameterized15_2729
INFO: [VRFC 10-311] analyzing module chaos_cryptor_0_xbip_pipe_v3_0_7_viv__parameterized15_2731
INFO: [VRFC 10-311] analyzing module chaos_cryptor_0_xbip_pipe_v3_0_7_viv__parameterized15_2737
INFO: [VRFC 10-311] analyzing module chaos_cryptor_0_xbip_pipe_v3_0_7_viv__parameterized15_2754
INFO: [VRFC 10-311] analyzing module chaos_cryptor_0_xbip_pipe_v3_0_7_viv__parameterized15_2786
INFO: [VRFC 10-311] analyzing module chaos_cryptor_0_xbip_pipe_v3_0_7_viv__parameterized15_2787
INFO: [VRFC 10-311] analyzing module chaos_cryptor_0_xbip_pipe_v3_0_7_viv__parameterized15_2789
INFO: [VRFC 10-311] analyzing module chaos_cryptor_0_xbip_pipe_v3_0_7_viv__parameterized15_2795
INFO: [VRFC 10-311] analyzing module chaos_cryptor_0_xbip_pipe_v3_0_7_viv__parameterized15_2812
INFO: [VRFC 10-311] analyzing module chaos_cryptor_0_xbip_pipe_v3_0_7_viv__parameterized15_2844
INFO: [VRFC 10-311] analyzing module chaos_cryptor_0_xbip_pipe_v3_0_7_viv__parameterized15_2845
INFO: [VRFC 10-311] analyzing module chaos_cryptor_0_xbip_pipe_v3_0_7_viv__parameterized15_2847
INFO: [VRFC 10-311] analyzing module chaos_cryptor_0_xbip_pipe_v3_0_7_viv__parameterized15_2853
INFO: [VRFC 10-311] analyzing module chaos_cryptor_0_xbip_pipe_v3_0_7_viv__parameterized15_2870
INFO: [VRFC 10-311] analyzing module chaos_cryptor_0_xbip_pipe_v3_0_7_viv__parameterized15_2902
INFO: [VRFC 10-311] analyzing module chaos_cryptor_0_xbip_pipe_v3_0_7_viv__parameterized15_2903
INFO: [VRFC 10-311] analyzing module chaos_cryptor_0_xbip_pipe_v3_0_7_viv__parameterized15_2905
INFO: [VRFC 10-311] analyzing module chaos_cryptor_0_xbip_pipe_v3_0_7_viv__parameterized15_2911
INFO: [VRFC 10-311] analyzing module chaos_cryptor_0_xbip_pipe_v3_0_7_viv__parameterized15_2928
INFO: [VRFC 10-311] analyzing module chaos_cryptor_0_xbip_pipe_v3_0_7_viv__parameterized15_336
INFO: [VRFC 10-311] analyzing module chaos_cryptor_0_xbip_pipe_v3_0_7_viv__parameterized15_35
INFO: [VRFC 10-311] analyzing module chaos_cryptor_0_xbip_pipe_v3_0_7_viv__parameterized15_365
INFO: [VRFC 10-311] analyzing module chaos_cryptor_0_xbip_pipe_v3_0_7_viv__parameterized15_376
INFO: [VRFC 10-311] analyzing module chaos_cryptor_0_xbip_pipe_v3_0_7_viv__parameterized15_38
INFO: [VRFC 10-311] analyzing module chaos_cryptor_0_xbip_pipe_v3_0_7_viv__parameterized15_401
INFO: [VRFC 10-311] analyzing module chaos_cryptor_0_xbip_pipe_v3_0_7_viv__parameterized15_426
INFO: [VRFC 10-311] analyzing module chaos_cryptor_0_xbip_pipe_v3_0_7_viv__parameterized15_429
INFO: [VRFC 10-311] analyzing module chaos_cryptor_0_xbip_pipe_v3_0_7_viv__parameterized15_44
INFO: [VRFC 10-311] analyzing module chaos_cryptor_0_xbip_pipe_v3_0_7_viv__parameterized15_446
INFO: [VRFC 10-311] analyzing module chaos_cryptor_0_xbip_pipe_v3_0_7_viv__parameterized15_45
INFO: [VRFC 10-311] analyzing module chaos_cryptor_0_xbip_pipe_v3_0_7_viv__parameterized15_450
INFO: [VRFC 10-311] analyzing module chaos_cryptor_0_xbip_pipe_v3_0_7_viv__parameterized15_46
INFO: [VRFC 10-311] analyzing module chaos_cryptor_0_xbip_pipe_v3_0_7_viv__parameterized15_466
INFO: [VRFC 10-311] analyzing module chaos_cryptor_0_xbip_pipe_v3_0_7_viv__parameterized15_467
INFO: [VRFC 10-311] analyzing module chaos_cryptor_0_xbip_pipe_v3_0_7_viv__parameterized15_469
INFO: [VRFC 10-311] analyzing module chaos_cryptor_0_xbip_pipe_v3_0_7_viv__parameterized15_475
INFO: [VRFC 10-311] analyzing module chaos_cryptor_0_xbip_pipe_v3_0_7_viv__parameterized15_49
INFO: [VRFC 10-311] analyzing module chaos_cryptor_0_xbip_pipe_v3_0_7_viv__parameterized15_492
INFO: [VRFC 10-311] analyzing module chaos_cryptor_0_xbip_pipe_v3_0_7_viv__parameterized15_526
INFO: [VRFC 10-311] analyzing module chaos_cryptor_0_xbip_pipe_v3_0_7_viv__parameterized15_537
INFO: [VRFC 10-311] analyzing module chaos_cryptor_0_xbip_pipe_v3_0_7_viv__parameterized15_55
INFO: [VRFC 10-311] analyzing module chaos_cryptor_0_xbip_pipe_v3_0_7_viv__parameterized15_560
INFO: [VRFC 10-311] analyzing module chaos_cryptor_0_xbip_pipe_v3_0_7_viv__parameterized15_603
INFO: [VRFC 10-311] analyzing module chaos_cryptor_0_xbip_pipe_v3_0_7_viv__parameterized15_607
INFO: [VRFC 10-311] analyzing module chaos_cryptor_0_xbip_pipe_v3_0_7_viv__parameterized15_812
INFO: [VRFC 10-311] analyzing module chaos_cryptor_0_xbip_pipe_v3_0_7_viv__parameterized15_848
INFO: [VRFC 10-311] analyzing module chaos_cryptor_0_xbip_pipe_v3_0_7_viv__parameterized15_85
INFO: [VRFC 10-311] analyzing module chaos_cryptor_0_xbip_pipe_v3_0_7_viv__parameterized15_859
INFO: [VRFC 10-311] analyzing module chaos_cryptor_0_xbip_pipe_v3_0_7_viv__parameterized15_884
INFO: [VRFC 10-311] analyzing module chaos_cryptor_0_xbip_pipe_v3_0_7_viv__parameterized15_909
INFO: [VRFC 10-311] analyzing module chaos_cryptor_0_xbip_pipe_v3_0_7_viv__parameterized15_912
INFO: [VRFC 10-311] analyzing module chaos_cryptor_0_xbip_pipe_v3_0_7_viv__parameterized15_929
INFO: [VRFC 10-311] analyzing module chaos_cryptor_0_xbip_pipe_v3_0_7_viv__parameterized15_933
INFO: [VRFC 10-311] analyzing module chaos_cryptor_0_xbip_pipe_v3_0_7_viv__parameterized15_949
INFO: [VRFC 10-311] analyzing module chaos_cryptor_0_xbip_pipe_v3_0_7_viv__parameterized15_950
INFO: [VRFC 10-311] analyzing module chaos_cryptor_0_xbip_pipe_v3_0_7_viv__parameterized15_952
INFO: [VRFC 10-311] analyzing module chaos_cryptor_0_xbip_pipe_v3_0_7_viv__parameterized15_958
INFO: [VRFC 10-311] analyzing module chaos_cryptor_0_xbip_pipe_v3_0_7_viv__parameterized15_96
INFO: [VRFC 10-311] analyzing module chaos_cryptor_0_xbip_pipe_v3_0_7_viv__parameterized15_975
INFO: [VRFC 10-311] analyzing module chaos_cryptor_0_xbip_pipe_v3_0_7_viv__parameterized23
INFO: [VRFC 10-311] analyzing module chaos_cryptor_0_xbip_pipe_v3_0_7_viv__parameterized23_2296
INFO: [VRFC 10-311] analyzing module chaos_cryptor_0_xbip_pipe_v3_0_7_viv__parameterized23_2354
INFO: [VRFC 10-311] analyzing module chaos_cryptor_0_xbip_pipe_v3_0_7_viv__parameterized23_2412
INFO: [VRFC 10-311] analyzing module chaos_cryptor_0_xbip_pipe_v3_0_7_viv__parameterized23_2470
INFO: [VRFC 10-311] analyzing module chaos_cryptor_0_xbip_pipe_v3_0_7_viv__parameterized23_2528
INFO: [VRFC 10-311] analyzing module chaos_cryptor_0_xbip_pipe_v3_0_7_viv__parameterized23_2586
INFO: [VRFC 10-311] analyzing module chaos_cryptor_0_xbip_pipe_v3_0_7_viv__parameterized23_2644
INFO: [VRFC 10-311] analyzing module chaos_cryptor_0_xbip_pipe_v3_0_7_viv__parameterized23_2702
INFO: [VRFC 10-311] analyzing module chaos_cryptor_0_xbip_pipe_v3_0_7_viv__parameterized23_2760
INFO: [VRFC 10-311] analyzing module chaos_cryptor_0_xbip_pipe_v3_0_7_viv__parameterized23_2818
INFO: [VRFC 10-311] analyzing module chaos_cryptor_0_xbip_pipe_v3_0_7_viv__parameterized23_2876
INFO: [VRFC 10-311] analyzing module chaos_cryptor_0_xbip_pipe_v3_0_7_viv__parameterized23_2934
INFO: [VRFC 10-311] analyzing module chaos_cryptor_0_xbip_pipe_v3_0_7_viv__parameterized23_498
INFO: [VRFC 10-311] analyzing module chaos_cryptor_0_xbip_pipe_v3_0_7_viv__parameterized23_981
INFO: [VRFC 10-311] analyzing module chaos_cryptor_0_xbip_pipe_v3_0_7_viv__parameterized25
INFO: [VRFC 10-311] analyzing module chaos_cryptor_0_xbip_pipe_v3_0_7_viv__parameterized25_1045
INFO: [VRFC 10-311] analyzing module chaos_cryptor_0_xbip_pipe_v3_0_7_viv__parameterized25_1059
INFO: [VRFC 10-311] analyzing module chaos_cryptor_0_xbip_pipe_v3_0_7_viv__parameterized25_1060
INFO: [VRFC 10-311] analyzing module chaos_cryptor_0_xbip_pipe_v3_0_7_viv__parameterized25_1065
INFO: [VRFC 10-311] analyzing module chaos_cryptor_0_xbip_pipe_v3_0_7_viv__parameterized25_1066
INFO: [VRFC 10-311] analyzing module chaos_cryptor_0_xbip_pipe_v3_0_7_viv__parameterized25_121
INFO: [VRFC 10-311] analyzing module chaos_cryptor_0_xbip_pipe_v3_0_7_viv__parameterized25_1306
INFO: [VRFC 10-311] analyzing module chaos_cryptor_0_xbip_pipe_v3_0_7_viv__parameterized25_1307
INFO: [VRFC 10-311] analyzing module chaos_cryptor_0_xbip_pipe_v3_0_7_viv__parameterized25_1308
INFO: [VRFC 10-311] analyzing module chaos_cryptor_0_xbip_pipe_v3_0_7_viv__parameterized25_1312
INFO: [VRFC 10-311] analyzing module chaos_cryptor_0_xbip_pipe_v3_0_7_viv__parameterized25_1313
INFO: [VRFC 10-311] analyzing module chaos_cryptor_0_xbip_pipe_v3_0_7_viv__parameterized25_1314
INFO: [VRFC 10-311] analyzing module chaos_cryptor_0_xbip_pipe_v3_0_7_viv__parameterized25_135
INFO: [VRFC 10-311] analyzing module chaos_cryptor_0_xbip_pipe_v3_0_7_viv__parameterized25_136
INFO: [VRFC 10-311] analyzing module chaos_cryptor_0_xbip_pipe_v3_0_7_viv__parameterized25_1369
INFO: [VRFC 10-311] analyzing module chaos_cryptor_0_xbip_pipe_v3_0_7_viv__parameterized25_1383
INFO: [VRFC 10-311] analyzing module chaos_cryptor_0_xbip_pipe_v3_0_7_viv__parameterized25_1384
INFO: [VRFC 10-311] analyzing module chaos_cryptor_0_xbip_pipe_v3_0_7_viv__parameterized25_1389
INFO: [VRFC 10-311] analyzing module chaos_cryptor_0_xbip_pipe_v3_0_7_viv__parameterized25_1390
INFO: [VRFC 10-311] analyzing module chaos_cryptor_0_xbip_pipe_v3_0_7_viv__parameterized25_141
INFO: [VRFC 10-311] analyzing module chaos_cryptor_0_xbip_pipe_v3_0_7_viv__parameterized25_142
INFO: [VRFC 10-311] analyzing module chaos_cryptor_0_xbip_pipe_v3_0_7_viv__parameterized25_1473
INFO: [VRFC 10-311] analyzing module chaos_cryptor_0_xbip_pipe_v3_0_7_viv__parameterized25_1487
INFO: [VRFC 10-311] analyzing module chaos_cryptor_0_xbip_pipe_v3_0_7_viv__parameterized25_1488
INFO: [VRFC 10-311] analyzing module chaos_cryptor_0_xbip_pipe_v3_0_7_viv__parameterized25_1493
INFO: [VRFC 10-311] analyzing module chaos_cryptor_0_xbip_pipe_v3_0_7_viv__parameterized25_1494
INFO: [VRFC 10-311] analyzing module chaos_cryptor_0_xbip_pipe_v3_0_7_viv__parameterized25_15
INFO: [VRFC 10-311] analyzing module chaos_cryptor_0_xbip_pipe_v3_0_7_viv__parameterized25_1577
INFO: [VRFC 10-311] analyzing module chaos_cryptor_0_xbip_pipe_v3_0_7_viv__parameterized25_1591
INFO: [VRFC 10-311] analyzing module chaos_cryptor_0_xbip_pipe_v3_0_7_viv__parameterized25_1592
INFO: [VRFC 10-311] analyzing module chaos_cryptor_0_xbip_pipe_v3_0_7_viv__parameterized25_1597
INFO: [VRFC 10-311] analyzing module chaos_cryptor_0_xbip_pipe_v3_0_7_viv__parameterized25_1598
INFO: [VRFC 10-311] analyzing module chaos_cryptor_0_xbip_pipe_v3_0_7_viv__parameterized25_16
INFO: [VRFC 10-311] analyzing module chaos_cryptor_0_xbip_pipe_v3_0_7_viv__parameterized25_1681
INFO: [VRFC 10-311] analyzing module chaos_cryptor_0_xbip_pipe_v3_0_7_viv__parameterized25_1695
INFO: [VRFC 10-311] analyzing module chaos_cryptor_0_xbip_pipe_v3_0_7_viv__parameterized25_1696
INFO: [VRFC 10-311] analyzing module chaos_cryptor_0_xbip_pipe_v3_0_7_viv__parameterized25_1701
INFO: [VRFC 10-311] analyzing module chaos_cryptor_0_xbip_pipe_v3_0_7_viv__parameterized25_1702
INFO: [VRFC 10-311] analyzing module chaos_cryptor_0_xbip_pipe_v3_0_7_viv__parameterized25_1785
INFO: [VRFC 10-311] analyzing module chaos_cryptor_0_xbip_pipe_v3_0_7_viv__parameterized25_1799
INFO: [VRFC 10-311] analyzing module chaos_cryptor_0_xbip_pipe_v3_0_7_viv__parameterized25_1800
INFO: [VRFC 10-311] analyzing module chaos_cryptor_0_xbip_pipe_v3_0_7_viv__parameterized25_1805
INFO: [VRFC 10-311] analyzing module chaos_cryptor_0_xbip_pipe_v3_0_7_viv__parameterized25_1806
INFO: [VRFC 10-311] analyzing module chaos_cryptor_0_xbip_pipe_v3_0_7_viv__parameterized25_1889
INFO: [VRFC 10-311] analyzing module chaos_cryptor_0_xbip_pipe_v3_0_7_viv__parameterized25_1903
INFO: [VRFC 10-311] analyzing module chaos_cryptor_0_xbip_pipe_v3_0_7_viv__parameterized25_1904
INFO: [VRFC 10-311] analyzing module chaos_cryptor_0_xbip_pipe_v3_0_7_viv__parameterized25_1909
INFO: [VRFC 10-311] analyzing module chaos_cryptor_0_xbip_pipe_v3_0_7_viv__parameterized25_1910
INFO: [VRFC 10-311] analyzing module chaos_cryptor_0_xbip_pipe_v3_0_7_viv__parameterized25_1993
INFO: [VRFC 10-311] analyzing module chaos_cryptor_0_xbip_pipe_v3_0_7_viv__parameterized25_2007
INFO: [VRFC 10-311] analyzing module chaos_cryptor_0_xbip_pipe_v3_0_7_viv__parameterized25_2008
INFO: [VRFC 10-311] analyzing module chaos_cryptor_0_xbip_pipe_v3_0_7_viv__parameterized25_2013
INFO: [VRFC 10-311] analyzing module chaos_cryptor_0_xbip_pipe_v3_0_7_viv__parameterized25_2014
INFO: [VRFC 10-311] analyzing module chaos_cryptor_0_xbip_pipe_v3_0_7_viv__parameterized25_2097
INFO: [VRFC 10-311] analyzing module chaos_cryptor_0_xbip_pipe_v3_0_7_viv__parameterized25_21
INFO: [VRFC 10-311] analyzing module chaos_cryptor_0_xbip_pipe_v3_0_7_viv__parameterized25_2111
INFO: [VRFC 10-311] analyzing module chaos_cryptor_0_xbip_pipe_v3_0_7_viv__parameterized25_2112
INFO: [VRFC 10-311] analyzing module chaos_cryptor_0_xbip_pipe_v3_0_7_viv__parameterized25_2117
INFO: [VRFC 10-311] analyzing module chaos_cryptor_0_xbip_pipe_v3_0_7_viv__parameterized25_2118
INFO: [VRFC 10-311] analyzing module chaos_cryptor_0_xbip_pipe_v3_0_7_viv__parameterized25_22
INFO: [VRFC 10-311] analyzing module chaos_cryptor_0_xbip_pipe_v3_0_7_viv__parameterized25_2201
INFO: [VRFC 10-311] analyzing module chaos_cryptor_0_xbip_pipe_v3_0_7_viv__parameterized25_2215
INFO: [VRFC 10-311] analyzing module chaos_cryptor_0_xbip_pipe_v3_0_7_viv__parameterized25_2216
INFO: [VRFC 10-311] analyzing module chaos_cryptor_0_xbip_pipe_v3_0_7_viv__parameterized25_2221
INFO: [VRFC 10-311] analyzing module chaos_cryptor_0_xbip_pipe_v3_0_7_viv__parameterized25_2222
INFO: [VRFC 10-311] analyzing module chaos_cryptor_0_xbip_pipe_v3_0_7_viv__parameterized25_2289
INFO: [VRFC 10-311] analyzing module chaos_cryptor_0_xbip_pipe_v3_0_7_viv__parameterized25_2301
INFO: [VRFC 10-311] analyzing module chaos_cryptor_0_xbip_pipe_v3_0_7_viv__parameterized25_2302
INFO: [VRFC 10-311] analyzing module chaos_cryptor_0_xbip_pipe_v3_0_7_viv__parameterized25_2307
INFO: [VRFC 10-311] analyzing module chaos_cryptor_0_xbip_pipe_v3_0_7_viv__parameterized25_2308
INFO: [VRFC 10-311] analyzing module chaos_cryptor_0_xbip_pipe_v3_0_7_viv__parameterized25_2347
INFO: [VRFC 10-311] analyzing module chaos_cryptor_0_xbip_pipe_v3_0_7_viv__parameterized25_2359
INFO: [VRFC 10-311] analyzing module chaos_cryptor_0_xbip_pipe_v3_0_7_viv__parameterized25_2360
INFO: [VRFC 10-311] analyzing module chaos_cryptor_0_xbip_pipe_v3_0_7_viv__parameterized25_2365
INFO: [VRFC 10-311] analyzing module chaos_cryptor_0_xbip_pipe_v3_0_7_viv__parameterized25_2366
INFO: [VRFC 10-311] analyzing module chaos_cryptor_0_xbip_pipe_v3_0_7_viv__parameterized25_2405
INFO: [VRFC 10-311] analyzing module chaos_cryptor_0_xbip_pipe_v3_0_7_viv__parameterized25_2417
INFO: [VRFC 10-311] analyzing module chaos_cryptor_0_xbip_pipe_v3_0_7_viv__parameterized25_2418
INFO: [VRFC 10-311] analyzing module chaos_cryptor_0_xbip_pipe_v3_0_7_viv__parameterized25_2423
INFO: [VRFC 10-311] analyzing module chaos_cryptor_0_xbip_pipe_v3_0_7_viv__parameterized25_2424
INFO: [VRFC 10-311] analyzing module chaos_cryptor_0_xbip_pipe_v3_0_7_viv__parameterized25_2463
INFO: [VRFC 10-311] analyzing module chaos_cryptor_0_xbip_pipe_v3_0_7_viv__parameterized25_2475
INFO: [VRFC 10-311] analyzing module chaos_cryptor_0_xbip_pipe_v3_0_7_viv__parameterized25_2476
INFO: [VRFC 10-311] analyzing module chaos_cryptor_0_xbip_pipe_v3_0_7_viv__parameterized25_2481
INFO: [VRFC 10-311] analyzing module chaos_cryptor_0_xbip_pipe_v3_0_7_viv__parameterized25_2482
INFO: [VRFC 10-311] analyzing module chaos_cryptor_0_xbip_pipe_v3_0_7_viv__parameterized25_2521
INFO: [VRFC 10-311] analyzing module chaos_cryptor_0_xbip_pipe_v3_0_7_viv__parameterized25_2533
INFO: [VRFC 10-311] analyzing module chaos_cryptor_0_xbip_pipe_v3_0_7_viv__parameterized25_2534
INFO: [VRFC 10-311] analyzing module chaos_cryptor_0_xbip_pipe_v3_0_7_viv__parameterized25_2539
INFO: [VRFC 10-311] analyzing module chaos_cryptor_0_xbip_pipe_v3_0_7_viv__parameterized25_2540
INFO: [VRFC 10-311] analyzing module chaos_cryptor_0_xbip_pipe_v3_0_7_viv__parameterized25_2579
INFO: [VRFC 10-311] analyzing module chaos_cryptor_0_xbip_pipe_v3_0_7_viv__parameterized25_2591
INFO: [VRFC 10-311] analyzing module chaos_cryptor_0_xbip_pipe_v3_0_7_viv__parameterized25_2592
INFO: [VRFC 10-311] analyzing module chaos_cryptor_0_xbip_pipe_v3_0_7_viv__parameterized25_2597
INFO: [VRFC 10-311] analyzing module chaos_cryptor_0_xbip_pipe_v3_0_7_viv__parameterized25_2598
INFO: [VRFC 10-311] analyzing module chaos_cryptor_0_xbip_pipe_v3_0_7_viv__parameterized25_2637
INFO: [VRFC 10-311] analyzing module chaos_cryptor_0_xbip_pipe_v3_0_7_viv__parameterized25_2649
INFO: [VRFC 10-311] analyzing module chaos_cryptor_0_xbip_pipe_v3_0_7_viv__parameterized25_2650
INFO: [VRFC 10-311] analyzing module chaos_cryptor_0_xbip_pipe_v3_0_7_viv__parameterized25_2655
INFO: [VRFC 10-311] analyzing module chaos_cryptor_0_xbip_pipe_v3_0_7_viv__parameterized25_2656
INFO: [VRFC 10-311] analyzing module chaos_cryptor_0_xbip_pipe_v3_0_7_viv__parameterized25_2695
INFO: [VRFC 10-311] analyzing module chaos_cryptor_0_xbip_pipe_v3_0_7_viv__parameterized25_2707
INFO: [VRFC 10-311] analyzing module chaos_cryptor_0_xbip_pipe_v3_0_7_viv__parameterized25_2708
INFO: [VRFC 10-311] analyzing module chaos_cryptor_0_xbip_pipe_v3_0_7_viv__parameterized25_2713
INFO: [VRFC 10-311] analyzing module chaos_cryptor_0_xbip_pipe_v3_0_7_viv__parameterized25_2714
INFO: [VRFC 10-311] analyzing module chaos_cryptor_0_xbip_pipe_v3_0_7_viv__parameterized25_2753
INFO: [VRFC 10-311] analyzing module chaos_cryptor_0_xbip_pipe_v3_0_7_viv__parameterized25_2765
INFO: [VRFC 10-311] analyzing module chaos_cryptor_0_xbip_pipe_v3_0_7_viv__parameterized25_2766
INFO: [VRFC 10-311] analyzing module chaos_cryptor_0_xbip_pipe_v3_0_7_viv__parameterized25_2771
INFO: [VRFC 10-311] analyzing module chaos_cryptor_0_xbip_pipe_v3_0_7_viv__parameterized25_2772
INFO: [VRFC 10-311] analyzing module chaos_cryptor_0_xbip_pipe_v3_0_7_viv__parameterized25_2811
INFO: [VRFC 10-311] analyzing module chaos_cryptor_0_xbip_pipe_v3_0_7_viv__parameterized25_2823
INFO: [VRFC 10-311] analyzing module chaos_cryptor_0_xbip_pipe_v3_0_7_viv__parameterized25_2824
INFO: [VRFC 10-311] analyzing module chaos_cryptor_0_xbip_pipe_v3_0_7_viv__parameterized25_2829
INFO: [VRFC 10-311] analyzing module chaos_cryptor_0_xbip_pipe_v3_0_7_viv__parameterized25_2830
INFO: [VRFC 10-311] analyzing module chaos_cryptor_0_xbip_pipe_v3_0_7_viv__parameterized25_2869
INFO: [VRFC 10-311] analyzing module chaos_cryptor_0_xbip_pipe_v3_0_7_viv__parameterized25_2881
INFO: [VRFC 10-311] analyzing module chaos_cryptor_0_xbip_pipe_v3_0_7_viv__parameterized25_2882
INFO: [VRFC 10-311] analyzing module chaos_cryptor_0_xbip_pipe_v3_0_7_viv__parameterized25_2887
INFO: [VRFC 10-311] analyzing module chaos_cryptor_0_xbip_pipe_v3_0_7_viv__parameterized25_2888
INFO: [VRFC 10-311] analyzing module chaos_cryptor_0_xbip_pipe_v3_0_7_viv__parameterized25_2927
INFO: [VRFC 10-311] analyzing module chaos_cryptor_0_xbip_pipe_v3_0_7_viv__parameterized25_2939
INFO: [VRFC 10-311] analyzing module chaos_cryptor_0_xbip_pipe_v3_0_7_viv__parameterized25_2940
INFO: [VRFC 10-311] analyzing module chaos_cryptor_0_xbip_pipe_v3_0_7_viv__parameterized25_2945
INFO: [VRFC 10-311] analyzing module chaos_cryptor_0_xbip_pipe_v3_0_7_viv__parameterized25_2946
INFO: [VRFC 10-311] analyzing module chaos_cryptor_0_xbip_pipe_v3_0_7_viv__parameterized25_340
INFO: [VRFC 10-311] analyzing module chaos_cryptor_0_xbip_pipe_v3_0_7_viv__parameterized25_341
INFO: [VRFC 10-311] analyzing module chaos_cryptor_0_xbip_pipe_v3_0_7_viv__parameterized25_342
INFO: [VRFC 10-311] analyzing module chaos_cryptor_0_xbip_pipe_v3_0_7_viv__parameterized25_346
INFO: [VRFC 10-311] analyzing module chaos_cryptor_0_xbip_pipe_v3_0_7_viv__parameterized25_347
INFO: [VRFC 10-311] analyzing module chaos_cryptor_0_xbip_pipe_v3_0_7_viv__parameterized25_348
INFO: [VRFC 10-311] analyzing module chaos_cryptor_0_xbip_pipe_v3_0_7_viv__parameterized25_403
INFO: [VRFC 10-311] analyzing module chaos_cryptor_0_xbip_pipe_v3_0_7_viv__parameterized25_417
INFO: [VRFC 10-311] analyzing module chaos_cryptor_0_xbip_pipe_v3_0_7_viv__parameterized25_418
INFO: [VRFC 10-311] analyzing module chaos_cryptor_0_xbip_pipe_v3_0_7_viv__parameterized25_423
INFO: [VRFC 10-311] analyzing module chaos_cryptor_0_xbip_pipe_v3_0_7_viv__parameterized25_424
INFO: [VRFC 10-311] analyzing module chaos_cryptor_0_xbip_pipe_v3_0_7_viv__parameterized25_491
INFO: [VRFC 10-311] analyzing module chaos_cryptor_0_xbip_pipe_v3_0_7_viv__parameterized25_503
INFO: [VRFC 10-311] analyzing module chaos_cryptor_0_xbip_pipe_v3_0_7_viv__parameterized25_504
INFO: [VRFC 10-311] analyzing module chaos_cryptor_0_xbip_pipe_v3_0_7_viv__parameterized25_509
INFO: [VRFC 10-311] analyzing module chaos_cryptor_0_xbip_pipe_v3_0_7_viv__parameterized25_510
INFO: [VRFC 10-311] analyzing module chaos_cryptor_0_xbip_pipe_v3_0_7_viv__parameterized25_54
INFO: [VRFC 10-311] analyzing module chaos_cryptor_0_xbip_pipe_v3_0_7_viv__parameterized25_562
INFO: [VRFC 10-311] analyzing module chaos_cryptor_0_xbip_pipe_v3_0_7_viv__parameterized25_576
INFO: [VRFC 10-311] analyzing module chaos_cryptor_0_xbip_pipe_v3_0_7_viv__parameterized25_577
INFO: [VRFC 10-311] analyzing module chaos_cryptor_0_xbip_pipe_v3_0_7_viv__parameterized25_582
INFO: [VRFC 10-311] analyzing module chaos_cryptor_0_xbip_pipe_v3_0_7_viv__parameterized25_583
INFO: [VRFC 10-311] analyzing module chaos_cryptor_0_xbip_pipe_v3_0_7_viv__parameterized25_62
INFO: [VRFC 10-311] analyzing module chaos_cryptor_0_xbip_pipe_v3_0_7_viv__parameterized25_63
INFO: [VRFC 10-311] analyzing module chaos_cryptor_0_xbip_pipe_v3_0_7_viv__parameterized25_68
INFO: [VRFC 10-311] analyzing module chaos_cryptor_0_xbip_pipe_v3_0_7_viv__parameterized25_69
INFO: [VRFC 10-311] analyzing module chaos_cryptor_0_xbip_pipe_v3_0_7_viv__parameterized25_823
INFO: [VRFC 10-311] analyzing module chaos_cryptor_0_xbip_pipe_v3_0_7_viv__parameterized25_824
INFO: [VRFC 10-311] analyzing module chaos_cryptor_0_xbip_pipe_v3_0_7_viv__parameterized25_825
INFO: [VRFC 10-311] analyzing module chaos_cryptor_0_xbip_pipe_v3_0_7_viv__parameterized25_829
INFO: [VRFC 10-311] analyzing module chaos_cryptor_0_xbip_pipe_v3_0_7_viv__parameterized25_830
INFO: [VRFC 10-311] analyzing module chaos_cryptor_0_xbip_pipe_v3_0_7_viv__parameterized25_831
INFO: [VRFC 10-311] analyzing module chaos_cryptor_0_xbip_pipe_v3_0_7_viv__parameterized25_886
INFO: [VRFC 10-311] analyzing module chaos_cryptor_0_xbip_pipe_v3_0_7_viv__parameterized25_900
INFO: [VRFC 10-311] analyzing module chaos_cryptor_0_xbip_pipe_v3_0_7_viv__parameterized25_901
INFO: [VRFC 10-311] analyzing module chaos_cryptor_0_xbip_pipe_v3_0_7_viv__parameterized25_906
INFO: [VRFC 10-311] analyzing module chaos_cryptor_0_xbip_pipe_v3_0_7_viv__parameterized25_907
INFO: [VRFC 10-311] analyzing module chaos_cryptor_0_xbip_pipe_v3_0_7_viv__parameterized25_974
INFO: [VRFC 10-311] analyzing module chaos_cryptor_0_xbip_pipe_v3_0_7_viv__parameterized25_986
INFO: [VRFC 10-311] analyzing module chaos_cryptor_0_xbip_pipe_v3_0_7_viv__parameterized25_987
INFO: [VRFC 10-311] analyzing module chaos_cryptor_0_xbip_pipe_v3_0_7_viv__parameterized25_992
INFO: [VRFC 10-311] analyzing module chaos_cryptor_0_xbip_pipe_v3_0_7_viv__parameterized25_993
INFO: [VRFC 10-311] analyzing module chaos_cryptor_0_xbip_pipe_v3_0_7_viv__parameterized27
INFO: [VRFC 10-311] analyzing module chaos_cryptor_0_xbip_pipe_v3_0_7_viv__parameterized27_1082
INFO: [VRFC 10-311] analyzing module chaos_cryptor_0_xbip_pipe_v3_0_7_viv__parameterized27_1408
INFO: [VRFC 10-311] analyzing module chaos_cryptor_0_xbip_pipe_v3_0_7_viv__parameterized27_1512
INFO: [VRFC 10-311] analyzing module chaos_cryptor_0_xbip_pipe_v3_0_7_viv__parameterized27_158
INFO: [VRFC 10-311] analyzing module chaos_cryptor_0_xbip_pipe_v3_0_7_viv__parameterized27_1616
INFO: [VRFC 10-311] analyzing module chaos_cryptor_0_xbip_pipe_v3_0_7_viv__parameterized27_1720
INFO: [VRFC 10-311] analyzing module chaos_cryptor_0_xbip_pipe_v3_0_7_viv__parameterized27_1824
INFO: [VRFC 10-311] analyzing module chaos_cryptor_0_xbip_pipe_v3_0_7_viv__parameterized27_1928
INFO: [VRFC 10-311] analyzing module chaos_cryptor_0_xbip_pipe_v3_0_7_viv__parameterized27_2032
INFO: [VRFC 10-311] analyzing module chaos_cryptor_0_xbip_pipe_v3_0_7_viv__parameterized27_2136
INFO: [VRFC 10-311] analyzing module chaos_cryptor_0_xbip_pipe_v3_0_7_viv__parameterized27_2240
INFO: [VRFC 10-311] analyzing module chaos_cryptor_0_xbip_pipe_v3_0_7_viv__parameterized27_442
INFO: [VRFC 10-311] analyzing module chaos_cryptor_0_xbip_pipe_v3_0_7_viv__parameterized27_599
INFO: [VRFC 10-311] analyzing module chaos_cryptor_0_xbip_pipe_v3_0_7_viv__parameterized27_925
INFO: [VRFC 10-311] analyzing module chaos_cryptor_0_xbip_pipe_v3_0_7_viv__parameterized29
INFO: [VRFC 10-311] analyzing module chaos_cryptor_0_xbip_pipe_v3_0_7_viv__parameterized29_2286
INFO: [VRFC 10-311] analyzing module chaos_cryptor_0_xbip_pipe_v3_0_7_viv__parameterized29_2344
INFO: [VRFC 10-311] analyzing module chaos_cryptor_0_xbip_pipe_v3_0_7_viv__parameterized29_2402
INFO: [VRFC 10-311] analyzing module chaos_cryptor_0_xbip_pipe_v3_0_7_viv__parameterized29_2460
INFO: [VRFC 10-311] analyzing module chaos_cryptor_0_xbip_pipe_v3_0_7_viv__parameterized29_2518
INFO: [VRFC 10-311] analyzing module chaos_cryptor_0_xbip_pipe_v3_0_7_viv__parameterized29_2576
INFO: [VRFC 10-311] analyzing module chaos_cryptor_0_xbip_pipe_v3_0_7_viv__parameterized29_2634
INFO: [VRFC 10-311] analyzing module chaos_cryptor_0_xbip_pipe_v3_0_7_viv__parameterized29_2692
INFO: [VRFC 10-311] analyzing module chaos_cryptor_0_xbip_pipe_v3_0_7_viv__parameterized29_2750
INFO: [VRFC 10-311] analyzing module chaos_cryptor_0_xbip_pipe_v3_0_7_viv__parameterized29_2808
INFO: [VRFC 10-311] analyzing module chaos_cryptor_0_xbip_pipe_v3_0_7_viv__parameterized29_2866
INFO: [VRFC 10-311] analyzing module chaos_cryptor_0_xbip_pipe_v3_0_7_viv__parameterized29_2924
INFO: [VRFC 10-311] analyzing module chaos_cryptor_0_xbip_pipe_v3_0_7_viv__parameterized29_488
INFO: [VRFC 10-311] analyzing module chaos_cryptor_0_xbip_pipe_v3_0_7_viv__parameterized29_971
INFO: [VRFC 10-311] analyzing module chaos_cryptor_0_xbip_pipe_v3_0_7_viv__parameterized31
INFO: [VRFC 10-311] analyzing module chaos_cryptor_0_xbip_pipe_v3_0_7_viv__parameterized31_1067
INFO: [VRFC 10-311] analyzing module chaos_cryptor_0_xbip_pipe_v3_0_7_viv__parameterized31_1391
INFO: [VRFC 10-311] analyzing module chaos_cryptor_0_xbip_pipe_v3_0_7_viv__parameterized31_143
INFO: [VRFC 10-311] analyzing module chaos_cryptor_0_xbip_pipe_v3_0_7_viv__parameterized31_1495
INFO: [VRFC 10-311] analyzing module chaos_cryptor_0_xbip_pipe_v3_0_7_viv__parameterized31_1599
INFO: [VRFC 10-311] analyzing module chaos_cryptor_0_xbip_pipe_v3_0_7_viv__parameterized31_1703
INFO: [VRFC 10-311] analyzing module chaos_cryptor_0_xbip_pipe_v3_0_7_viv__parameterized31_1807
INFO: [VRFC 10-311] analyzing module chaos_cryptor_0_xbip_pipe_v3_0_7_viv__parameterized31_1911
INFO: [VRFC 10-311] analyzing module chaos_cryptor_0_xbip_pipe_v3_0_7_viv__parameterized31_2015
INFO: [VRFC 10-311] analyzing module chaos_cryptor_0_xbip_pipe_v3_0_7_viv__parameterized31_2119
INFO: [VRFC 10-311] analyzing module chaos_cryptor_0_xbip_pipe_v3_0_7_viv__parameterized31_2223
INFO: [VRFC 10-311] analyzing module chaos_cryptor_0_xbip_pipe_v3_0_7_viv__parameterized31_2291
INFO: [VRFC 10-311] analyzing module chaos_cryptor_0_xbip_pipe_v3_0_7_viv__parameterized31_2349
INFO: [VRFC 10-311] analyzing module chaos_cryptor_0_xbip_pipe_v3_0_7_viv__parameterized31_2407
INFO: [VRFC 10-311] analyzing module chaos_cryptor_0_xbip_pipe_v3_0_7_viv__parameterized31_2465
INFO: [VRFC 10-311] analyzing module chaos_cryptor_0_xbip_pipe_v3_0_7_viv__parameterized31_2523
INFO: [VRFC 10-311] analyzing module chaos_cryptor_0_xbip_pipe_v3_0_7_viv__parameterized31_2581
INFO: [VRFC 10-311] analyzing module chaos_cryptor_0_xbip_pipe_v3_0_7_viv__parameterized31_2639
INFO: [VRFC 10-311] analyzing module chaos_cryptor_0_xbip_pipe_v3_0_7_viv__parameterized31_2697
INFO: [VRFC 10-311] analyzing module chaos_cryptor_0_xbip_pipe_v3_0_7_viv__parameterized31_2755
INFO: [VRFC 10-311] analyzing module chaos_cryptor_0_xbip_pipe_v3_0_7_viv__parameterized31_2813
INFO: [VRFC 10-311] analyzing module chaos_cryptor_0_xbip_pipe_v3_0_7_viv__parameterized31_2871
INFO: [VRFC 10-311] analyzing module chaos_cryptor_0_xbip_pipe_v3_0_7_viv__parameterized31_2929
INFO: [VRFC 10-311] analyzing module chaos_cryptor_0_xbip_pipe_v3_0_7_viv__parameterized31_425
INFO: [VRFC 10-311] analyzing module chaos_cryptor_0_xbip_pipe_v3_0_7_viv__parameterized31_493
INFO: [VRFC 10-311] analyzing module chaos_cryptor_0_xbip_pipe_v3_0_7_viv__parameterized31_56
INFO: [VRFC 10-311] analyzing module chaos_cryptor_0_xbip_pipe_v3_0_7_viv__parameterized31_584
INFO: [VRFC 10-311] analyzing module chaos_cryptor_0_xbip_pipe_v3_0_7_viv__parameterized31_908
INFO: [VRFC 10-311] analyzing module chaos_cryptor_0_xbip_pipe_v3_0_7_viv__parameterized31_976
INFO: [VRFC 10-311] analyzing module chaos_cryptor_0_xbip_pipe_v3_0_7_viv__parameterized33
INFO: [VRFC 10-311] analyzing module chaos_cryptor_0_xbip_pipe_v3_0_7_viv__parameterized33_2292
INFO: [VRFC 10-311] analyzing module chaos_cryptor_0_xbip_pipe_v3_0_7_viv__parameterized33_2350
INFO: [VRFC 10-311] analyzing module chaos_cryptor_0_xbip_pipe_v3_0_7_viv__parameterized33_2408
INFO: [VRFC 10-311] analyzing module chaos_cryptor_0_xbip_pipe_v3_0_7_viv__parameterized33_2466
INFO: [VRFC 10-311] analyzing module chaos_cryptor_0_xbip_pipe_v3_0_7_viv__parameterized33_2524
INFO: [VRFC 10-311] analyzing module chaos_cryptor_0_xbip_pipe_v3_0_7_viv__parameterized33_2582
INFO: [VRFC 10-311] analyzing module chaos_cryptor_0_xbip_pipe_v3_0_7_viv__parameterized33_2640
INFO: [VRFC 10-311] analyzing module chaos_cryptor_0_xbip_pipe_v3_0_7_viv__parameterized33_2698
INFO: [VRFC 10-311] analyzing module chaos_cryptor_0_xbip_pipe_v3_0_7_viv__parameterized33_2756
INFO: [VRFC 10-311] analyzing module chaos_cryptor_0_xbip_pipe_v3_0_7_viv__parameterized33_2814
INFO: [VRFC 10-311] analyzing module chaos_cryptor_0_xbip_pipe_v3_0_7_viv__parameterized33_2872
INFO: [VRFC 10-311] analyzing module chaos_cryptor_0_xbip_pipe_v3_0_7_viv__parameterized33_2930
INFO: [VRFC 10-311] analyzing module chaos_cryptor_0_xbip_pipe_v3_0_7_viv__parameterized33_494
INFO: [VRFC 10-311] analyzing module chaos_cryptor_0_xbip_pipe_v3_0_7_viv__parameterized33_977
INFO: [VRFC 10-311] analyzing module chaos_cryptor_0_xbip_pipe_v3_0_7_viv__parameterized35
INFO: [VRFC 10-311] analyzing module chaos_cryptor_0_xbip_pipe_v3_0_7_viv__parameterized35_2288
INFO: [VRFC 10-311] analyzing module chaos_cryptor_0_xbip_pipe_v3_0_7_viv__parameterized35_2346
INFO: [VRFC 10-311] analyzing module chaos_cryptor_0_xbip_pipe_v3_0_7_viv__parameterized35_2404
INFO: [VRFC 10-311] analyzing module chaos_cryptor_0_xbip_pipe_v3_0_7_viv__parameterized35_2462
INFO: [VRFC 10-311] analyzing module chaos_cryptor_0_xbip_pipe_v3_0_7_viv__parameterized35_2520
INFO: [VRFC 10-311] analyzing module chaos_cryptor_0_xbip_pipe_v3_0_7_viv__parameterized35_2578
INFO: [VRFC 10-311] analyzing module chaos_cryptor_0_xbip_pipe_v3_0_7_viv__parameterized35_2636
INFO: [VRFC 10-311] analyzing module chaos_cryptor_0_xbip_pipe_v3_0_7_viv__parameterized35_2694
INFO: [VRFC 10-311] analyzing module chaos_cryptor_0_xbip_pipe_v3_0_7_viv__parameterized35_2752
INFO: [VRFC 10-311] analyzing module chaos_cryptor_0_xbip_pipe_v3_0_7_viv__parameterized35_2810
INFO: [VRFC 10-311] analyzing module chaos_cryptor_0_xbip_pipe_v3_0_7_viv__parameterized35_2868
INFO: [VRFC 10-311] analyzing module chaos_cryptor_0_xbip_pipe_v3_0_7_viv__parameterized35_2926
INFO: [VRFC 10-311] analyzing module chaos_cryptor_0_xbip_pipe_v3_0_7_viv__parameterized35_490
INFO: [VRFC 10-311] analyzing module chaos_cryptor_0_xbip_pipe_v3_0_7_viv__parameterized35_973
INFO: [VRFC 10-311] analyzing module chaos_cryptor_0_xbip_pipe_v3_0_7_viv__parameterized37
INFO: [VRFC 10-311] analyzing module chaos_cryptor_0_xbip_pipe_v3_0_7_viv__parameterized37_2294
INFO: [VRFC 10-311] analyzing module chaos_cryptor_0_xbip_pipe_v3_0_7_viv__parameterized37_2352
INFO: [VRFC 10-311] analyzing module chaos_cryptor_0_xbip_pipe_v3_0_7_viv__parameterized37_2410
INFO: [VRFC 10-311] analyzing module chaos_cryptor_0_xbip_pipe_v3_0_7_viv__parameterized37_2468
INFO: [VRFC 10-311] analyzing module chaos_cryptor_0_xbip_pipe_v3_0_7_viv__parameterized37_2526
INFO: [VRFC 10-311] analyzing module chaos_cryptor_0_xbip_pipe_v3_0_7_viv__parameterized37_2584
INFO: [VRFC 10-311] analyzing module chaos_cryptor_0_xbip_pipe_v3_0_7_viv__parameterized37_2642
INFO: [VRFC 10-311] analyzing module chaos_cryptor_0_xbip_pipe_v3_0_7_viv__parameterized37_2700
INFO: [VRFC 10-311] analyzing module chaos_cryptor_0_xbip_pipe_v3_0_7_viv__parameterized37_2758
INFO: [VRFC 10-311] analyzing module chaos_cryptor_0_xbip_pipe_v3_0_7_viv__parameterized37_2816
INFO: [VRFC 10-311] analyzing module chaos_cryptor_0_xbip_pipe_v3_0_7_viv__parameterized37_2874
INFO: [VRFC 10-311] analyzing module chaos_cryptor_0_xbip_pipe_v3_0_7_viv__parameterized37_2932
INFO: [VRFC 10-311] analyzing module chaos_cryptor_0_xbip_pipe_v3_0_7_viv__parameterized37_496
INFO: [VRFC 10-311] analyzing module chaos_cryptor_0_xbip_pipe_v3_0_7_viv__parameterized37_979
INFO: [VRFC 10-311] analyzing module chaos_cryptor_0_xbip_pipe_v3_0_7_viv__parameterized41
INFO: [VRFC 10-311] analyzing module chaos_cryptor_0_xbip_pipe_v3_0_7_viv__parameterized41_1048
INFO: [VRFC 10-311] analyzing module chaos_cryptor_0_xbip_pipe_v3_0_7_viv__parameterized41_1051
INFO: [VRFC 10-311] analyzing module chaos_cryptor_0_xbip_pipe_v3_0_7_viv__parameterized41_12
INFO: [VRFC 10-311] analyzing module chaos_cryptor_0_xbip_pipe_v3_0_7_viv__parameterized41_124
INFO: [VRFC 10-311] analyzing module chaos_cryptor_0_xbip_pipe_v3_0_7_viv__parameterized41_127
INFO: [VRFC 10-311] analyzing module chaos_cryptor_0_xbip_pipe_v3_0_7_viv__parameterized41_1292
INFO: [VRFC 10-311] analyzing module chaos_cryptor_0_xbip_pipe_v3_0_7_viv__parameterized41_1372
INFO: [VRFC 10-311] analyzing module chaos_cryptor_0_xbip_pipe_v3_0_7_viv__parameterized41_1375
INFO: [VRFC 10-311] analyzing module chaos_cryptor_0_xbip_pipe_v3_0_7_viv__parameterized41_1476
INFO: [VRFC 10-311] analyzing module chaos_cryptor_0_xbip_pipe_v3_0_7_viv__parameterized41_1479
INFO: [VRFC 10-311] analyzing module chaos_cryptor_0_xbip_pipe_v3_0_7_viv__parameterized41_1580
INFO: [VRFC 10-311] analyzing module chaos_cryptor_0_xbip_pipe_v3_0_7_viv__parameterized41_1583
INFO: [VRFC 10-311] analyzing module chaos_cryptor_0_xbip_pipe_v3_0_7_viv__parameterized41_1684
INFO: [VRFC 10-311] analyzing module chaos_cryptor_0_xbip_pipe_v3_0_7_viv__parameterized41_1687
INFO: [VRFC 10-311] analyzing module chaos_cryptor_0_xbip_pipe_v3_0_7_viv__parameterized41_1788
INFO: [VRFC 10-311] analyzing module chaos_cryptor_0_xbip_pipe_v3_0_7_viv__parameterized41_1791
INFO: [VRFC 10-311] analyzing module chaos_cryptor_0_xbip_pipe_v3_0_7_viv__parameterized41_1892
INFO: [VRFC 10-311] analyzing module chaos_cryptor_0_xbip_pipe_v3_0_7_viv__parameterized41_1895
INFO: [VRFC 10-311] analyzing module chaos_cryptor_0_xbip_pipe_v3_0_7_viv__parameterized41_1996
INFO: [VRFC 10-311] analyzing module chaos_cryptor_0_xbip_pipe_v3_0_7_viv__parameterized41_1999
INFO: [VRFC 10-311] analyzing module chaos_cryptor_0_xbip_pipe_v3_0_7_viv__parameterized41_2100
INFO: [VRFC 10-311] analyzing module chaos_cryptor_0_xbip_pipe_v3_0_7_viv__parameterized41_2103
INFO: [VRFC 10-311] analyzing module chaos_cryptor_0_xbip_pipe_v3_0_7_viv__parameterized41_2204
INFO: [VRFC 10-311] analyzing module chaos_cryptor_0_xbip_pipe_v3_0_7_viv__parameterized41_2207
INFO: [VRFC 10-311] analyzing module chaos_cryptor_0_xbip_pipe_v3_0_7_viv__parameterized41_2293
INFO: [VRFC 10-311] analyzing module chaos_cryptor_0_xbip_pipe_v3_0_7_viv__parameterized41_2351
INFO: [VRFC 10-311] analyzing module chaos_cryptor_0_xbip_pipe_v3_0_7_viv__parameterized41_2409
INFO: [VRFC 10-311] analyzing module chaos_cryptor_0_xbip_pipe_v3_0_7_viv__parameterized41_2467
INFO: [VRFC 10-311] analyzing module chaos_cryptor_0_xbip_pipe_v3_0_7_viv__parameterized41_2525
INFO: [VRFC 10-311] analyzing module chaos_cryptor_0_xbip_pipe_v3_0_7_viv__parameterized41_2583
INFO: [VRFC 10-311] analyzing module chaos_cryptor_0_xbip_pipe_v3_0_7_viv__parameterized41_2641
INFO: [VRFC 10-311] analyzing module chaos_cryptor_0_xbip_pipe_v3_0_7_viv__parameterized41_2699
INFO: [VRFC 10-311] analyzing module chaos_cryptor_0_xbip_pipe_v3_0_7_viv__parameterized41_2757
INFO: [VRFC 10-311] analyzing module chaos_cryptor_0_xbip_pipe_v3_0_7_viv__parameterized41_2815
INFO: [VRFC 10-311] analyzing module chaos_cryptor_0_xbip_pipe_v3_0_7_viv__parameterized41_2873
INFO: [VRFC 10-311] analyzing module chaos_cryptor_0_xbip_pipe_v3_0_7_viv__parameterized41_2931
INFO: [VRFC 10-311] analyzing module chaos_cryptor_0_xbip_pipe_v3_0_7_viv__parameterized41_335
INFO: [VRFC 10-311] analyzing module chaos_cryptor_0_xbip_pipe_v3_0_7_viv__parameterized41_406
INFO: [VRFC 10-311] analyzing module chaos_cryptor_0_xbip_pipe_v3_0_7_viv__parameterized41_409
INFO: [VRFC 10-311] analyzing module chaos_cryptor_0_xbip_pipe_v3_0_7_viv__parameterized41_495
INFO: [VRFC 10-311] analyzing module chaos_cryptor_0_xbip_pipe_v3_0_7_viv__parameterized41_565
INFO: [VRFC 10-311] analyzing module chaos_cryptor_0_xbip_pipe_v3_0_7_viv__parameterized41_568
INFO: [VRFC 10-311] analyzing module chaos_cryptor_0_xbip_pipe_v3_0_7_viv__parameterized41_57
INFO: [VRFC 10-311] analyzing module chaos_cryptor_0_xbip_pipe_v3_0_7_viv__parameterized41_809
INFO: [VRFC 10-311] analyzing module chaos_cryptor_0_xbip_pipe_v3_0_7_viv__parameterized41_889
INFO: [VRFC 10-311] analyzing module chaos_cryptor_0_xbip_pipe_v3_0_7_viv__parameterized41_892
INFO: [VRFC 10-311] analyzing module chaos_cryptor_0_xbip_pipe_v3_0_7_viv__parameterized41_978
INFO: [VRFC 10-311] analyzing module chaos_cryptor_0_xbip_pipe_v3_0_7_viv__parameterized45
INFO: [VRFC 10-311] analyzing module chaos_cryptor_0_xbip_pipe_v3_0_7_viv__parameterized45_1291
INFO: [VRFC 10-311] analyzing module chaos_cryptor_0_xbip_pipe_v3_0_7_viv__parameterized45_2287
INFO: [VRFC 10-311] analyzing module chaos_cryptor_0_xbip_pipe_v3_0_7_viv__parameterized45_2345
INFO: [VRFC 10-311] analyzing module chaos_cryptor_0_xbip_pipe_v3_0_7_viv__parameterized45_2403
INFO: [VRFC 10-311] analyzing module chaos_cryptor_0_xbip_pipe_v3_0_7_viv__parameterized45_2461
INFO: [VRFC 10-311] analyzing module chaos_cryptor_0_xbip_pipe_v3_0_7_viv__parameterized45_2519
INFO: [VRFC 10-311] analyzing module chaos_cryptor_0_xbip_pipe_v3_0_7_viv__parameterized45_2577
INFO: [VRFC 10-311] analyzing module chaos_cryptor_0_xbip_pipe_v3_0_7_viv__parameterized45_2635
INFO: [VRFC 10-311] analyzing module chaos_cryptor_0_xbip_pipe_v3_0_7_viv__parameterized45_2693
INFO: [VRFC 10-311] analyzing module chaos_cryptor_0_xbip_pipe_v3_0_7_viv__parameterized45_2751
INFO: [VRFC 10-311] analyzing module chaos_cryptor_0_xbip_pipe_v3_0_7_viv__parameterized45_2809
INFO: [VRFC 10-311] analyzing module chaos_cryptor_0_xbip_pipe_v3_0_7_viv__parameterized45_2867
INFO: [VRFC 10-311] analyzing module chaos_cryptor_0_xbip_pipe_v3_0_7_viv__parameterized45_2925
INFO: [VRFC 10-311] analyzing module chaos_cryptor_0_xbip_pipe_v3_0_7_viv__parameterized45_334
INFO: [VRFC 10-311] analyzing module chaos_cryptor_0_xbip_pipe_v3_0_7_viv__parameterized45_489
INFO: [VRFC 10-311] analyzing module chaos_cryptor_0_xbip_pipe_v3_0_7_viv__parameterized45_808
INFO: [VRFC 10-311] analyzing module chaos_cryptor_0_xbip_pipe_v3_0_7_viv__parameterized45_972
INFO: [VRFC 10-311] analyzing module chaos_cryptor_0_xbip_pipe_v3_0_7_viv__parameterized51
INFO: [VRFC 10-311] analyzing module chaos_cryptor_0_xbip_pipe_v3_0_7_viv__parameterized51_1012
INFO: [VRFC 10-311] analyzing module chaos_cryptor_0_xbip_pipe_v3_0_7_viv__parameterized51_1084
INFO: [VRFC 10-311] analyzing module chaos_cryptor_0_xbip_pipe_v3_0_7_viv__parameterized51_1085
INFO: [VRFC 10-311] analyzing module chaos_cryptor_0_xbip_pipe_v3_0_7_viv__parameterized51_1087
INFO: [VRFC 10-311] analyzing module chaos_cryptor_0_xbip_pipe_v3_0_7_viv__parameterized51_1334
INFO: [VRFC 10-311] analyzing module chaos_cryptor_0_xbip_pipe_v3_0_7_viv__parameterized51_1410
INFO: [VRFC 10-311] analyzing module chaos_cryptor_0_xbip_pipe_v3_0_7_viv__parameterized51_1411
INFO: [VRFC 10-311] analyzing module chaos_cryptor_0_xbip_pipe_v3_0_7_viv__parameterized51_1413
INFO: [VRFC 10-311] analyzing module chaos_cryptor_0_xbip_pipe_v3_0_7_viv__parameterized51_1438
INFO: [VRFC 10-311] analyzing module chaos_cryptor_0_xbip_pipe_v3_0_7_viv__parameterized51_1514
INFO: [VRFC 10-311] analyzing module chaos_cryptor_0_xbip_pipe_v3_0_7_viv__parameterized51_1515
INFO: [VRFC 10-311] analyzing module chaos_cryptor_0_xbip_pipe_v3_0_7_viv__parameterized51_1517
INFO: [VRFC 10-311] analyzing module chaos_cryptor_0_xbip_pipe_v3_0_7_viv__parameterized51_1542
INFO: [VRFC 10-311] analyzing module chaos_cryptor_0_xbip_pipe_v3_0_7_viv__parameterized51_160
INFO: [VRFC 10-311] analyzing module chaos_cryptor_0_xbip_pipe_v3_0_7_viv__parameterized51_161
INFO: [VRFC 10-311] analyzing module chaos_cryptor_0_xbip_pipe_v3_0_7_viv__parameterized51_1618
INFO: [VRFC 10-311] analyzing module chaos_cryptor_0_xbip_pipe_v3_0_7_viv__parameterized51_1619
INFO: [VRFC 10-311] analyzing module chaos_cryptor_0_xbip_pipe_v3_0_7_viv__parameterized51_1621
INFO: [VRFC 10-311] analyzing module chaos_cryptor_0_xbip_pipe_v3_0_7_viv__parameterized51_163
INFO: [VRFC 10-311] analyzing module chaos_cryptor_0_xbip_pipe_v3_0_7_viv__parameterized51_1646
INFO: [VRFC 10-311] analyzing module chaos_cryptor_0_xbip_pipe_v3_0_7_viv__parameterized51_1722
INFO: [VRFC 10-311] analyzing module chaos_cryptor_0_xbip_pipe_v3_0_7_viv__parameterized51_1723
INFO: [VRFC 10-311] analyzing module chaos_cryptor_0_xbip_pipe_v3_0_7_viv__parameterized51_1725
INFO: [VRFC 10-311] analyzing module chaos_cryptor_0_xbip_pipe_v3_0_7_viv__parameterized51_1750
INFO: [VRFC 10-311] analyzing module chaos_cryptor_0_xbip_pipe_v3_0_7_viv__parameterized51_1826
INFO: [VRFC 10-311] analyzing module chaos_cryptor_0_xbip_pipe_v3_0_7_viv__parameterized51_1827
INFO: [VRFC 10-311] analyzing module chaos_cryptor_0_xbip_pipe_v3_0_7_viv__parameterized51_1829
INFO: [VRFC 10-311] analyzing module chaos_cryptor_0_xbip_pipe_v3_0_7_viv__parameterized51_1854
INFO: [VRFC 10-311] analyzing module chaos_cryptor_0_xbip_pipe_v3_0_7_viv__parameterized51_1930
INFO: [VRFC 10-311] analyzing module chaos_cryptor_0_xbip_pipe_v3_0_7_viv__parameterized51_1931
INFO: [VRFC 10-311] analyzing module chaos_cryptor_0_xbip_pipe_v3_0_7_viv__parameterized51_1933
INFO: [VRFC 10-311] analyzing module chaos_cryptor_0_xbip_pipe_v3_0_7_viv__parameterized51_1958
INFO: [VRFC 10-311] analyzing module chaos_cryptor_0_xbip_pipe_v3_0_7_viv__parameterized51_2034
INFO: [VRFC 10-311] analyzing module chaos_cryptor_0_xbip_pipe_v3_0_7_viv__parameterized51_2035
INFO: [VRFC 10-311] analyzing module chaos_cryptor_0_xbip_pipe_v3_0_7_viv__parameterized51_2037
INFO: [VRFC 10-311] analyzing module chaos_cryptor_0_xbip_pipe_v3_0_7_viv__parameterized51_2062
INFO: [VRFC 10-311] analyzing module chaos_cryptor_0_xbip_pipe_v3_0_7_viv__parameterized51_2138
INFO: [VRFC 10-311] analyzing module chaos_cryptor_0_xbip_pipe_v3_0_7_viv__parameterized51_2139
INFO: [VRFC 10-311] analyzing module chaos_cryptor_0_xbip_pipe_v3_0_7_viv__parameterized51_2141
INFO: [VRFC 10-311] analyzing module chaos_cryptor_0_xbip_pipe_v3_0_7_viv__parameterized51_2166
INFO: [VRFC 10-311] analyzing module chaos_cryptor_0_xbip_pipe_v3_0_7_viv__parameterized51_2242
INFO: [VRFC 10-311] analyzing module chaos_cryptor_0_xbip_pipe_v3_0_7_viv__parameterized51_2243
INFO: [VRFC 10-311] analyzing module chaos_cryptor_0_xbip_pipe_v3_0_7_viv__parameterized51_2245
INFO: [VRFC 10-311] analyzing module chaos_cryptor_0_xbip_pipe_v3_0_7_viv__parameterized51_2268
INFO: [VRFC 10-311] analyzing module chaos_cryptor_0_xbip_pipe_v3_0_7_viv__parameterized51_2326
INFO: [VRFC 10-311] analyzing module chaos_cryptor_0_xbip_pipe_v3_0_7_viv__parameterized51_2384
INFO: [VRFC 10-311] analyzing module chaos_cryptor_0_xbip_pipe_v3_0_7_viv__parameterized51_2442
INFO: [VRFC 10-311] analyzing module chaos_cryptor_0_xbip_pipe_v3_0_7_viv__parameterized51_2500
INFO: [VRFC 10-311] analyzing module chaos_cryptor_0_xbip_pipe_v3_0_7_viv__parameterized51_2558
INFO: [VRFC 10-311] analyzing module chaos_cryptor_0_xbip_pipe_v3_0_7_viv__parameterized51_2616
INFO: [VRFC 10-311] analyzing module chaos_cryptor_0_xbip_pipe_v3_0_7_viv__parameterized51_2674
INFO: [VRFC 10-311] analyzing module chaos_cryptor_0_xbip_pipe_v3_0_7_viv__parameterized51_2732
INFO: [VRFC 10-311] analyzing module chaos_cryptor_0_xbip_pipe_v3_0_7_viv__parameterized51_2790
INFO: [VRFC 10-311] analyzing module chaos_cryptor_0_xbip_pipe_v3_0_7_viv__parameterized51_2848
INFO: [VRFC 10-311] analyzing module chaos_cryptor_0_xbip_pipe_v3_0_7_viv__parameterized51_2906
INFO: [VRFC 10-311] analyzing module chaos_cryptor_0_xbip_pipe_v3_0_7_viv__parameterized51_33
INFO: [VRFC 10-311] analyzing module chaos_cryptor_0_xbip_pipe_v3_0_7_viv__parameterized51_34
INFO: [VRFC 10-311] analyzing module chaos_cryptor_0_xbip_pipe_v3_0_7_viv__parameterized51_36
INFO: [VRFC 10-311] analyzing module chaos_cryptor_0_xbip_pipe_v3_0_7_viv__parameterized51_368
INFO: [VRFC 10-311] analyzing module chaos_cryptor_0_xbip_pipe_v3_0_7_viv__parameterized51_444
INFO: [VRFC 10-311] analyzing module chaos_cryptor_0_xbip_pipe_v3_0_7_viv__parameterized51_445
INFO: [VRFC 10-311] analyzing module chaos_cryptor_0_xbip_pipe_v3_0_7_viv__parameterized51_447
INFO: [VRFC 10-311] analyzing module chaos_cryptor_0_xbip_pipe_v3_0_7_viv__parameterized51_47
INFO: [VRFC 10-311] analyzing module chaos_cryptor_0_xbip_pipe_v3_0_7_viv__parameterized51_470
INFO: [VRFC 10-311] analyzing module chaos_cryptor_0_xbip_pipe_v3_0_7_viv__parameterized51_529
INFO: [VRFC 10-311] analyzing module chaos_cryptor_0_xbip_pipe_v3_0_7_viv__parameterized51_601
INFO: [VRFC 10-311] analyzing module chaos_cryptor_0_xbip_pipe_v3_0_7_viv__parameterized51_602
INFO: [VRFC 10-311] analyzing module chaos_cryptor_0_xbip_pipe_v3_0_7_viv__parameterized51_604
INFO: [VRFC 10-311] analyzing module chaos_cryptor_0_xbip_pipe_v3_0_7_viv__parameterized51_851
INFO: [VRFC 10-311] analyzing module chaos_cryptor_0_xbip_pipe_v3_0_7_viv__parameterized51_88
INFO: [VRFC 10-311] analyzing module chaos_cryptor_0_xbip_pipe_v3_0_7_viv__parameterized51_927
INFO: [VRFC 10-311] analyzing module chaos_cryptor_0_xbip_pipe_v3_0_7_viv__parameterized51_928
INFO: [VRFC 10-311] analyzing module chaos_cryptor_0_xbip_pipe_v3_0_7_viv__parameterized51_930
INFO: [VRFC 10-311] analyzing module chaos_cryptor_0_xbip_pipe_v3_0_7_viv__parameterized51_953
INFO: [VRFC 10-311] analyzing module chaos_cryptor_0_xbip_pipe_v3_0_7_viv__parameterized53
INFO: [VRFC 10-311] analyzing module chaos_cryptor_0_xbip_pipe_v3_0_7_viv__parameterized53_2266
INFO: [VRFC 10-311] analyzing module chaos_cryptor_0_xbip_pipe_v3_0_7_viv__parameterized53_2324
INFO: [VRFC 10-311] analyzing module chaos_cryptor_0_xbip_pipe_v3_0_7_viv__parameterized53_2382
INFO: [VRFC 10-311] analyzing module chaos_cryptor_0_xbip_pipe_v3_0_7_viv__parameterized53_2440
INFO: [VRFC 10-311] analyzing module chaos_cryptor_0_xbip_pipe_v3_0_7_viv__parameterized53_2498
INFO: [VRFC 10-311] analyzing module chaos_cryptor_0_xbip_pipe_v3_0_7_viv__parameterized53_2556
INFO: [VRFC 10-311] analyzing module chaos_cryptor_0_xbip_pipe_v3_0_7_viv__parameterized53_2614
INFO: [VRFC 10-311] analyzing module chaos_cryptor_0_xbip_pipe_v3_0_7_viv__parameterized53_2672
INFO: [VRFC 10-311] analyzing module chaos_cryptor_0_xbip_pipe_v3_0_7_viv__parameterized53_2730
INFO: [VRFC 10-311] analyzing module chaos_cryptor_0_xbip_pipe_v3_0_7_viv__parameterized53_2788
INFO: [VRFC 10-311] analyzing module chaos_cryptor_0_xbip_pipe_v3_0_7_viv__parameterized53_2846
INFO: [VRFC 10-311] analyzing module chaos_cryptor_0_xbip_pipe_v3_0_7_viv__parameterized53_2904
INFO: [VRFC 10-311] analyzing module chaos_cryptor_0_xbip_pipe_v3_0_7_viv__parameterized53_468
INFO: [VRFC 10-311] analyzing module chaos_cryptor_0_xbip_pipe_v3_0_7_viv__parameterized53_951
INFO: [VRFC 10-311] analyzing module chaos_cryptor_0_xbip_pipe_v3_0_7_viv__parameterized54
INFO: [VRFC 10-311] analyzing module chaos_cryptor_0_xbip_pipe_v3_0_7_viv__parameterized54_1093
INFO: [VRFC 10-311] analyzing module chaos_cryptor_0_xbip_pipe_v3_0_7_viv__parameterized54_610
INFO: [VRFC 10-311] analyzing module chaos_cryptor_0_xbip_pipe_v3_0_7_viv__parameterized56
INFO: [VRFC 10-311] analyzing module chaos_cryptor_0_xbip_pipe_v3_0_7_viv__parameterized56_1091
INFO: [VRFC 10-311] analyzing module chaos_cryptor_0_xbip_pipe_v3_0_7_viv__parameterized56_1166
INFO: [VRFC 10-311] analyzing module chaos_cryptor_0_xbip_pipe_v3_0_7_viv__parameterized56_1170
INFO: [VRFC 10-311] analyzing module chaos_cryptor_0_xbip_pipe_v3_0_7_viv__parameterized56_1174
INFO: [VRFC 10-311] analyzing module chaos_cryptor_0_xbip_pipe_v3_0_7_viv__parameterized56_1178
INFO: [VRFC 10-311] analyzing module chaos_cryptor_0_xbip_pipe_v3_0_7_viv__parameterized56_1182
INFO: [VRFC 10-311] analyzing module chaos_cryptor_0_xbip_pipe_v3_0_7_viv__parameterized56_1186
INFO: [VRFC 10-311] analyzing module chaos_cryptor_0_xbip_pipe_v3_0_7_viv__parameterized56_1190
INFO: [VRFC 10-311] analyzing module chaos_cryptor_0_xbip_pipe_v3_0_7_viv__parameterized56_1195
INFO: [VRFC 10-311] analyzing module chaos_cryptor_0_xbip_pipe_v3_0_7_viv__parameterized56_1204
INFO: [VRFC 10-311] analyzing module chaos_cryptor_0_xbip_pipe_v3_0_7_viv__parameterized56_1208
INFO: [VRFC 10-311] analyzing module chaos_cryptor_0_xbip_pipe_v3_0_7_viv__parameterized56_1212
INFO: [VRFC 10-311] analyzing module chaos_cryptor_0_xbip_pipe_v3_0_7_viv__parameterized56_1216
INFO: [VRFC 10-311] analyzing module chaos_cryptor_0_xbip_pipe_v3_0_7_viv__parameterized56_1220
INFO: [VRFC 10-311] analyzing module chaos_cryptor_0_xbip_pipe_v3_0_7_viv__parameterized56_1225
INFO: [VRFC 10-311] analyzing module chaos_cryptor_0_xbip_pipe_v3_0_7_viv__parameterized56_1229
INFO: [VRFC 10-311] analyzing module chaos_cryptor_0_xbip_pipe_v3_0_7_viv__parameterized56_1233
INFO: [VRFC 10-311] analyzing module chaos_cryptor_0_xbip_pipe_v3_0_7_viv__parameterized56_1237
INFO: [VRFC 10-311] analyzing module chaos_cryptor_0_xbip_pipe_v3_0_7_viv__parameterized56_1241
INFO: [VRFC 10-311] analyzing module chaos_cryptor_0_xbip_pipe_v3_0_7_viv__parameterized56_1245
INFO: [VRFC 10-311] analyzing module chaos_cryptor_0_xbip_pipe_v3_0_7_viv__parameterized56_1249
INFO: [VRFC 10-311] analyzing module chaos_cryptor_0_xbip_pipe_v3_0_7_viv__parameterized56_1253
INFO: [VRFC 10-311] analyzing module chaos_cryptor_0_xbip_pipe_v3_0_7_viv__parameterized56_1257
INFO: [VRFC 10-311] analyzing module chaos_cryptor_0_xbip_pipe_v3_0_7_viv__parameterized56_1261
INFO: [VRFC 10-311] analyzing module chaos_cryptor_0_xbip_pipe_v3_0_7_viv__parameterized56_1265
INFO: [VRFC 10-311] analyzing module chaos_cryptor_0_xbip_pipe_v3_0_7_viv__parameterized56_1269
INFO: [VRFC 10-311] analyzing module chaos_cryptor_0_xbip_pipe_v3_0_7_viv__parameterized56_1417
INFO: [VRFC 10-311] analyzing module chaos_cryptor_0_xbip_pipe_v3_0_7_viv__parameterized56_1418
INFO: [VRFC 10-311] analyzing module chaos_cryptor_0_xbip_pipe_v3_0_7_viv__parameterized56_1521
INFO: [VRFC 10-311] analyzing module chaos_cryptor_0_xbip_pipe_v3_0_7_viv__parameterized56_1522
INFO: [VRFC 10-311] analyzing module chaos_cryptor_0_xbip_pipe_v3_0_7_viv__parameterized56_1625
INFO: [VRFC 10-311] analyzing module chaos_cryptor_0_xbip_pipe_v3_0_7_viv__parameterized56_1626
INFO: [VRFC 10-311] analyzing module chaos_cryptor_0_xbip_pipe_v3_0_7_viv__parameterized56_167
INFO: [VRFC 10-311] analyzing module chaos_cryptor_0_xbip_pipe_v3_0_7_viv__parameterized56_1729
INFO: [VRFC 10-311] analyzing module chaos_cryptor_0_xbip_pipe_v3_0_7_viv__parameterized56_1730
INFO: [VRFC 10-311] analyzing module chaos_cryptor_0_xbip_pipe_v3_0_7_viv__parameterized56_1833
INFO: [VRFC 10-311] analyzing module chaos_cryptor_0_xbip_pipe_v3_0_7_viv__parameterized56_1834
INFO: [VRFC 10-311] analyzing module chaos_cryptor_0_xbip_pipe_v3_0_7_viv__parameterized56_1937
INFO: [VRFC 10-311] analyzing module chaos_cryptor_0_xbip_pipe_v3_0_7_viv__parameterized56_1938
INFO: [VRFC 10-311] analyzing module chaos_cryptor_0_xbip_pipe_v3_0_7_viv__parameterized56_2041
INFO: [VRFC 10-311] analyzing module chaos_cryptor_0_xbip_pipe_v3_0_7_viv__parameterized56_2042
INFO: [VRFC 10-311] analyzing module chaos_cryptor_0_xbip_pipe_v3_0_7_viv__parameterized56_2145
INFO: [VRFC 10-311] analyzing module chaos_cryptor_0_xbip_pipe_v3_0_7_viv__parameterized56_2146
INFO: [VRFC 10-311] analyzing module chaos_cryptor_0_xbip_pipe_v3_0_7_viv__parameterized56_2249
INFO: [VRFC 10-311] analyzing module chaos_cryptor_0_xbip_pipe_v3_0_7_viv__parameterized56_2250
INFO: [VRFC 10-311] analyzing module chaos_cryptor_0_xbip_pipe_v3_0_7_viv__parameterized56_227
INFO: [VRFC 10-311] analyzing module chaos_cryptor_0_xbip_pipe_v3_0_7_viv__parameterized56_228
INFO: [VRFC 10-311] analyzing module chaos_cryptor_0_xbip_pipe_v3_0_7_viv__parameterized56_232
INFO: [VRFC 10-311] analyzing module chaos_cryptor_0_xbip_pipe_v3_0_7_viv__parameterized56_236
INFO: [VRFC 10-311] analyzing module chaos_cryptor_0_xbip_pipe_v3_0_7_viv__parameterized56_240
INFO: [VRFC 10-311] analyzing module chaos_cryptor_0_xbip_pipe_v3_0_7_viv__parameterized56_244
INFO: [VRFC 10-311] analyzing module chaos_cryptor_0_xbip_pipe_v3_0_7_viv__parameterized56_248
INFO: [VRFC 10-311] analyzing module chaos_cryptor_0_xbip_pipe_v3_0_7_viv__parameterized56_252
INFO: [VRFC 10-311] analyzing module chaos_cryptor_0_xbip_pipe_v3_0_7_viv__parameterized56_261
INFO: [VRFC 10-311] analyzing module chaos_cryptor_0_xbip_pipe_v3_0_7_viv__parameterized56_265
INFO: [VRFC 10-311] analyzing module chaos_cryptor_0_xbip_pipe_v3_0_7_viv__parameterized56_269
INFO: [VRFC 10-311] analyzing module chaos_cryptor_0_xbip_pipe_v3_0_7_viv__parameterized56_273
INFO: [VRFC 10-311] analyzing module chaos_cryptor_0_xbip_pipe_v3_0_7_viv__parameterized56_277
INFO: [VRFC 10-311] analyzing module chaos_cryptor_0_xbip_pipe_v3_0_7_viv__parameterized56_282
INFO: [VRFC 10-311] analyzing module chaos_cryptor_0_xbip_pipe_v3_0_7_viv__parameterized56_286
INFO: [VRFC 10-311] analyzing module chaos_cryptor_0_xbip_pipe_v3_0_7_viv__parameterized56_290
INFO: [VRFC 10-311] analyzing module chaos_cryptor_0_xbip_pipe_v3_0_7_viv__parameterized56_294
INFO: [VRFC 10-311] analyzing module chaos_cryptor_0_xbip_pipe_v3_0_7_viv__parameterized56_298
INFO: [VRFC 10-311] analyzing module chaos_cryptor_0_xbip_pipe_v3_0_7_viv__parameterized56_302
INFO: [VRFC 10-311] analyzing module chaos_cryptor_0_xbip_pipe_v3_0_7_viv__parameterized56_306
INFO: [VRFC 10-311] analyzing module chaos_cryptor_0_xbip_pipe_v3_0_7_viv__parameterized56_310
INFO: [VRFC 10-311] analyzing module chaos_cryptor_0_xbip_pipe_v3_0_7_viv__parameterized56_314
INFO: [VRFC 10-311] analyzing module chaos_cryptor_0_xbip_pipe_v3_0_7_viv__parameterized56_318
INFO: [VRFC 10-311] analyzing module chaos_cryptor_0_xbip_pipe_v3_0_7_viv__parameterized56_322
INFO: [VRFC 10-311] analyzing module chaos_cryptor_0_xbip_pipe_v3_0_7_viv__parameterized56_326
INFO: [VRFC 10-311] analyzing module chaos_cryptor_0_xbip_pipe_v3_0_7_viv__parameterized56_39
INFO: [VRFC 10-311] analyzing module chaos_cryptor_0_xbip_pipe_v3_0_7_viv__parameterized56_451
INFO: [VRFC 10-311] analyzing module chaos_cryptor_0_xbip_pipe_v3_0_7_viv__parameterized56_452
INFO: [VRFC 10-311] analyzing module chaos_cryptor_0_xbip_pipe_v3_0_7_viv__parameterized56_608
INFO: [VRFC 10-311] analyzing module chaos_cryptor_0_xbip_pipe_v3_0_7_viv__parameterized56_683
INFO: [VRFC 10-311] analyzing module chaos_cryptor_0_xbip_pipe_v3_0_7_viv__parameterized56_687
INFO: [VRFC 10-311] analyzing module chaos_cryptor_0_xbip_pipe_v3_0_7_viv__parameterized56_691
INFO: [VRFC 10-311] analyzing module chaos_cryptor_0_xbip_pipe_v3_0_7_viv__parameterized56_695
INFO: [VRFC 10-311] analyzing module chaos_cryptor_0_xbip_pipe_v3_0_7_viv__parameterized56_699
INFO: [VRFC 10-311] analyzing module chaos_cryptor_0_xbip_pipe_v3_0_7_viv__parameterized56_703
INFO: [VRFC 10-311] analyzing module chaos_cryptor_0_xbip_pipe_v3_0_7_viv__parameterized56_707
INFO: [VRFC 10-311] analyzing module chaos_cryptor_0_xbip_pipe_v3_0_7_viv__parameterized56_712
INFO: [VRFC 10-311] analyzing module chaos_cryptor_0_xbip_pipe_v3_0_7_viv__parameterized56_721
INFO: [VRFC 10-311] analyzing module chaos_cryptor_0_xbip_pipe_v3_0_7_viv__parameterized56_725
INFO: [VRFC 10-311] analyzing module chaos_cryptor_0_xbip_pipe_v3_0_7_viv__parameterized56_729
INFO: [VRFC 10-311] analyzing module chaos_cryptor_0_xbip_pipe_v3_0_7_viv__parameterized56_733
INFO: [VRFC 10-311] analyzing module chaos_cryptor_0_xbip_pipe_v3_0_7_viv__parameterized56_737
INFO: [VRFC 10-311] analyzing module chaos_cryptor_0_xbip_pipe_v3_0_7_viv__parameterized56_742
INFO: [VRFC 10-311] analyzing module chaos_cryptor_0_xbip_pipe_v3_0_7_viv__parameterized56_746
INFO: [VRFC 10-311] analyzing module chaos_cryptor_0_xbip_pipe_v3_0_7_viv__parameterized56_750
INFO: [VRFC 10-311] analyzing module chaos_cryptor_0_xbip_pipe_v3_0_7_viv__parameterized56_754
INFO: [VRFC 10-311] analyzing module chaos_cryptor_0_xbip_pipe_v3_0_7_viv__parameterized56_758
INFO: [VRFC 10-311] analyzing module chaos_cryptor_0_xbip_pipe_v3_0_7_viv__parameterized56_762
INFO: [VRFC 10-311] analyzing module chaos_cryptor_0_xbip_pipe_v3_0_7_viv__parameterized56_766
INFO: [VRFC 10-311] analyzing module chaos_cryptor_0_xbip_pipe_v3_0_7_viv__parameterized56_770
INFO: [VRFC 10-311] analyzing module chaos_cryptor_0_xbip_pipe_v3_0_7_viv__parameterized56_774
INFO: [VRFC 10-311] analyzing module chaos_cryptor_0_xbip_pipe_v3_0_7_viv__parameterized56_778
INFO: [VRFC 10-311] analyzing module chaos_cryptor_0_xbip_pipe_v3_0_7_viv__parameterized56_782
INFO: [VRFC 10-311] analyzing module chaos_cryptor_0_xbip_pipe_v3_0_7_viv__parameterized56_786
INFO: [VRFC 10-311] analyzing module chaos_cryptor_0_xbip_pipe_v3_0_7_viv__parameterized56_934
INFO: [VRFC 10-311] analyzing module chaos_cryptor_0_xbip_pipe_v3_0_7_viv__parameterized56_935
INFO: [VRFC 10-311] analyzing module chaos_cryptor_0_xbip_pipe_v3_0_7_viv__parameterized58
INFO: [VRFC 10-311] analyzing module chaos_cryptor_0_xbip_pipe_v3_0_7_viv__parameterized58_1169
INFO: [VRFC 10-311] analyzing module chaos_cryptor_0_xbip_pipe_v3_0_7_viv__parameterized58_1173
INFO: [VRFC 10-311] analyzing module chaos_cryptor_0_xbip_pipe_v3_0_7_viv__parameterized58_1177
INFO: [VRFC 10-311] analyzing module chaos_cryptor_0_xbip_pipe_v3_0_7_viv__parameterized58_1181
INFO: [VRFC 10-311] analyzing module chaos_cryptor_0_xbip_pipe_v3_0_7_viv__parameterized58_1185
INFO: [VRFC 10-311] analyzing module chaos_cryptor_0_xbip_pipe_v3_0_7_viv__parameterized58_1189
INFO: [VRFC 10-311] analyzing module chaos_cryptor_0_xbip_pipe_v3_0_7_viv__parameterized58_1193
INFO: [VRFC 10-311] analyzing module chaos_cryptor_0_xbip_pipe_v3_0_7_viv__parameterized58_1198
INFO: [VRFC 10-311] analyzing module chaos_cryptor_0_xbip_pipe_v3_0_7_viv__parameterized58_1202
INFO: [VRFC 10-311] analyzing module chaos_cryptor_0_xbip_pipe_v3_0_7_viv__parameterized58_1207
INFO: [VRFC 10-311] analyzing module chaos_cryptor_0_xbip_pipe_v3_0_7_viv__parameterized58_1211
INFO: [VRFC 10-311] analyzing module chaos_cryptor_0_xbip_pipe_v3_0_7_viv__parameterized58_1215
INFO: [VRFC 10-311] analyzing module chaos_cryptor_0_xbip_pipe_v3_0_7_viv__parameterized58_1219
INFO: [VRFC 10-311] analyzing module chaos_cryptor_0_xbip_pipe_v3_0_7_viv__parameterized58_1223
INFO: [VRFC 10-311] analyzing module chaos_cryptor_0_xbip_pipe_v3_0_7_viv__parameterized58_1228
INFO: [VRFC 10-311] analyzing module chaos_cryptor_0_xbip_pipe_v3_0_7_viv__parameterized58_1232
INFO: [VRFC 10-311] analyzing module chaos_cryptor_0_xbip_pipe_v3_0_7_viv__parameterized58_1236
INFO: [VRFC 10-311] analyzing module chaos_cryptor_0_xbip_pipe_v3_0_7_viv__parameterized58_1240
INFO: [VRFC 10-311] analyzing module chaos_cryptor_0_xbip_pipe_v3_0_7_viv__parameterized58_1244
INFO: [VRFC 10-311] analyzing module chaos_cryptor_0_xbip_pipe_v3_0_7_viv__parameterized58_1248
INFO: [VRFC 10-311] analyzing module chaos_cryptor_0_xbip_pipe_v3_0_7_viv__parameterized58_1252
INFO: [VRFC 10-311] analyzing module chaos_cryptor_0_xbip_pipe_v3_0_7_viv__parameterized58_1256
INFO: [VRFC 10-311] analyzing module chaos_cryptor_0_xbip_pipe_v3_0_7_viv__parameterized58_1260
INFO: [VRFC 10-311] analyzing module chaos_cryptor_0_xbip_pipe_v3_0_7_viv__parameterized58_1264
INFO: [VRFC 10-311] analyzing module chaos_cryptor_0_xbip_pipe_v3_0_7_viv__parameterized58_1268
INFO: [VRFC 10-311] analyzing module chaos_cryptor_0_xbip_pipe_v3_0_7_viv__parameterized58_1272
INFO: [VRFC 10-311] analyzing module chaos_cryptor_0_xbip_pipe_v3_0_7_viv__parameterized58_231
INFO: [VRFC 10-311] analyzing module chaos_cryptor_0_xbip_pipe_v3_0_7_viv__parameterized58_235
INFO: [VRFC 10-311] analyzing module chaos_cryptor_0_xbip_pipe_v3_0_7_viv__parameterized58_239
INFO: [VRFC 10-311] analyzing module chaos_cryptor_0_xbip_pipe_v3_0_7_viv__parameterized58_243
INFO: [VRFC 10-311] analyzing module chaos_cryptor_0_xbip_pipe_v3_0_7_viv__parameterized58_247
INFO: [VRFC 10-311] analyzing module chaos_cryptor_0_xbip_pipe_v3_0_7_viv__parameterized58_251
INFO: [VRFC 10-311] analyzing module chaos_cryptor_0_xbip_pipe_v3_0_7_viv__parameterized58_255
INFO: [VRFC 10-311] analyzing module chaos_cryptor_0_xbip_pipe_v3_0_7_viv__parameterized58_259
INFO: [VRFC 10-311] analyzing module chaos_cryptor_0_xbip_pipe_v3_0_7_viv__parameterized58_264
INFO: [VRFC 10-311] analyzing module chaos_cryptor_0_xbip_pipe_v3_0_7_viv__parameterized58_268
INFO: [VRFC 10-311] analyzing module chaos_cryptor_0_xbip_pipe_v3_0_7_viv__parameterized58_272
INFO: [VRFC 10-311] analyzing module chaos_cryptor_0_xbip_pipe_v3_0_7_viv__parameterized58_276
INFO: [VRFC 10-311] analyzing module chaos_cryptor_0_xbip_pipe_v3_0_7_viv__parameterized58_280
INFO: [VRFC 10-311] analyzing module chaos_cryptor_0_xbip_pipe_v3_0_7_viv__parameterized58_285
INFO: [VRFC 10-311] analyzing module chaos_cryptor_0_xbip_pipe_v3_0_7_viv__parameterized58_289
INFO: [VRFC 10-311] analyzing module chaos_cryptor_0_xbip_pipe_v3_0_7_viv__parameterized58_293
INFO: [VRFC 10-311] analyzing module chaos_cryptor_0_xbip_pipe_v3_0_7_viv__parameterized58_297
INFO: [VRFC 10-311] analyzing module chaos_cryptor_0_xbip_pipe_v3_0_7_viv__parameterized58_301
INFO: [VRFC 10-311] analyzing module chaos_cryptor_0_xbip_pipe_v3_0_7_viv__parameterized58_305
INFO: [VRFC 10-311] analyzing module chaos_cryptor_0_xbip_pipe_v3_0_7_viv__parameterized58_309
INFO: [VRFC 10-311] analyzing module chaos_cryptor_0_xbip_pipe_v3_0_7_viv__parameterized58_313
INFO: [VRFC 10-311] analyzing module chaos_cryptor_0_xbip_pipe_v3_0_7_viv__parameterized58_317
INFO: [VRFC 10-311] analyzing module chaos_cryptor_0_xbip_pipe_v3_0_7_viv__parameterized58_321
INFO: [VRFC 10-311] analyzing module chaos_cryptor_0_xbip_pipe_v3_0_7_viv__parameterized58_325
INFO: [VRFC 10-311] analyzing module chaos_cryptor_0_xbip_pipe_v3_0_7_viv__parameterized58_329
INFO: [VRFC 10-311] analyzing module chaos_cryptor_0_xbip_pipe_v3_0_7_viv__parameterized58_686
INFO: [VRFC 10-311] analyzing module chaos_cryptor_0_xbip_pipe_v3_0_7_viv__parameterized58_690
INFO: [VRFC 10-311] analyzing module chaos_cryptor_0_xbip_pipe_v3_0_7_viv__parameterized58_694
INFO: [VRFC 10-311] analyzing module chaos_cryptor_0_xbip_pipe_v3_0_7_viv__parameterized58_698
INFO: [VRFC 10-311] analyzing module chaos_cryptor_0_xbip_pipe_v3_0_7_viv__parameterized58_702
INFO: [VRFC 10-311] analyzing module chaos_cryptor_0_xbip_pipe_v3_0_7_viv__parameterized58_706
INFO: [VRFC 10-311] analyzing module chaos_cryptor_0_xbip_pipe_v3_0_7_viv__parameterized58_710
INFO: [VRFC 10-311] analyzing module chaos_cryptor_0_xbip_pipe_v3_0_7_viv__parameterized58_715
INFO: [VRFC 10-311] analyzing module chaos_cryptor_0_xbip_pipe_v3_0_7_viv__parameterized58_719
INFO: [VRFC 10-311] analyzing module chaos_cryptor_0_xbip_pipe_v3_0_7_viv__parameterized58_724
INFO: [VRFC 10-311] analyzing module chaos_cryptor_0_xbip_pipe_v3_0_7_viv__parameterized58_728
INFO: [VRFC 10-311] analyzing module chaos_cryptor_0_xbip_pipe_v3_0_7_viv__parameterized58_732
INFO: [VRFC 10-311] analyzing module chaos_cryptor_0_xbip_pipe_v3_0_7_viv__parameterized58_736
INFO: [VRFC 10-311] analyzing module chaos_cryptor_0_xbip_pipe_v3_0_7_viv__parameterized58_740
INFO: [VRFC 10-311] analyzing module chaos_cryptor_0_xbip_pipe_v3_0_7_viv__parameterized58_745
INFO: [VRFC 10-311] analyzing module chaos_cryptor_0_xbip_pipe_v3_0_7_viv__parameterized58_749
INFO: [VRFC 10-311] analyzing module chaos_cryptor_0_xbip_pipe_v3_0_7_viv__parameterized58_753
INFO: [VRFC 10-311] analyzing module chaos_cryptor_0_xbip_pipe_v3_0_7_viv__parameterized58_757
INFO: [VRFC 10-311] analyzing module chaos_cryptor_0_xbip_pipe_v3_0_7_viv__parameterized58_761
INFO: [VRFC 10-311] analyzing module chaos_cryptor_0_xbip_pipe_v3_0_7_viv__parameterized58_765
INFO: [VRFC 10-311] analyzing module chaos_cryptor_0_xbip_pipe_v3_0_7_viv__parameterized58_769
INFO: [VRFC 10-311] analyzing module chaos_cryptor_0_xbip_pipe_v3_0_7_viv__parameterized58_773
INFO: [VRFC 10-311] analyzing module chaos_cryptor_0_xbip_pipe_v3_0_7_viv__parameterized58_777
INFO: [VRFC 10-311] analyzing module chaos_cryptor_0_xbip_pipe_v3_0_7_viv__parameterized58_781
INFO: [VRFC 10-311] analyzing module chaos_cryptor_0_xbip_pipe_v3_0_7_viv__parameterized58_785
INFO: [VRFC 10-311] analyzing module chaos_cryptor_0_xbip_pipe_v3_0_7_viv__parameterized58_789
INFO: [VRFC 10-311] analyzing module chaos_cryptor_0_xbip_pipe_v3_0_7_viv__parameterized60
INFO: [VRFC 10-311] analyzing module chaos_cryptor_0_xbip_pipe_v3_0_7_viv__parameterized60_1194
INFO: [VRFC 10-311] analyzing module chaos_cryptor_0_xbip_pipe_v3_0_7_viv__parameterized60_1199
INFO: [VRFC 10-311] analyzing module chaos_cryptor_0_xbip_pipe_v3_0_7_viv__parameterized60_1203
INFO: [VRFC 10-311] analyzing module chaos_cryptor_0_xbip_pipe_v3_0_7_viv__parameterized60_1224
INFO: [VRFC 10-311] analyzing module chaos_cryptor_0_xbip_pipe_v3_0_7_viv__parameterized60_256
INFO: [VRFC 10-311] analyzing module chaos_cryptor_0_xbip_pipe_v3_0_7_viv__parameterized60_260
INFO: [VRFC 10-311] analyzing module chaos_cryptor_0_xbip_pipe_v3_0_7_viv__parameterized60_281
INFO: [VRFC 10-311] analyzing module chaos_cryptor_0_xbip_pipe_v3_0_7_viv__parameterized60_711
INFO: [VRFC 10-311] analyzing module chaos_cryptor_0_xbip_pipe_v3_0_7_viv__parameterized60_716
INFO: [VRFC 10-311] analyzing module chaos_cryptor_0_xbip_pipe_v3_0_7_viv__parameterized60_720
INFO: [VRFC 10-311] analyzing module chaos_cryptor_0_xbip_pipe_v3_0_7_viv__parameterized60_741
INFO: [VRFC 10-311] analyzing module chaos_cryptor_0_xbip_pipe_v3_0_7_viv__parameterized64
INFO: [VRFC 10-311] analyzing module chaos_cryptor_0_xbip_pipe_v3_0_7_viv__parameterized64_1300
INFO: [VRFC 10-311] analyzing module chaos_cryptor_0_xbip_pipe_v3_0_7_viv__parameterized64_817
INFO: [VRFC 10-311] analyzing module chaos_cryptor_0_xbip_pipe_v3_0_7_viv__parameterized66
INFO: [VRFC 10-311] analyzing module chaos_cryptor_0_xbip_pipe_v3_0_7_viv__parameterized66_1294
INFO: [VRFC 10-311] analyzing module chaos_cryptor_0_xbip_pipe_v3_0_7_viv__parameterized66_811
INFO: [VRFC 10-311] analyzing module chaos_cryptor_0_xbip_pipe_v3_0_7_viv__parameterized68
INFO: [VRFC 10-311] analyzing module chaos_cryptor_0_xbip_pipe_v3_0_7_viv__parameterized68_1290
INFO: [VRFC 10-311] analyzing module chaos_cryptor_0_xbip_pipe_v3_0_7_viv__parameterized68_807
INFO: [VRFC 10-311] analyzing module chaos_cryptor_0_xbip_pipe_v3_0_7_viv__parameterized70
INFO: [VRFC 10-311] analyzing module chaos_cryptor_0_xbip_pipe_v3_0_7_viv__parameterized70_1296
INFO: [VRFC 10-311] analyzing module chaos_cryptor_0_xbip_pipe_v3_0_7_viv__parameterized70_813
INFO: [VRFC 10-311] analyzing module chaos_cryptor_0_xbip_pipe_v3_0_7_viv__parameterized72
INFO: [VRFC 10-311] analyzing module chaos_cryptor_0_xbip_pipe_v3_0_7_viv__parameterized72_1297
INFO: [VRFC 10-311] analyzing module chaos_cryptor_0_xbip_pipe_v3_0_7_viv__parameterized72_1302
INFO: [VRFC 10-311] analyzing module chaos_cryptor_0_xbip_pipe_v3_0_7_viv__parameterized72_337
INFO: [VRFC 10-311] analyzing module chaos_cryptor_0_xbip_pipe_v3_0_7_viv__parameterized72_814
INFO: [VRFC 10-311] analyzing module chaos_cryptor_0_xbip_pipe_v3_0_7_viv__parameterized72_819
INFO: [VRFC 10-311] analyzing module chaos_cryptor_0_xbip_pipe_v3_0_7_viv__parameterized74
INFO: [VRFC 10-311] analyzing module chaos_cryptor_0_xbip_pipe_v3_0_7_viv__parameterized74_1301
INFO: [VRFC 10-311] analyzing module chaos_cryptor_0_xbip_pipe_v3_0_7_viv__parameterized74_818
INFO: [VRFC 10-311] analyzing module chaos_cryptor_0_xbip_pipe_v3_0_7_viv__parameterized76
INFO: [VRFC 10-311] analyzing module chaos_cryptor_0_xbip_pipe_v3_0_7_viv__parameterized76_1293
INFO: [VRFC 10-311] analyzing module chaos_cryptor_0_xbip_pipe_v3_0_7_viv__parameterized76_810
INFO: [VRFC 10-311] analyzing module chaos_cryptor_0_xbip_pipe_v3_0_7_viv__parameterized78
INFO: [VRFC 10-311] analyzing module chaos_cryptor_0_xbip_pipe_v3_0_7_viv__parameterized78_1289
INFO: [VRFC 10-311] analyzing module chaos_cryptor_0_xbip_pipe_v3_0_7_viv__parameterized78_806
INFO: [VRFC 10-311] analyzing module chaos_cryptor_0_xbip_pipe_v3_0_7_viv__parameterized80
INFO: [VRFC 10-311] analyzing module chaos_cryptor_0_xbip_pipe_v3_0_7_viv__parameterized80_1298
INFO: [VRFC 10-311] analyzing module chaos_cryptor_0_xbip_pipe_v3_0_7_viv__parameterized80_815
INFO: [VRFC 10-311] analyzing module chaos_cryptor_0_xbip_pipe_v3_0_7_viv__parameterized82
INFO: [VRFC 10-311] analyzing module chaos_cryptor_0_xbip_pipe_v3_0_7_viv__parameterized82_1299
INFO: [VRFC 10-311] analyzing module chaos_cryptor_0_xbip_pipe_v3_0_7_viv__parameterized82_816
INFO: [VRFC 10-311] analyzing module chaos_cryptor_0_xbip_pipe_v3_0_7_viv__parameterized92
INFO: [VRFC 10-311] analyzing module chaos_cryptor_0_xbip_pipe_v3_0_7_viv__parameterized92_1068
INFO: [VRFC 10-311] analyzing module chaos_cryptor_0_xbip_pipe_v3_0_7_viv__parameterized92_1070
INFO: [VRFC 10-311] analyzing module chaos_cryptor_0_xbip_pipe_v3_0_7_viv__parameterized92_1109
INFO: [VRFC 10-311] analyzing module chaos_cryptor_0_xbip_pipe_v3_0_7_viv__parameterized92_1110
INFO: [VRFC 10-311] analyzing module chaos_cryptor_0_xbip_pipe_v3_0_7_viv__parameterized92_1393
INFO: [VRFC 10-311] analyzing module chaos_cryptor_0_xbip_pipe_v3_0_7_viv__parameterized92_1396
INFO: [VRFC 10-311] analyzing module chaos_cryptor_0_xbip_pipe_v3_0_7_viv__parameterized92_144
INFO: [VRFC 10-311] analyzing module chaos_cryptor_0_xbip_pipe_v3_0_7_viv__parameterized92_146
INFO: [VRFC 10-311] analyzing module chaos_cryptor_0_xbip_pipe_v3_0_7_viv__parameterized92_1497
INFO: [VRFC 10-311] analyzing module chaos_cryptor_0_xbip_pipe_v3_0_7_viv__parameterized92_1500
INFO: [VRFC 10-311] analyzing module chaos_cryptor_0_xbip_pipe_v3_0_7_viv__parameterized92_1601
INFO: [VRFC 10-311] analyzing module chaos_cryptor_0_xbip_pipe_v3_0_7_viv__parameterized92_1604
INFO: [VRFC 10-311] analyzing module chaos_cryptor_0_xbip_pipe_v3_0_7_viv__parameterized92_1705
INFO: [VRFC 10-311] analyzing module chaos_cryptor_0_xbip_pipe_v3_0_7_viv__parameterized92_1708
INFO: [VRFC 10-311] analyzing module chaos_cryptor_0_xbip_pipe_v3_0_7_viv__parameterized92_172
INFO: [VRFC 10-311] analyzing module chaos_cryptor_0_xbip_pipe_v3_0_7_viv__parameterized92_173
INFO: [VRFC 10-311] analyzing module chaos_cryptor_0_xbip_pipe_v3_0_7_viv__parameterized92_1809
INFO: [VRFC 10-311] analyzing module chaos_cryptor_0_xbip_pipe_v3_0_7_viv__parameterized92_1812
INFO: [VRFC 10-311] analyzing module chaos_cryptor_0_xbip_pipe_v3_0_7_viv__parameterized92_1913
INFO: [VRFC 10-311] analyzing module chaos_cryptor_0_xbip_pipe_v3_0_7_viv__parameterized92_1916
INFO: [VRFC 10-311] analyzing module chaos_cryptor_0_xbip_pipe_v3_0_7_viv__parameterized92_2017
INFO: [VRFC 10-311] analyzing module chaos_cryptor_0_xbip_pipe_v3_0_7_viv__parameterized92_2020
INFO: [VRFC 10-311] analyzing module chaos_cryptor_0_xbip_pipe_v3_0_7_viv__parameterized92_2121
INFO: [VRFC 10-311] analyzing module chaos_cryptor_0_xbip_pipe_v3_0_7_viv__parameterized92_2124
INFO: [VRFC 10-311] analyzing module chaos_cryptor_0_xbip_pipe_v3_0_7_viv__parameterized92_2225
INFO: [VRFC 10-311] analyzing module chaos_cryptor_0_xbip_pipe_v3_0_7_viv__parameterized92_2228
INFO: [VRFC 10-311] analyzing module chaos_cryptor_0_xbip_pipe_v3_0_7_viv__parameterized92_26
INFO: [VRFC 10-311] analyzing module chaos_cryptor_0_xbip_pipe_v3_0_7_viv__parameterized92_427
INFO: [VRFC 10-311] analyzing module chaos_cryptor_0_xbip_pipe_v3_0_7_viv__parameterized92_430
INFO: [VRFC 10-311] analyzing module chaos_cryptor_0_xbip_pipe_v3_0_7_viv__parameterized92_585
INFO: [VRFC 10-311] analyzing module chaos_cryptor_0_xbip_pipe_v3_0_7_viv__parameterized92_587
INFO: [VRFC 10-311] analyzing module chaos_cryptor_0_xbip_pipe_v3_0_7_viv__parameterized92_626
INFO: [VRFC 10-311] analyzing module chaos_cryptor_0_xbip_pipe_v3_0_7_viv__parameterized92_627
INFO: [VRFC 10-311] analyzing module chaos_cryptor_0_xbip_pipe_v3_0_7_viv__parameterized92_910
INFO: [VRFC 10-311] analyzing module chaos_cryptor_0_xbip_pipe_v3_0_7_viv__parameterized92_913
INFO: [VRFC 10-311] analyzing module glbl
INFO: [VRFC 10-2263] Analyzing Verilog file "/home/vinhphat-josh/Repos/Chaos_Based_Symmetric_Image_Encryption/vivado/Chaos_Based_Symmetric_Image_Encryption/Chaos_Based_Symmetric_Image_Encryption.gen/sources_1/ip/floating_point_mul/floating_point_mul_sim_netlist.v" into library xil_defaultlib
INFO: [VRFC 10-311] analyzing module floating_point_mul
INFO: [VRFC 10-311] analyzing module floating_point_mul_floating_point_v7_1_16
INFO: [VRFC 10-311] analyzing module floating_point_mul_carry_chain
INFO: [VRFC 10-311] analyzing module floating_point_mul_carry_chain__parameterized0
INFO: [VRFC 10-311] analyzing module floating_point_mul_carry_chain__parameterized0_15
INFO: [VRFC 10-311] analyzing module floating_point_mul_compare_eq_im
INFO: [VRFC 10-311] analyzing module floating_point_mul_compare_eq_im_14
INFO: [VRFC 10-311] analyzing module floating_point_mul_delay__parameterized11
INFO: [VRFC 10-311] analyzing module floating_point_mul_delay__parameterized13
INFO: [VRFC 10-311] analyzing module floating_point_mul_delay__parameterized13_12
INFO: [VRFC 10-311] analyzing module floating_point_mul_delay__parameterized13_13
INFO: [VRFC 10-311] analyzing module floating_point_mul_delay__parameterized13_8
INFO: [VRFC 10-311] analyzing module floating_point_mul_delay__parameterized13_9
INFO: [VRFC 10-311] analyzing module floating_point_mul_delay__parameterized14
INFO: [VRFC 10-311] analyzing module floating_point_mul_delay__parameterized17
INFO: [VRFC 10-311] analyzing module floating_point_mul_delay__parameterized18
INFO: [VRFC 10-311] analyzing module floating_point_mul_delay__parameterized19
INFO: [VRFC 10-311] analyzing module floating_point_mul_delay__parameterized20
INFO: [VRFC 10-311] analyzing module floating_point_mul_delay__parameterized21
INFO: [VRFC 10-311] analyzing module floating_point_mul_delay__parameterized23
INFO: [VRFC 10-311] analyzing module floating_point_mul_delay__parameterized25
INFO: [VRFC 10-311] analyzing module floating_point_mul_delay__parameterized28
INFO: [VRFC 10-311] analyzing module floating_point_mul_delay__parameterized29
INFO: [VRFC 10-311] analyzing module floating_point_mul_delay__parameterized6
INFO: [VRFC 10-311] analyzing module floating_point_mul_delay__parameterized6_0
INFO: [VRFC 10-311] analyzing module floating_point_mul_delay__parameterized6_1
INFO: [VRFC 10-311] analyzing module floating_point_mul_delay__parameterized6_4
INFO: [VRFC 10-311] analyzing module floating_point_mul_dsp48e1_wrapper
INFO: [VRFC 10-311] analyzing module floating_point_mul_dsp48e1_wrapper__parameterized0
INFO: [VRFC 10-311] analyzing module floating_point_mul_dsp48e1_wrapper__parameterized1
INFO: [VRFC 10-311] analyzing module floating_point_mul_fix_mult
INFO: [VRFC 10-311] analyzing module floating_point_mul_fix_mult_dsp48e1_sgl
INFO: [VRFC 10-311] analyzing module floating_point_mul_floating_point_v7_1_16_viv
INFO: [VRFC 10-311] analyzing module floating_point_mul_flt_dec_op_lat
INFO: [VRFC 10-311] analyzing module floating_point_mul_flt_mult
INFO: [VRFC 10-311] analyzing module floating_point_mul_flt_mult_exp
INFO: [VRFC 10-311] analyzing module floating_point_mul_flt_mult_round
INFO: [VRFC 10-311] analyzing module floating_point_mul_flt_round_dsp_opt_full
INFO: [VRFC 10-311] analyzing module floating_point_mul_special_detect
INFO: [VRFC 10-311] analyzing module floating_point_mul_special_detect_6
INFO: [VRFC 10-311] analyzing module floating_point_mul_xbip_pipe_v3_0_7_viv
INFO: [VRFC 10-311] analyzing module floating_point_mul_xbip_pipe_v3_0_7_viv__parameterized15
INFO: [VRFC 10-311] analyzing module floating_point_mul_xbip_pipe_v3_0_7_viv__parameterized15_2
INFO: [VRFC 10-311] analyzing module floating_point_mul_xbip_pipe_v3_0_7_viv__parameterized15_3
INFO: [VRFC 10-311] analyzing module floating_point_mul_xbip_pipe_v3_0_7_viv__parameterized15_5
INFO: [VRFC 10-311] analyzing module floating_point_mul_xbip_pipe_v3_0_7_viv__parameterized15_7
INFO: [VRFC 10-311] analyzing module floating_point_mul_xbip_pipe_v3_0_7_viv__parameterized23
INFO: [VRFC 10-311] analyzing module floating_point_mul_xbip_pipe_v3_0_7_viv__parameterized25
INFO: [VRFC 10-311] analyzing module floating_point_mul_xbip_pipe_v3_0_7_viv__parameterized25_10
INFO: [VRFC 10-311] analyzing module floating_point_mul_xbip_pipe_v3_0_7_viv__parameterized25_11
INFO: [VRFC 10-311] analyzing module floating_point_mul_xbip_pipe_v3_0_7_viv__parameterized25_16
INFO: [VRFC 10-311] analyzing module floating_point_mul_xbip_pipe_v3_0_7_viv__parameterized25_17
INFO: [VRFC 10-311] analyzing module floating_point_mul_xbip_pipe_v3_0_7_viv__parameterized29
INFO: [VRFC 10-311] analyzing module floating_point_mul_xbip_pipe_v3_0_7_viv__parameterized31
INFO: [VRFC 10-311] analyzing module floating_point_mul_xbip_pipe_v3_0_7_viv__parameterized33
INFO: [VRFC 10-311] analyzing module floating_point_mul_xbip_pipe_v3_0_7_viv__parameterized35
INFO: [VRFC 10-311] analyzing module floating_point_mul_xbip_pipe_v3_0_7_viv__parameterized37
INFO: [VRFC 10-311] analyzing module floating_point_mul_xbip_pipe_v3_0_7_viv__parameterized41
INFO: [VRFC 10-311] analyzing module floating_point_mul_xbip_pipe_v3_0_7_viv__parameterized45
INFO: [VRFC 10-311] analyzing module floating_point_mul_xbip_pipe_v3_0_7_viv__parameterized51
INFO: [VRFC 10-311] analyzing module floating_point_mul_xbip_pipe_v3_0_7_viv__parameterized53
INFO: [VRFC 10-2263] Analyzing Verilog file "/home/vinhphat-josh/Repos/Chaos_Based_Symmetric_Image_Encryption/RTL/top/Crypto_Engine.v" into library xil_defaultlib
INFO: [VRFC 10-311] analyzing module crypto_engine_core
INFO: [VRFC 10-2263] Analyzing Verilog file "/home/vinhphat-josh/Repos/Chaos_Based_Symmetric_Image_Encryption/vivado/Chaos_Based_Symmetric_Image_Encryption/Chaos_Based_Symmetric_Image_Encryption.gen/sources_1/ip/floating_point_div/floating_point_div_sim_netlist.v" into library xil_defaultlib
INFO: [VRFC 10-311] analyzing module floating_point_div
INFO: [VRFC 10-311] analyzing module floating_point_div_floating_point_v7_1_16
INFO: [VRFC 10-311] analyzing module floating_point_div_carry_chain
INFO: [VRFC 10-311] analyzing module floating_point_div_carry_chain_102
INFO: [VRFC 10-311] analyzing module floating_point_div_carry_chain_106
INFO: [VRFC 10-311] analyzing module floating_point_div_carry_chain_111
INFO: [VRFC 10-311] analyzing module floating_point_div_carry_chain_115
INFO: [VRFC 10-311] analyzing module floating_point_div_carry_chain_119
INFO: [VRFC 10-311] analyzing module floating_point_div_carry_chain_123
INFO: [VRFC 10-311] analyzing module floating_point_div_carry_chain_127
INFO: [VRFC 10-311] analyzing module floating_point_div_carry_chain_131
INFO: [VRFC 10-311] analyzing module floating_point_div_carry_chain_135
INFO: [VRFC 10-311] analyzing module floating_point_div_carry_chain_139
INFO: [VRFC 10-311] analyzing module floating_point_div_carry_chain_143
INFO: [VRFC 10-311] analyzing module floating_point_div_carry_chain_147
INFO: [VRFC 10-311] analyzing module floating_point_div_carry_chain_151
INFO: [VRFC 10-311] analyzing module floating_point_div_carry_chain_155
INFO: [VRFC 10-311] analyzing module floating_point_div_carry_chain_57
INFO: [VRFC 10-311] analyzing module floating_point_div_carry_chain_61
INFO: [VRFC 10-311] analyzing module floating_point_div_carry_chain_65
INFO: [VRFC 10-311] analyzing module floating_point_div_carry_chain_69
INFO: [VRFC 10-311] analyzing module floating_point_div_carry_chain_73
INFO: [VRFC 10-311] analyzing module floating_point_div_carry_chain_77
INFO: [VRFC 10-311] analyzing module floating_point_div_carry_chain_81
INFO: [VRFC 10-311] analyzing module floating_point_div_carry_chain_85
INFO: [VRFC 10-311] analyzing module floating_point_div_carry_chain_90
INFO: [VRFC 10-311] analyzing module floating_point_div_carry_chain_94
INFO: [VRFC 10-311] analyzing module floating_point_div_carry_chain_98
INFO: [VRFC 10-311] analyzing module floating_point_div_carry_chain__parameterized0
INFO: [VRFC 10-311] analyzing module floating_point_div_carry_chain__parameterized1
INFO: [VRFC 10-311] analyzing module floating_point_div_carry_chain__parameterized2
INFO: [VRFC 10-311] analyzing module floating_point_div_carry_chain__parameterized3
INFO: [VRFC 10-311] analyzing module floating_point_div_delay
INFO: [VRFC 10-311] analyzing module floating_point_div_delay_11
INFO: [VRFC 10-311] analyzing module floating_point_div_delay_13
INFO: [VRFC 10-311] analyzing module floating_point_div_delay_15
INFO: [VRFC 10-311] analyzing module floating_point_div_delay_17
INFO: [VRFC 10-311] analyzing module floating_point_div_delay_19
INFO: [VRFC 10-311] analyzing module floating_point_div_delay_21
INFO: [VRFC 10-311] analyzing module floating_point_div_delay_23
INFO: [VRFC 10-311] analyzing module floating_point_div_delay_25
INFO: [VRFC 10-311] analyzing module floating_point_div_delay_27
INFO: [VRFC 10-311] analyzing module floating_point_div_delay_29
INFO: [VRFC 10-311] analyzing module floating_point_div_delay_31
INFO: [VRFC 10-311] analyzing module floating_point_div_delay_33
INFO: [VRFC 10-311] analyzing module floating_point_div_delay_35
INFO: [VRFC 10-311] analyzing module floating_point_div_delay_40
INFO: [VRFC 10-311] analyzing module floating_point_div_delay_43
INFO: [VRFC 10-311] analyzing module floating_point_div_delay_45
INFO: [VRFC 10-311] analyzing module floating_point_div_delay_47
INFO: [VRFC 10-311] analyzing module floating_point_div_delay_49
INFO: [VRFC 10-311] analyzing module floating_point_div_delay_5
INFO: [VRFC 10-311] analyzing module floating_point_div_delay_51
INFO: [VRFC 10-311] analyzing module floating_point_div_delay_53
INFO: [VRFC 10-311] analyzing module floating_point_div_delay_55
INFO: [VRFC 10-311] analyzing module floating_point_div_delay_7
INFO: [VRFC 10-311] analyzing module floating_point_div_delay_9
INFO: [VRFC 10-311] analyzing module floating_point_div_delay__parameterized10
INFO: [VRFC 10-311] analyzing module floating_point_div_delay__parameterized11
INFO: [VRFC 10-311] analyzing module floating_point_div_delay__parameterized12
INFO: [VRFC 10-311] analyzing module floating_point_div_delay__parameterized13
INFO: [VRFC 10-311] analyzing module floating_point_div_delay__parameterized14
INFO: [VRFC 10-311] analyzing module floating_point_div_delay__parameterized15
INFO: [VRFC 10-311] analyzing module floating_point_div_delay__parameterized16
INFO: [VRFC 10-311] analyzing module floating_point_div_delay__parameterized17
INFO: [VRFC 10-311] analyzing module floating_point_div_delay__parameterized18
INFO: [VRFC 10-311] analyzing module floating_point_div_delay__parameterized19
INFO: [VRFC 10-311] analyzing module floating_point_div_delay__parameterized2
INFO: [VRFC 10-311] analyzing module floating_point_div_delay__parameterized20
INFO: [VRFC 10-311] analyzing module floating_point_div_delay__parameterized21
INFO: [VRFC 10-311] analyzing module floating_point_div_delay__parameterized27
INFO: [VRFC 10-311] analyzing module floating_point_div_delay__parameterized27_0
INFO: [VRFC 10-311] analyzing module floating_point_div_delay__parameterized2_103
INFO: [VRFC 10-311] analyzing module floating_point_div_delay__parameterized2_107
INFO: [VRFC 10-311] analyzing module floating_point_div_delay__parameterized2_112
INFO: [VRFC 10-311] analyzing module floating_point_div_delay__parameterized2_116
INFO: [VRFC 10-311] analyzing module floating_point_div_delay__parameterized2_120
INFO: [VRFC 10-311] analyzing module floating_point_div_delay__parameterized2_124
INFO: [VRFC 10-311] analyzing module floating_point_div_delay__parameterized2_128
INFO: [VRFC 10-311] analyzing module floating_point_div_delay__parameterized2_132
INFO: [VRFC 10-311] analyzing module floating_point_div_delay__parameterized2_136
INFO: [VRFC 10-311] analyzing module floating_point_div_delay__parameterized2_140
INFO: [VRFC 10-311] analyzing module floating_point_div_delay__parameterized2_144
INFO: [VRFC 10-311] analyzing module floating_point_div_delay__parameterized2_148
INFO: [VRFC 10-311] analyzing module floating_point_div_delay__parameterized2_152
INFO: [VRFC 10-311] analyzing module floating_point_div_delay__parameterized2_156
INFO: [VRFC 10-311] analyzing module floating_point_div_delay__parameterized2_58
INFO: [VRFC 10-311] analyzing module floating_point_div_delay__parameterized2_62
INFO: [VRFC 10-311] analyzing module floating_point_div_delay__parameterized2_66
INFO: [VRFC 10-311] analyzing module floating_point_div_delay__parameterized2_70
INFO: [VRFC 10-311] analyzing module floating_point_div_delay__parameterized2_74
INFO: [VRFC 10-311] analyzing module floating_point_div_delay__parameterized2_78
INFO: [VRFC 10-311] analyzing module floating_point_div_delay__parameterized2_82
INFO: [VRFC 10-311] analyzing module floating_point_div_delay__parameterized2_86
INFO: [VRFC 10-311] analyzing module floating_point_div_delay__parameterized2_91
INFO: [VRFC 10-311] analyzing module floating_point_div_delay__parameterized2_95
INFO: [VRFC 10-311] analyzing module floating_point_div_delay__parameterized2_99
INFO: [VRFC 10-311] analyzing module floating_point_div_delay__parameterized3
INFO: [VRFC 10-311] analyzing module floating_point_div_delay__parameterized32
INFO: [VRFC 10-311] analyzing module floating_point_div_delay__parameterized32_1
INFO: [VRFC 10-311] analyzing module floating_point_div_delay__parameterized3_36
INFO: [VRFC 10-311] analyzing module floating_point_div_delay__parameterized3_38
INFO: [VRFC 10-311] analyzing module floating_point_div_delay__parameterized3_41
INFO: [VRFC 10-311] analyzing module floating_point_div_delay__parameterized6
INFO: [VRFC 10-311] analyzing module floating_point_div_delay__parameterized7
INFO: [VRFC 10-311] analyzing module floating_point_div_delay__parameterized7_165
INFO: [VRFC 10-311] analyzing module floating_point_div_delay__parameterized8
INFO: [VRFC 10-311] analyzing module floating_point_div_delay__parameterized8_160
INFO: [VRFC 10-311] analyzing module floating_point_div_delay__parameterized8_163
INFO: [VRFC 10-311] analyzing module floating_point_div_delay__parameterized8_164
INFO: [VRFC 10-311] analyzing module floating_point_div_delay__parameterized9
INFO: [VRFC 10-311] analyzing module floating_point_div_floating_point_v7_1_16_viv
INFO: [VRFC 10-311] analyzing module floating_point_div_flt_dec_op_lat
INFO: [VRFC 10-311] analyzing module floating_point_div_flt_div
INFO: [VRFC 10-311] analyzing module floating_point_div_flt_div_exp
INFO: [VRFC 10-311] analyzing module floating_point_div_flt_div_mant
INFO: [VRFC 10-311] analyzing module floating_point_div_flt_div_mant_addsub
INFO: [VRFC 10-311] analyzing module floating_point_div_flt_div_mant_addsub_10
INFO: [VRFC 10-311] analyzing module floating_point_div_flt_div_mant_addsub_12
INFO: [VRFC 10-311] analyzing module floating_point_div_flt_div_mant_addsub_14
INFO: [VRFC 10-311] analyzing module floating_point_div_flt_div_mant_addsub_16
INFO: [VRFC 10-311] analyzing module floating_point_div_flt_div_mant_addsub_18
INFO: [VRFC 10-311] analyzing module floating_point_div_flt_div_mant_addsub_20
INFO: [VRFC 10-311] analyzing module floating_point_div_flt_div_mant_addsub_22
INFO: [VRFC 10-311] analyzing module floating_point_div_flt_div_mant_addsub_24
INFO: [VRFC 10-311] analyzing module floating_point_div_flt_div_mant_addsub_26
INFO: [VRFC 10-311] analyzing module floating_point_div_flt_div_mant_addsub_28
INFO: [VRFC 10-311] analyzing module floating_point_div_flt_div_mant_addsub_30
INFO: [VRFC 10-311] analyzing module floating_point_div_flt_div_mant_addsub_32
INFO: [VRFC 10-311] analyzing module floating_point_div_flt_div_mant_addsub_34
INFO: [VRFC 10-311] analyzing module floating_point_div_flt_div_mant_addsub_37
INFO: [VRFC 10-311] analyzing module floating_point_div_flt_div_mant_addsub_39
INFO: [VRFC 10-311] analyzing module floating_point_div_flt_div_mant_addsub_4
INFO: [VRFC 10-311] analyzing module floating_point_div_flt_div_mant_addsub_42
INFO: [VRFC 10-311] analyzing module floating_point_div_flt_div_mant_addsub_44
INFO: [VRFC 10-311] analyzing module floating_point_div_flt_div_mant_addsub_46
INFO: [VRFC 10-311] analyzing module floating_point_div_flt_div_mant_addsub_48
INFO: [VRFC 10-311] analyzing module floating_point_div_flt_div_mant_addsub_50
INFO: [VRFC 10-311] analyzing module floating_point_div_flt_div_mant_addsub_52
INFO: [VRFC 10-311] analyzing module floating_point_div_flt_div_mant_addsub_54
INFO: [VRFC 10-311] analyzing module floating_point_div_flt_div_mant_addsub_6
INFO: [VRFC 10-311] analyzing module floating_point_div_flt_div_mant_addsub_8
INFO: [VRFC 10-311] analyzing module floating_point_div_flt_round_bit
INFO: [VRFC 10-311] analyzing module floating_point_div_renorm_and_round_logic
INFO: [VRFC 10-311] analyzing module floating_point_div_special_detect
INFO: [VRFC 10-311] analyzing module floating_point_div_special_detect_158
INFO: [VRFC 10-311] analyzing module floating_point_div_xbip_pipe_v3_0_7_viv
INFO: [VRFC 10-311] analyzing module floating_point_div_xbip_pipe_v3_0_7_viv__parameterized1
INFO: [VRFC 10-311] analyzing module floating_point_div_xbip_pipe_v3_0_7_viv__parameterized11
INFO: [VRFC 10-311] analyzing module floating_point_div_xbip_pipe_v3_0_7_viv__parameterized15
INFO: [VRFC 10-311] analyzing module floating_point_div_xbip_pipe_v3_0_7_viv__parameterized17
INFO: [VRFC 10-311] analyzing module floating_point_div_xbip_pipe_v3_0_7_viv__parameterized17_161
INFO: [VRFC 10-311] analyzing module floating_point_div_xbip_pipe_v3_0_7_viv__parameterized17_162
INFO: [VRFC 10-311] analyzing module floating_point_div_xbip_pipe_v3_0_7_viv__parameterized17_166
INFO: [VRFC 10-311] analyzing module floating_point_div_xbip_pipe_v3_0_7_viv__parameterized17_167
INFO: [VRFC 10-311] analyzing module floating_point_div_xbip_pipe_v3_0_7_viv__parameterized17_168
INFO: [VRFC 10-311] analyzing module floating_point_div_xbip_pipe_v3_0_7_viv__parameterized19
INFO: [VRFC 10-311] analyzing module floating_point_div_xbip_pipe_v3_0_7_viv__parameterized1_101
INFO: [VRFC 10-311] analyzing module floating_point_div_xbip_pipe_v3_0_7_viv__parameterized1_105
INFO: [VRFC 10-311] analyzing module floating_point_div_xbip_pipe_v3_0_7_viv__parameterized1_110
INFO: [VRFC 10-311] analyzing module floating_point_div_xbip_pipe_v3_0_7_viv__parameterized1_114
INFO: [VRFC 10-311] analyzing module floating_point_div_xbip_pipe_v3_0_7_viv__parameterized1_118
INFO: [VRFC 10-311] analyzing module floating_point_div_xbip_pipe_v3_0_7_viv__parameterized1_122
INFO: [VRFC 10-311] analyzing module floating_point_div_xbip_pipe_v3_0_7_viv__parameterized1_126
INFO: [VRFC 10-311] analyzing module floating_point_div_xbip_pipe_v3_0_7_viv__parameterized1_130
INFO: [VRFC 10-311] analyzing module floating_point_div_xbip_pipe_v3_0_7_viv__parameterized1_134
INFO: [VRFC 10-311] analyzing module floating_point_div_xbip_pipe_v3_0_7_viv__parameterized1_138
INFO: [VRFC 10-311] analyzing module floating_point_div_xbip_pipe_v3_0_7_viv__parameterized1_142
INFO: [VRFC 10-311] analyzing module floating_point_div_xbip_pipe_v3_0_7_viv__parameterized1_146
INFO: [VRFC 10-311] analyzing module floating_point_div_xbip_pipe_v3_0_7_viv__parameterized1_150
INFO: [VRFC 10-311] analyzing module floating_point_div_xbip_pipe_v3_0_7_viv__parameterized1_154
INFO: [VRFC 10-311] analyzing module floating_point_div_xbip_pipe_v3_0_7_viv__parameterized1_56
INFO: [VRFC 10-311] analyzing module floating_point_div_xbip_pipe_v3_0_7_viv__parameterized1_60
INFO: [VRFC 10-311] analyzing module floating_point_div_xbip_pipe_v3_0_7_viv__parameterized1_64
INFO: [VRFC 10-311] analyzing module floating_point_div_xbip_pipe_v3_0_7_viv__parameterized1_68
INFO: [VRFC 10-311] analyzing module floating_point_div_xbip_pipe_v3_0_7_viv__parameterized1_72
INFO: [VRFC 10-311] analyzing module floating_point_div_xbip_pipe_v3_0_7_viv__parameterized1_76
INFO: [VRFC 10-311] analyzing module floating_point_div_xbip_pipe_v3_0_7_viv__parameterized1_80
INFO: [VRFC 10-311] analyzing module floating_point_div_xbip_pipe_v3_0_7_viv__parameterized1_89
INFO: [VRFC 10-311] analyzing module floating_point_div_xbip_pipe_v3_0_7_viv__parameterized1_93
INFO: [VRFC 10-311] analyzing module floating_point_div_xbip_pipe_v3_0_7_viv__parameterized1_97
INFO: [VRFC 10-311] analyzing module floating_point_div_xbip_pipe_v3_0_7_viv__parameterized21
INFO: [VRFC 10-311] analyzing module floating_point_div_xbip_pipe_v3_0_7_viv__parameterized23
INFO: [VRFC 10-311] analyzing module floating_point_div_xbip_pipe_v3_0_7_viv__parameterized25
INFO: [VRFC 10-311] analyzing module floating_point_div_xbip_pipe_v3_0_7_viv__parameterized25_159
INFO: [VRFC 10-311] analyzing module floating_point_div_xbip_pipe_v3_0_7_viv__parameterized27
INFO: [VRFC 10-311] analyzing module floating_point_div_xbip_pipe_v3_0_7_viv__parameterized29
INFO: [VRFC 10-311] analyzing module floating_point_div_xbip_pipe_v3_0_7_viv__parameterized31
INFO: [VRFC 10-311] analyzing module floating_point_div_xbip_pipe_v3_0_7_viv__parameterized33
INFO: [VRFC 10-311] analyzing module floating_point_div_xbip_pipe_v3_0_7_viv__parameterized35
INFO: [VRFC 10-311] analyzing module floating_point_div_xbip_pipe_v3_0_7_viv__parameterized37
INFO: [VRFC 10-311] analyzing module floating_point_div_xbip_pipe_v3_0_7_viv__parameterized39
INFO: [VRFC 10-311] analyzing module floating_point_div_xbip_pipe_v3_0_7_viv__parameterized49
INFO: [VRFC 10-311] analyzing module floating_point_div_xbip_pipe_v3_0_7_viv__parameterized49_3
INFO: [VRFC 10-311] analyzing module floating_point_div_xbip_pipe_v3_0_7_viv__parameterized57
INFO: [VRFC 10-311] analyzing module floating_point_div_xbip_pipe_v3_0_7_viv__parameterized57_2
INFO: [VRFC 10-311] analyzing module floating_point_div_xbip_pipe_v3_0_7_viv__parameterized7
INFO: [VRFC 10-311] analyzing module floating_point_div_xbip_pipe_v3_0_7_viv__parameterized7_100
INFO: [VRFC 10-311] analyzing module floating_point_div_xbip_pipe_v3_0_7_viv__parameterized7_104
INFO: [VRFC 10-311] analyzing module floating_point_div_xbip_pipe_v3_0_7_viv__parameterized7_108
INFO: [VRFC 10-311] analyzing module floating_point_div_xbip_pipe_v3_0_7_viv__parameterized7_113
INFO: [VRFC 10-311] analyzing module floating_point_div_xbip_pipe_v3_0_7_viv__parameterized7_117
INFO: [VRFC 10-311] analyzing module floating_point_div_xbip_pipe_v3_0_7_viv__parameterized7_121
INFO: [VRFC 10-311] analyzing module floating_point_div_xbip_pipe_v3_0_7_viv__parameterized7_125
INFO: [VRFC 10-311] analyzing module floating_point_div_xbip_pipe_v3_0_7_viv__parameterized7_129
INFO: [VRFC 10-311] analyzing module floating_point_div_xbip_pipe_v3_0_7_viv__parameterized7_133
INFO: [VRFC 10-311] analyzing module floating_point_div_xbip_pipe_v3_0_7_viv__parameterized7_137
INFO: [VRFC 10-311] analyzing module floating_point_div_xbip_pipe_v3_0_7_viv__parameterized7_141
INFO: [VRFC 10-311] analyzing module floating_point_div_xbip_pipe_v3_0_7_viv__parameterized7_145
INFO: [VRFC 10-311] analyzing module floating_point_div_xbip_pipe_v3_0_7_viv__parameterized7_149
INFO: [VRFC 10-311] analyzing module floating_point_div_xbip_pipe_v3_0_7_viv__parameterized7_153
INFO: [VRFC 10-311] analyzing module floating_point_div_xbip_pipe_v3_0_7_viv__parameterized7_157
INFO: [VRFC 10-311] analyzing module floating_point_div_xbip_pipe_v3_0_7_viv__parameterized7_59
INFO: [VRFC 10-311] analyzing module floating_point_div_xbip_pipe_v3_0_7_viv__parameterized7_63
INFO: [VRFC 10-311] analyzing module floating_point_div_xbip_pipe_v3_0_7_viv__parameterized7_67
INFO: [VRFC 10-311] analyzing module floating_point_div_xbip_pipe_v3_0_7_viv__parameterized7_71
INFO: [VRFC 10-311] analyzing module floating_point_div_xbip_pipe_v3_0_7_viv__parameterized7_75
INFO: [VRFC 10-311] analyzing module floating_point_div_xbip_pipe_v3_0_7_viv__parameterized7_79
INFO: [VRFC 10-311] analyzing module floating_point_div_xbip_pipe_v3_0_7_viv__parameterized7_83
INFO: [VRFC 10-311] analyzing module floating_point_div_xbip_pipe_v3_0_7_viv__parameterized7_87
INFO: [VRFC 10-311] analyzing module floating_point_div_xbip_pipe_v3_0_7_viv__parameterized7_92
INFO: [VRFC 10-311] analyzing module floating_point_div_xbip_pipe_v3_0_7_viv__parameterized7_96
INFO: [VRFC 10-311] analyzing module floating_point_div_xbip_pipe_v3_0_7_viv__parameterized9
INFO: [VRFC 10-311] analyzing module floating_point_div_xbip_pipe_v3_0_7_viv__parameterized9_109
INFO: [VRFC 10-311] analyzing module floating_point_div_xbip_pipe_v3_0_7_viv__parameterized9_84
INFO: [VRFC 10-311] analyzing module floating_point_div_xbip_pipe_v3_0_7_viv__parameterized9_88
INFO: [VRFC 10-311] analyzing module glbl
WARNING: [VRFC 10-3609] overwriting previous definition of module 'glbl' [/home/vinhphat-josh/Repos/Chaos_Based_Symmetric_Image_Encryption/vivado/Chaos_Based_Symmetric_Image_Encryption/Chaos_Based_Symmetric_Image_Encryption.gen/sources_1/ip/floating_point_div/floating_point_div_sim_netlist.v:28953]
INFO: [VRFC 10-2263] Analyzing Verilog file "/home/vinhphat-josh/Repos/Chaos_Based_Symmetric_Image_Encryption/vivado/Chaos_Based_Symmetric_Image_Encryption/Chaos_Based_Symmetric_Image_Encryption.gen/sources_1/ip/floating_point_add/floating_point_add_sim_netlist.v" into library xil_defaultlib
INFO: [VRFC 10-311] analyzing module floating_point_add
INFO: [VRFC 10-311] analyzing module floating_point_add_floating_point_v7_1_16
INFO: [VRFC 10-311] analyzing module floating_point_add_align_add_dsp48e1_sgl
INFO: [VRFC 10-311] analyzing module floating_point_add_carry_chain
INFO: [VRFC 10-311] analyzing module floating_point_add_carry_chain__parameterized0
INFO: [VRFC 10-311] analyzing module floating_point_add_carry_chain__parameterized1
INFO: [VRFC 10-311] analyzing module floating_point_add_carry_chain__parameterized1_20
INFO: [VRFC 10-311] analyzing module floating_point_add_carry_chain__parameterized2
INFO: [VRFC 10-311] analyzing module floating_point_add_carry_chain__parameterized3
INFO: [VRFC 10-311] analyzing module floating_point_add_carry_chain__parameterized3_9
INFO: [VRFC 10-311] analyzing module floating_point_add_compare
INFO: [VRFC 10-311] analyzing module floating_point_add_compare_eq_im
INFO: [VRFC 10-311] analyzing module floating_point_add_compare_eq_im__parameterized0
INFO: [VRFC 10-311] analyzing module floating_point_add_compare_eq_im__parameterized0_19
INFO: [VRFC 10-311] analyzing module floating_point_add_compare_gt
INFO: [VRFC 10-311] analyzing module floating_point_add_delay
INFO: [VRFC 10-311] analyzing module floating_point_add_delay_0
INFO: [VRFC 10-311] analyzing module floating_point_add_delay__parameterized1
INFO: [VRFC 10-311] analyzing module floating_point_add_delay__parameterized13
INFO: [VRFC 10-311] analyzing module floating_point_add_delay__parameterized16
INFO: [VRFC 10-311] analyzing module floating_point_add_delay__parameterized17
INFO: [VRFC 10-311] analyzing module floating_point_add_delay__parameterized18
INFO: [VRFC 10-311] analyzing module floating_point_add_delay__parameterized19
INFO: [VRFC 10-311] analyzing module floating_point_add_delay__parameterized20
INFO: [VRFC 10-311] analyzing module floating_point_add_delay__parameterized23
INFO: [VRFC 10-311] analyzing module floating_point_add_delay__parameterized23_13
INFO: [VRFC 10-311] analyzing module floating_point_add_delay__parameterized23_14
INFO: [VRFC 10-311] analyzing module floating_point_add_delay__parameterized23_17
INFO: [VRFC 10-311] analyzing module floating_point_add_delay__parameterized23_18
INFO: [VRFC 10-311] analyzing module floating_point_add_delay__parameterized25
INFO: [VRFC 10-311] analyzing module floating_point_add_delay__parameterized25_4
INFO: [VRFC 10-311] analyzing module floating_point_add_delay__parameterized27
INFO: [VRFC 10-311] analyzing module floating_point_add_delay__parameterized27_10
INFO: [VRFC 10-311] analyzing module floating_point_add_delay__parameterized28
INFO: [VRFC 10-311] analyzing module floating_point_add_delay__parameterized29
INFO: [VRFC 10-311] analyzing module floating_point_add_delay__parameterized30
INFO: [VRFC 10-311] analyzing module floating_point_add_delay__parameterized31
INFO: [VRFC 10-311] analyzing module floating_point_add_delay__parameterized32
INFO: [VRFC 10-311] analyzing module floating_point_add_delay__parameterized33
INFO: [VRFC 10-311] analyzing module floating_point_add_delay__parameterized33_7
INFO: [VRFC 10-311] analyzing module floating_point_add_delay__parameterized34
INFO: [VRFC 10-311] analyzing module floating_point_add_delay__parameterized36
INFO: [VRFC 10-311] analyzing module floating_point_add_delay__parameterized5
INFO: [VRFC 10-311] analyzing module floating_point_add_delay__parameterized5_28
INFO: [VRFC 10-311] analyzing module floating_point_add_delay__parameterized6
INFO: [VRFC 10-311] analyzing module floating_point_add_delay__parameterized6_1
INFO: [VRFC 10-311] analyzing module floating_point_add_delay__parameterized6_27
INFO: [VRFC 10-311] analyzing module floating_point_add_delay__parameterized6_3
INFO: [VRFC 10-311] analyzing module floating_point_add_delay__parameterized6_30
INFO: [VRFC 10-311] analyzing module floating_point_add_delay__parameterized6_5
INFO: [VRFC 10-311] analyzing module floating_point_add_delay__parameterized6_8
INFO: [VRFC 10-311] analyzing module floating_point_add_delay__parameterized7
INFO: [VRFC 10-311] analyzing module floating_point_add_delay__parameterized7_29
INFO: [VRFC 10-311] analyzing module floating_point_add_delay__parameterized7_31
INFO: [VRFC 10-311] analyzing module floating_point_add_delay__parameterized7_32
INFO: [VRFC 10-311] analyzing module floating_point_add_dsp48e1_wrapper
INFO: [VRFC 10-311] analyzing module floating_point_add_dsp48e1_wrapper__parameterized0
INFO: [VRFC 10-311] analyzing module floating_point_add_floating_point_v7_1_16_viv
INFO: [VRFC 10-311] analyzing module floating_point_add_flt_add
INFO: [VRFC 10-311] analyzing module floating_point_add_flt_add_dsp
INFO: [VRFC 10-311] analyzing module floating_point_add_flt_add_exp_sp
INFO: [VRFC 10-311] analyzing module floating_point_add_flt_dec_op
INFO: [VRFC 10-311] analyzing module floating_point_add_lead_zero_encode_shift
INFO: [VRFC 10-311] analyzing module floating_point_add_norm_and_round_dsp48e1_sgl
INFO: [VRFC 10-311] analyzing module floating_point_add_special_detect
INFO: [VRFC 10-311] analyzing module floating_point_add_special_detect_6
INFO: [VRFC 10-311] analyzing module floating_point_add_xbip_pipe_v3_0_7_viv
INFO: [VRFC 10-311] analyzing module floating_point_add_xbip_pipe_v3_0_7_viv__parameterized1
INFO: [VRFC 10-311] analyzing module floating_point_add_xbip_pipe_v3_0_7_viv__parameterized11
INFO: [VRFC 10-311] analyzing module floating_point_add_xbip_pipe_v3_0_7_viv__parameterized11_11
INFO: [VRFC 10-311] analyzing module floating_point_add_xbip_pipe_v3_0_7_viv__parameterized11_2
INFO: [VRFC 10-311] analyzing module floating_point_add_xbip_pipe_v3_0_7_viv__parameterized11_23
INFO: [VRFC 10-311] analyzing module floating_point_add_xbip_pipe_v3_0_7_viv__parameterized11_25
INFO: [VRFC 10-311] analyzing module floating_point_add_xbip_pipe_v3_0_7_viv__parameterized11_35
INFO: [VRFC 10-311] analyzing module floating_point_add_xbip_pipe_v3_0_7_viv__parameterized11_38
INFO: [VRFC 10-311] analyzing module floating_point_add_xbip_pipe_v3_0_7_viv__parameterized13
INFO: [VRFC 10-311] analyzing module floating_point_add_xbip_pipe_v3_0_7_viv__parameterized13_33
INFO: [VRFC 10-311] analyzing module floating_point_add_xbip_pipe_v3_0_7_viv__parameterized13_34
INFO: [VRFC 10-311] analyzing module floating_point_add_xbip_pipe_v3_0_7_viv__parameterized13_36
INFO: [VRFC 10-311] analyzing module floating_point_add_xbip_pipe_v3_0_7_viv__parameterized1_39
INFO: [VRFC 10-311] analyzing module floating_point_add_xbip_pipe_v3_0_7_viv__parameterized23
INFO: [VRFC 10-311] analyzing module floating_point_add_xbip_pipe_v3_0_7_viv__parameterized29
INFO: [VRFC 10-311] analyzing module floating_point_add_xbip_pipe_v3_0_7_viv__parameterized31
INFO: [VRFC 10-311] analyzing module floating_point_add_xbip_pipe_v3_0_7_viv__parameterized33
INFO: [VRFC 10-311] analyzing module floating_point_add_xbip_pipe_v3_0_7_viv__parameterized35
INFO: [VRFC 10-311] analyzing module floating_point_add_xbip_pipe_v3_0_7_viv__parameterized37
INFO: [VRFC 10-311] analyzing module floating_point_add_xbip_pipe_v3_0_7_viv__parameterized41
INFO: [VRFC 10-311] analyzing module floating_point_add_xbip_pipe_v3_0_7_viv__parameterized41_15
INFO: [VRFC 10-311] analyzing module floating_point_add_xbip_pipe_v3_0_7_viv__parameterized41_16
INFO: [VRFC 10-311] analyzing module floating_point_add_xbip_pipe_v3_0_7_viv__parameterized41_21
INFO: [VRFC 10-311] analyzing module floating_point_add_xbip_pipe_v3_0_7_viv__parameterized41_22
INFO: [VRFC 10-311] analyzing module floating_point_add_xbip_pipe_v3_0_7_viv__parameterized43
INFO: [VRFC 10-311] analyzing module floating_point_add_xbip_pipe_v3_0_7_viv__parameterized43_26
INFO: [VRFC 10-311] analyzing module floating_point_add_xbip_pipe_v3_0_7_viv__parameterized47
INFO: [VRFC 10-311] analyzing module floating_point_add_xbip_pipe_v3_0_7_viv__parameterized47_24
INFO: [VRFC 10-311] analyzing module floating_point_add_xbip_pipe_v3_0_7_viv__parameterized49
INFO: [VRFC 10-311] analyzing module floating_point_add_xbip_pipe_v3_0_7_viv__parameterized5
INFO: [VRFC 10-311] analyzing module floating_point_add_xbip_pipe_v3_0_7_viv__parameterized51
INFO: [VRFC 10-311] analyzing module floating_point_add_xbip_pipe_v3_0_7_viv__parameterized53
INFO: [VRFC 10-311] analyzing module floating_point_add_xbip_pipe_v3_0_7_viv__parameterized55
INFO: [VRFC 10-311] analyzing module floating_point_add_xbip_pipe_v3_0_7_viv__parameterized57
INFO: [VRFC 10-311] analyzing module floating_point_add_xbip_pipe_v3_0_7_viv__parameterized59
INFO: [VRFC 10-311] analyzing module floating_point_add_xbip_pipe_v3_0_7_viv__parameterized59_12
INFO: [VRFC 10-311] analyzing module floating_point_add_xbip_pipe_v3_0_7_viv__parameterized61
INFO: [VRFC 10-311] analyzing module floating_point_add_xbip_pipe_v3_0_7_viv__parameterized65
INFO: [VRFC 10-311] analyzing module floating_point_add_xbip_pipe_v3_0_7_viv__parameterized9
INFO: [VRFC 10-311] analyzing module floating_point_add_xbip_pipe_v3_0_7_viv__parameterized9_37
INFO: [VRFC 10-2263] Analyzing Verilog file "/home/vinhphat-josh/Repos/Chaos_Based_Symmetric_Image_Encryption/testbench/Crypto_Engine_tb.v" into library xil_defaultlib
INFO: [VRFC 10-311] analyzing module tb_crypto_engine_core
WARNING: [VRFC 10-3248] data object 'i' is already declared [/home/vinhphat-josh/Repos/Chaos_Based_Symmetric_Image_Encryption/testbench/Crypto_Engine_tb.v:112]
WARNING: [VRFC 10-9364] second declaration of 'i' is ignored [/home/vinhphat-josh/Repos/Chaos_Based_Symmetric_Image_Encryption/testbench/Crypto_Engine_tb.v:112]
INFO: [VRFC 10-2263] Analyzing Verilog file "/home/vinhphat-josh/Repos/Chaos_Based_Symmetric_Image_Encryption/testbench/CTR_mode_feistel_decrypt_tb.v" into library xil_defaultlib
INFO: [VRFC 10-311] analyzing module CTR_feistel_decrypt_tb
INFO: [VRFC 10-2263] Analyzing Verilog file "/home/vinhphat-josh/Repos/Chaos_Based_Symmetric_Image_Encryption/testbench/CTR_mode_feistel_encrypt_tb.v" into library xil_defaultlib
INFO: [VRFC 10-311] analyzing module CTR_feistel_encrypt_tb
INFO: [VRFC 10-2263] Analyzing Verilog file "/home/vinhphat-josh/Repos/Chaos_Based_Symmetric_Image_Encryption/testbench/F_tb.v" into library xil_defaultlib
INFO: [VRFC 10-311] analyzing module F_tb
INFO: [VRFC 10-2263] Analyzing Verilog file "/home/vinhphat-josh/Repos/Chaos_Based_Symmetric_Image_Encryption/testbench/PRNG_tb.v" into library xil_defaultlib
INFO: [VRFC 10-311] analyzing module PRNG_tb
INFO: [VRFC 10-2263] Analyzing Verilog file "/home/vinhphat-josh/Repos/Chaos_Based_Symmetric_Image_Encryption/testbench/affine_transform_tb.v" into library xil_defaultlib
INFO: [VRFC 10-311] analyzing module affine_transform_tb
INFO: [VRFC 10-2263] Analyzing Verilog file "/home/vinhphat-josh/Repos/Chaos_Based_Symmetric_Image_Encryption/testbench/extractor_tb.v" into library xil_defaultlib
INFO: [VRFC 10-311] analyzing module extractor_tb
INFO: [VRFC 10-2263] Analyzing Verilog file "/home/vinhphat-josh/Repos/Chaos_Based_Symmetric_Image_Encryption/testbench/feistel_encrypt_tb.v" into library xil_defaultlib
INFO: [VRFC 10-311] analyzing module feistel_encrypt_tb
INFO: [VRFC 10-2263] Analyzing Verilog file "/home/vinhphat-josh/Repos/Chaos_Based_Symmetric_Image_Encryption/testbench/key_generator_tb.v" into library xil_defaultlib
INFO: [VRFC 10-311] analyzing module key_generator_tb
INFO: [VRFC 10-2263] Analyzing Verilog file "/home/vinhphat-josh/Repos/Chaos_Based_Symmetric_Image_Encryption/testbench/key_schedule_5r_tb.v" into library xil_defaultlib
INFO: [VRFC 10-311] analyzing module key_schedule_5r_tb
INFO: [VRFC 10-2263] Analyzing Verilog file "/home/vinhphat-josh/Repos/Chaos_Based_Symmetric_Image_Encryption/testbench/mixcolumns_tb.v" into library xil_defaultlib
INFO: [VRFC 10-311] analyzing module mixcolumns_tb
INFO: [VRFC 10-2263] Analyzing Verilog file "/home/vinhphat-josh/Repos/Chaos_Based_Symmetric_Image_Encryption/testbench/sawtooth_tb.v" into library xil_defaultlib
INFO: [VRFC 10-311] analyzing module sawtooth_tb
INFO: [VRFC 10-2263] Analyzing Verilog file "/home/vinhphat-josh/Repos/Chaos_Based_Symmetric_Image_Encryption/testbench/sbox_generator_tb.v" into library xil_defaultlib
INFO: [VRFC 10-311] analyzing module tb_sbox_generator
INFO: [VRFC 10-2263] Analyzing Verilog file "/home/vinhphat-josh/Repos/Chaos_Based_Symmetric_Image_Encryption/testbench/sbox_tb.v" into library xil_defaultlib
INFO: [VRFC 10-311] analyzing module sbox_tb
INFO: [VRFC 10-2263] Analyzing Verilog file "/home/vinhphat-josh/Repos/Chaos_Based_Symmetric_Image_Encryption/testbench/shiftrows_tb.v" into library xil_defaultlib
INFO: [VRFC 10-311] analyzing module shiftrows_tb
INFO: [VRFC 10-2263] Analyzing Verilog file "/home/vinhphat-josh/Repos/Chaos_Based_Symmetric_Image_Encryption/testbench/subbytes_tb.v" into library xil_defaultlib
INFO: [VRFC 10-311] analyzing module subbytes_tb
INFO: [VRFC 10-2263] Analyzing Verilog file "/home/vinhphat-josh/Repos/Chaos_Based_Symmetric_Image_Encryption/testbench/top_tb.v" into library xil_defaultlib
INFO: [VRFC 10-311] analyzing module top_tb
INFO: [VRFC 10-2263] Analyzing Verilog file "/home/vinhphat-josh/Repos/Chaos_Based_Symmetric_Image_Encryption/testbench/IP_test.v" into library xil_defaultlib
INFO: [VRFC 10-311] analyzing module tb_crypto_axi
